source,target,weight,type
u130,u069,1,directed
u169,u287,1,directed
u035,u212,1,directed
u080,u152,1,directed
u392,u247,3,directed
u225,u036,0.5,undirected
u018,u090,0.5,undirected
u286,u225,0.5,undirected
u118,u176,1,directed
u048,u158,0.5,undirected
u255,u038,1,directed
u119,u258,1,directed
u158,u407,1,directed
u018,u407,1,directed
u361,u341,3,directed
u239,u016,1,directed
u035,u081,1,directed
u028,u101,1,directed
u396,u380,1,directed
u225,u160,1,directed
u372,u225,1,directed
u293,u181,1,directed
u276,u090,1,directed
u139,u111,1,directed
u333,u097,1,directed
u214,u152,0.5,undirected
u058,u119,1,directed
u095,u073,1,directed
u007,u229,1,directed
u252,u324,1,directed
u308,u405,3,directed
u387,u364,1,directed
u343,u367,0.5,undirected
u416,u245,3,directed
u279,u035,1,directed
u216,u119,0.5,undirected
u051,u100,3,directed
u027,u276,1,directed
u131,u275,1,directed
u250,u297,0.5,undirected
u141,u171,0.5,undirected
u333,u381,3,directed
u081,u410,0.5,undirected
u395,u162,0.5,undirected
u111,u089,3,directed
u158,u289,1,directed
u169,u249,1,directed
u007,u046,1,directed
u184,u379,1,directed
u069,u112,3,directed
u295,u076,1,directed
u251,u114,0.5,undirected
u190,u242,1,directed
u158,u294,1,directed
u225,u293,3,directed
u007,u288,1,directed
u381,u007,1,directed
u011,u290,1,directed
u366,u194,1,directed
u197,u009,1,directed
u392,u171,1,directed
u326,u261,1,directed
u048,u158,1,directed
u239,u392,1,directed
u069,u008,1,directed
u152,u007,1,directed
u081,u058,1,directed
u064,u333,1,directed
u158,u387,0.5,undirected
u018,u231,1,directed
u158,u380,1,directed
u364,u158,1,directed
u007,u152,1,directed
u250,u158,0.5,undirected
u217,u233,1,directed
u158,u048,0.5,undirected
u081,u077,1,directed
u323,u193,3,directed
u157,u189,1,directed
u171,u367,3,directed
u389,u225,1,directed
u413,u211,1,directed
u036,u289,1,directed
u353,u310,1,directed
u287,u001,3,directed
u276,u018,1,directed
u331,u069,3,directed
u018,u324,1,directed
u133,u169,3,directed
u239,u387,1,directed
u139,u288,0.5,undirected
u008,u121,0.5,undirected
u154,u018,1,directed
u095,u069,3,directed
u157,u141,3,directed
u055,u153,3,directed
u389,u158,1,directed
u198,u259,1,directed
u387,u380,3,directed
u380,u225,3,directed
u408,u025,1,directed
u319,u341,1,directed
u293,u233,1,directed
u200,u384,1,directed
u123,u232,0.5,undirected
u237,u223,1,directed
u261,u319,1,directed
u069,u336,1,directed
u065,u331,1,directed
u090,u061,1,directed
u273,u225,3,directed
u006,u043,3,directed
u277,u255,1,directed
u081,u041,1,directed
u389,u148,0.5,undirected
u343,u081,3,directed
u377,u069,1,directed
u398,u228,1,directed
u105,u027,1,directed
u410,u277,1,directed
u293,u289,0.5,undirected
u176,u089,1,directed
u018,u198,3,directed
u278,u007,3,directed
u008,u069,1,directed
u397,u375,3,directed
u020,u080,3,directed
u081,u392,0.5,undirected
u086,u018,0.5,undirected
u384,u156,1,directed
u073,u262,0.5,undirected
u226,u018,1,directed
u046,u119,0.5,undirected
u353,u069,1,directed
u014,u333,1,directed
u046,u007,3,directed
u374,u000,0.5,undirected
u067,u158,1,directed
u330,u216,1,directed
u212,u121,1,directed
u237,u112,3,directed
u018,u257,1,directed
u253,u121,1,directed
u251,u367,1,directed
u242,u076,3,directed
u276,u175,1,directed
u391,u018,1,directed
u090,u391,1,directed
u299,u324,3,directed
u069,u253,1,directed
u164,u242,3,directed
u380,u386,3,directed
u326,u234,1,directed
u343,u237,0.5,undirected
u195,u380,1,directed
u402,u115,1,directed
u018,u242,0.5,undirected
u165,u069,0.5,undirected
u018,u069,1,directed
u289,u225,0.5,undirected
u330,u007,1,directed
u081,u171,1,directed
u176,u111,1,directed
u119,u007,0.5,undirected
u081,u255,1,directed
u412,u344,1,directed
u387,u259,0.5,undirected
u225,u415,3,directed
u094,u018,0.5,undirected
u175,u018,0.5,undirected
u018,u200,1,directed
u347,u276,1,directed
u081,u197,1,directed
u201,u043,3,directed
u070,u284,1,directed
u171,u115,1,directed
u171,u081,0.5,undirected
u231,u257,1,directed
u145,u416,1,directed
u225,u135,3,directed
u380,u018,1,directed
u158,u085,3,directed
u046,u365,1,directed
u136,u081,0.5,undirected
u286,u255,3,directed
u372,u116,0.5,undirected
u333,u051,1,directed
u372,u093,1,directed
u316,u225,1,directed
u288,u216,3,directed
u400,u158,0.5,undirected
u170,u275,3,directed
u384,u117,1,directed
u379,u276,3,directed
u081,u016,1,directed
u375,u144,1,directed
u081,u043,1,directed
u018,u175,3,directed
u005,u200,1,directed
u119,u087,0.5,undirected
u008,u197,0.5,undirected
u065,u324,1,directed
u233,u416,1,directed
u387,u008,1,directed
u251,u141,3,directed
u341,u021,1,directed
u202,u134,1,directed
u125,u333,1,directed
u410,u081,3,directed
u333,u007,3,directed
u251,u255,1,directed
u135,u166,1,directed
u221,u324,0.5,undirected
u051,u119,0.5,undirected
u387,u117,1,directed
u230,u392,0.5,undirected
u354,u179,1,directed
u282,u386,1,directed
u380,u148,1,directed
u324,u221,1,directed
u332,u262,1,directed
u081,u392,1,directed
u251,u012,1,directed
u282,u158,1,directed
u158,u387,1,directed
u410,u171,0.5,undirected
u313,u044,1,directed
u018,u339,1,directed
u117,u389,1,directed
u018,u332,3,directed
u017,u121,1,directed
u046,u272,0.5,undirected
u052,u043,1,directed
u185,u293,1,directed
u152,u250,3,directed
u152,u333,1,directed
u069,u008,1,directed
u225,u293,3,directed
u026,u404,1,directed
u002,u174,3,directed
u213,u202,0.5,undirected
u396,u412,0.5,undirected
u406,u016,3,directed
u007,u381,1,directed
u018,u384,1,directed
u119,u151,1,directed
u120,u416,3,directed
u094,u136,1,directed
u052,u333,0.5,undirected
u379,u018,1,directed
u412,u270,0.5,undirected
u337,u070,3,directed
u015,u119,1,directed
u271,u223,1,directed
u225,u289,1,directed
u124,u090,0.5,undirected
u324,u133,1,directed
u409,u221,0.5,undirected
u018,u224,0.5,undirected
u310,u353,0.5,undirected
u128,u176,0.5,undirected
u018,u076,1,directed
u062,u380,1,directed
u255,u410,0.5,undirected
u251,u119,1,directed
u359,u119,3,directed
u141,u251,1,directed
u111,u069,1,directed
u160,u273,3,directed
u065,u008,1,directed
u176,u208,1,directed
u327,u153,1,directed
u090,u031,1,directed
u381,u052,1,directed
u200,u018,1,directed
u396,u331,0.5,undirected
u287,u027,3,directed
u403,u197,1,directed
u081,u040,3,directed
u410,u225,1,directed
u069,u018,1,directed
u152,u354,3,directed
u324,u164,0.5,undirected
u279,u418,1,directed
u301,u081,1,directed
u212,u108,1,directed
u147,u079,0.5,undirected
u351,u193,0.5,undirected
u069,u356,1,directed
u297,u046,1,directed
u018,u044,1,directed
u410,u171,1,directed
u018,u224,1,directed
u152,u268,1,directed
u082,u225,1,directed
u112,u069,3,directed
u387,u380,1,directed
u387,u193,3,directed
u255,u012,1,directed
u393,u016,1,directed
u159,u105,0.5,undirected
u232,u257,1,directed
u069,u356,1,directed
u044,u333,1,directed
u007,u288,1,directed
u076,u276,0.5,undirected
u204,u380,3,directed
u196,u069,1,directed
u018,u324,3,directed
u160,u325,0.5,undirected
u043,u157,3,directed
u367,u255,3,directed
u114,u171,1,directed
u391,u018,0.5,undirected
u119,u064,3,directed
u276,u018,1,directed
u121,u017,1,directed
u200,u115,1,directed
u319,u380,1,directed
u101,u236,3,directed
u069,u310,3,directed
u380,u158,1,directed
u019,u018,1,directed
u171,u141,1,directed
u341,u293,1,directed
u295,u018,1,directed
u016,u189,1,directed
u277,u329,1,directed
u289,u225,3,directed
u018,u200,0.5,undirected
u111,u069,1,directed
u052,u214,1,directed
u081,u016,1,directed
u392,u171,0.5,undirected
u380,u282,1,directed
u324,u018,3,directed
u018,u324,0.5,undirected
u158,u110,1,directed
u035,u081,1,directed
u318,u333,0.5,undirected
u072,u069,1,directed
u018,u187,1,directed
u116,u323,1,directed
u324,u122,1,directed
u324,u018,0.5,undirected
u272,u069,1,directed
u369,u123,1,directed
u362,u169,1,directed
u250,u225,0.5,undirected
u176,u134,1,directed
u276,u018,1,directed
u323,u148,1,directed
u245,u193,3,directed
u225,u273,1,directed
u321,u293,0.5,undirected
u081,u171,0.5,undirected
u225,u372,1,directed
u255,u239,3,directed
u124,u384,1,directed
u260,u364,0.5,undirected
u227,u367,1,directed
u158,u147,1,directed
u018,u109,1,directed
u121,u069,0.5,undirected
u157,u081,1,directed
u237,u375,1,directed
u121,u069,1,directed
u333,u396,1,directed
u116,u324,3,directed
u354,u149,1,directed
u354,u049,1,directed
u251,u255,0.5,undirected
u293,u289,1,directed
u301,u141,1,directed
u121,u072,1,directed
u282,u387,0.5,undirected
u018,u115,3,directed
u007,u372,1,directed
u141,u171,1,directed
u230,u410,1,directed
u007,u096,1,directed
u382,u409,1,directed
u225,u237,1,directed
u317,u225,1,directed
u018,u245,1,directed
u408,u366,1,directed
u341,u036,1,directed
u375,u348,1,directed
u113,u255,0.5,undirected
u225,u319,1,directed
u276,u372,1,directed
u236,u155,3,directed
u136,u324,1,directed
u028,u236,1,directed
u158,u387,1,directed
u100,u224,0.5,undirected
u287,u316,0.5,undirected
u035,u016,1,directed
u277,u203,1,directed
u410,u367,1,directed
u226,u341,3,directed
u386,u158,3,directed
u293,u225,0.5,undirected
u324,u154,1,directed
u121,u284,1,directed
u293,u350,1,directed
u071,u393,1,directed
u003,u018,1,directed
u072,u338,3,directed
u354,u046,0.5,undirected
u014,u386,1,directed
u105,u362,1,directed
u378,u315,3,directed
u190,u392,1,directed
u135,u341,1,directed
u007,u014,0.5,undirected
u075,u302,1,directed
u186,u225,1,directed
u014,u152,1,directed
u108,u399,1,directed
u081,u300,1,directed
u408,u280,1,directed
u064,u052,1,directed
u394,u079,1,directed
u149,u158,3,directed
u371,u111,1,directed
u252,u200,1,directed
u158,u369,3,directed
u060,u068,0.5,undirected
u007,u318,3,directed
u317,u293,0.5,undirected
u110,u048,3,directed
u233,u169,1,directed
u341,u293,1,directed
u221,u164,1,directed
u133,u284,3,directed
u158,u380,3,directed
u124,u137,0.5,undirected
u174,u111,1,directed
u379,u352,1,directed
u084,u111,3,directed
u387,u158,0.5,undirected
u197,u259,1,directed
u378,u069,1,directed
u289,u036,0.5,undirected
u407,u380,1,directed
u225,u355,1,directed
u222,u308,0.5,undirected
u007,u119,0.5,undirected
u018,u391,1,directed
u225,u272,0.5,undirected
u307,u288,0.5,undirected
u062,u386,0.5,undirected
u287,u366,3,directed
u033,u119,3,directed
u325,u005,1,directed
u294,u380,3,directed
u081,u069,1,directed
u170,u393,0.5,undirected
u318,u216,1,directed
u158,u193,1,directed
u395,u341,1,directed
u047,u198,1,directed
u191,u142,0.5,undirected
u018,u200,1,directed
u223,u344,1,directed
u280,u244,1,directed
u259,u069,1,directed
u188,u069,3,directed
u293,u415,3,directed
u018,u232,1,directed
u081,u410,1,directed
u098,u026,1,directed
u225,u160,1,directed
u016,u277,1,directed
u145,u385,1,directed
u069,u281,1,directed
u007,u288,3,directed
u043,u327,1,directed
u234,u133,1,directed
u323,u010,1,directed
u058,u410,3,directed
u171,u277,3,directed
u119,u007,1,directed
u123,u076,0.5,undirected
u001,u127,1,directed
u353,u095,1,directed
u035,u081,1,directed
u255,u392,0.5,undirected
u197,u212,3,directed
u075,u341,3,directed
u158,u387,3,directed
u233,u398,1,directed
u149,u410,1,directed
u361,u225,3,directed
u293,u082,1,directed
u149,u268,1,directed
u018,u153,3,directed
u250,u333,0.5,undirected
u160,u087,1,directed
u277,u410,0.5,undirected
u357,u087,1,directed
u147,u110,1,directed
u130,u208,0.5,undirected
u018,u299,3,directed
u115,u018,1,directed
u341,u160,1,directed
u225,u185,1,directed
u387,u133,1,directed
u067,u380,1,directed
u061,u339,0.5,undirected
u060,u387,1,directed
u250,u308,0.5,undirected
u081,u090,1,directed
u018,u083,1,directed
u171,u038,1,directed
u176,u130,0.5,undirected
u380,u062,1,directed
u092,u160,1,directed
u018,u115,1,directed
u232,u386,1,directed
u198,u034,1,directed
u171,u410,3,directed
u042,u250,1,directed
u101,u028,3,directed
u238,u377,3,directed
u273,u289,3,directed
u255,u141,1,directed
u372,u018,0.5,undirected
u251,u255,1,directed
u164,u102,0.5,undirected
u102,u343,1,directed
u115,u018,1,directed
u060,u195,1,directed
u141,u293,3,directed
u070,u069,1,directed
u114,u081,0.5,undirected
u302,u160,1,directed
u282,u380,1,directed
u341,u319,3,directed
u171,u141,1,directed
u223,u121,0.5,undirected
u418,u081,3,directed
u061,u018,0.5,undirected
u324,u168,1,directed
u051,u381,3,directed
u018,u324,0.5,undirected
u066,u069,1,directed
u111,u253,1,directed
u160,u225,3,directed
u141,u171,1,directed
u356,u248,1,directed
u395,u319,3,directed
u119,u160,1,directed
u306,u372,1,directed
u119,u410,1,directed
u405,u119,1,directed
u296,u380,1,directed
u177,u417,3,directed
u368,u146,0.5,undirected
u234,u233,1,directed
u121,u111,3,directed
u115,u242,3,directed
u319,u104,3,directed
u107,u018,1,directed
u353,u069,1,directed
u162,u302,1,directed
u379,u094,1,directed
u011,u328,1,directed
u082,u160,0.5,undirected
u321,u029,1,directed
u018,u115,1,directed
u128,u272,0.5,undirected
u121,u091,1,directed
u018,u391,1,directed
u364,u218,1,directed
u229,u331,3,directed
u343,u081,1,directed
u018,u324,1,directed
u171,u230,0.5,undirected
u171,u016,0.5,undirected
u073,u163,3,directed
u184,u061,1,directed
u081,u171,1,directed
u287,u105,1,directed
u412,u380,1,directed
u018,u061,3,directed
u268,u286,1,directed
u199,u295,1,directed
u107,u018,1,directed
u240,u011,1,directed
u321,u325,3,directed
u171,u016,3,directed
u236,u028,0.5,undirected
u193,u386,0.5,undirected
u158,u282,3,directed
u288,u007,3,directed
u018,u043,0.5,undirected
u391,u018,3,directed
u016,u367,3,directed
u123,u018,3,directed
u286,u016,0.5,undirected
u259,u246,1,directed
u333,u119,1,directed
u146,u253,1,directed
u374,u236,1,directed
u390,u288,1,directed
u080,u333,3,directed
u152,u318,3,directed
u380,u387,1,directed
u328,u234,0.5,undirected
u276,u233,1,directed
u289,u269,3,directed
u125,u051,1,directed
u016,u081,1,directed
u370,u111,3,directed
u152,u357,1,directed
u264,u277,1,directed
u380,u342,1,directed
u372,u018,1,directed
u187,u100,1,directed
u081,u251,1,directed
u377,u089,3,directed
u355,u366,1,directed
u380,u386,0.5,undirected
u392,u157,3,directed
u341,u225,1,directed
u033,u380,1,directed
u141,u171,1,directed
u356,u089,1,directed
u141,u376,1,directed
u116,u324,3,directed
u131,u225,0.5,undirected
u377,u121,1,directed
u394,u158,1,directed
u251,u157,1,directed
u007,u417,1,directed
u106,u297,1,directed
u324,u018,1,directed
u390,u018,3,directed
u018,u055,0.5,undirected
u195,u176,3,directed
u007,u228,1,directed
u341,u059,1,directed
u250,u028,1,directed
u018,u116,0.5,undirected
u353,u256,1,directed
u167,u158,1,directed
u158,u143,3,directed
u227,u046,3,directed
u018,u324,0.5,undirected
u060,u282,1,directed
u333,u039,0.5,undirected
u409,u018,1,directed
u225,u319,1,directed
u192,u002,0.5,undirected
u364,u222,1,directed
u117,u158,1,directed
u158,u407,1,directed
u364,u183,1,directed
u242,u018,1,directed
u036,u225,0.5,undirected
u313,u152,1,directed
u197,u146,1,directed
u081,u141,1,directed
u018,u061,3,directed
u345,u152,0.5,undirected
u215,u314,1,directed
u190,u255,0.5,undirected
u235,u245,3,directed
u004,u241,3,directed
u153,u168,1,directed
u326,u236,3,directed
u103,u372,0.5,undirected
u234,u220,1,directed
u198,u140,3,directed
u119,u031,1,directed
u232,u332,1,directed
u325,u319,3,directed
u007,u105,1,directed
u387,u067,1,directed
u293,u202,1,directed
u158,u394,0.5,undirected
u025,u236,0.5,undirected
u317,u319,1,directed
u180,u121,3,directed
u282,u131,1,directed
u119,u033,1,directed
u025,u169,0.5,undirected
u069,u356,1,directed
u158,u195,1,directed
u261,u060,0.5,undirected
u324,u221,1,directed
u236,u321,1,directed
u372,u100,1,directed
u242,u122,1,directed
u018,u123,1,directed
u275,u342,1,directed
u348,u253,1,directed
u141,u113,1,directed
u225,u058,0.5,undirected
u255,u006,1,directed
u119,u216,0.5,undirected
u121,u176,0.5,undirected
u355,u176,0.5,undirected
u158,u260,3,directed
u004,u135,1,directed
u367,u149,0.5,undirected
u333,u139,1,directed
u016,u111,1,directed
u089,u069,1,directed
u184,u292,3,directed
u116,u242,0.5,undirected
u018,u333,1,directed
u225,u293,0.5,undirected
u131,u355,1,directed
u187,u018,1,directed
u324,u072,3,directed
u367,u081,0.5,undirected
u231,u250,3,directed
u249,u090,1,directed
u380,u386,1,directed
u090,u018,0.5,undirected
u111,u018,1,directed
u236,u070,1,directed
u171,u016,1,directed
u251,u171,1,directed
u090,u018,1,directed
u372,u380,1,directed
u387,u085,1,directed
u408,u169,1,directed
u141,u410,1,directed
u101,u236,1,directed
u314,u152,0.5,undirected
u162,u302,0.5,undirected
u277,u392,1,directed
u396,u069,1,directed
u069,u256,3,directed
u225,u160,1,directed
u195,u380,1,directed
u026,u018,1,directed
u225,u166,0.5,undirected
u018,u372,3,directed
u195,u380,1,directed
u069,u412,0.5,undirected
u077,u043,1,directed
u293,u263,1,directed
u415,u225,3,directed
u158,u375,1,directed
u158,u007,1,directed
u018,u124,1,directed
u141,u043,0.5,undirected
u141,u058,1,directed
u026,u018,1,directed
u168,u257,1,directed
u046,u006,0.5,undirected
u134,u353,1,directed
u158,u060,0.5,undirected
u081,u392,1,directed
u090,u276,1,directed
u319,u293,1,directed
u158,u023,1,directed
u386,u218,0.5,undirected
u293,u319,3,directed
u102,u018,1,directed
u297,u119,1,directed
u069,u121,1,directed
u170,u248,1,directed
u138,u248,1,directed
u016,u343,1,directed
u268,u035,0.5,undirected
u224,u018,1,directed
u375,u069,1,directed
u254,u018,0.5,undirected
u288,u318,1,directed
u327,u018,0.5,undirected
u094,u324,1,directed
u338,u121,1,directed
u042,u125,1,directed
u380,u158,1,directed
u332,u018,1,directed
u367,u081,1,directed
u349,u176,0.5,undirected
u160,u321,0.5,undirected
u203,u081,3,directed
u037,u225,0.5,undirected
u235,u096,1,directed
u158,u060,1,directed
u034,u100,1,directed
u171,u367,1,directed
u212,u352,1,directed
u089,u237,3,directed
u358,u121,1,directed
u135,u319,0.5,undirected
u139,u214,1,directed
u158,u323,0.5,undirected
u364,u380,1,directed
u171,u269,1,directed
u020,u333,1,directed
u042,u125,0.5,undirected
u105,u101,3,directed
u284,u028,3,directed
u081,u058,1,directed
u158,u380,1,directed
u027,u234,0.5,undirected
u412,u150,1,directed
u320,u018,1,directed
u038,u265,1,directed
u225,u160,1,directed
u282,u081,1,directed
u316,u035,1,directed
u196,u018,1,directed
u081,u411,0.5,undirected
u007,u097,1,directed
u251,u113,1,directed
u242,u140,1,directed
u007,u152,1,directed
u066,u128,0.5,undirected
u058,u410,3,directed
u297,u367,1,directed
u366,u028,0.5,undirected
u069,u118,1,directed
u382,u076,3,directed
u147,u225,1,directed
u098,u198,3,directed
u348,u412,3,directed
u045,u110,1,directed
u007,u076,1,directed
u418,u171,1,directed
u090,u242,1,directed
u381,u007,1,directed
u372,u090,1,directed
u213,u174,1,directed
u065,u348,1,directed
u279,u251,0.5,undirected
u106,u288,3,directed
u027,u145,1,directed
u407,u387,0.5,undirected
u260,u158,1,directed
u353,u176,1,directed
u236,u261,1,directed
u049,u007,0.5,undirected
u392,u230,1,directed
u018,u161,1,directed
u069,u212,3,directed
u042,u347,1,directed
u260,u380,1,directed
u069,u226,0.5,undirected
u216,u007,1,directed
u113,u255,1,directed
u225,u142,1,directed
u141,u301,0.5,undirected
u076,u384,1,directed
u043,u016,1,directed
u159,u233,1,directed
u173,u277,3,directed
u281,u069,1,directed
u380,u055,3,directed
u158,u394,1,directed
u392,u081,1,directed
u380,u158,1,directed
u101,u328,1,directed
u332,u111,3,directed
u046,u216,0.5,undirected
u279,u251,1,directed
u405,u152,0.5,undirected
u285,u321,1,directed
u064,u116,3,directed
u158,u085,3,directed
u345,u216,1,directed
u250,u007,0.5,undirected
u250,u139,0.5,undirected
u412,u192,0.5,undirected
u063,u035,0.5,undirected
u410,u081,1,directed
u333,u007,1,directed
u379,u018,1,directed
u341,u160,1,directed
u382,u018,0.5,undirected
u158,u386,1,directed
u298,u204,1,directed
u079,u158,1,directed
u250,u046,1,directed
u234,u287,3,directed
u225,u293,1,directed
u339,u333,1,directed
u018,u384,0.5,undirected
u415,u132,3,directed
u380,u048,1,directed
u176,u069,0.5,undirected
u367,u251,0.5,undirected
u046,u007,1,directed
u142,u234,1,directed
u016,u279,3,directed
u058,u251,0.5,undirected
u111,u378,3,directed
u234,u287,0.5,undirected
u032,u152,1,directed
u024,u141,1,directed
u171,u141,1,directed
u220,u225,3,directed
u090,u052,1,directed
u232,u187,1,directed
u050,u353,1,directed
u007,u243,3,directed
u324,u159,3,directed
u020,u119,1,directed
u333,u119,3,directed
u018,u116,3,directed
u333,u229,1,directed
u105,u160,1,directed
u115,u224,0.5,undirected
u212,u084,1,directed
u028,u236,1,directed
u342,u265,1,directed
u119,u250,1,directed
u018,u061,1,directed
u115,u106,1,directed
u082,u193,1,directed
u169,u354,0.5,undirected
u333,u051,3,directed
u135,u350,1,directed
u065,u078,0.5,undirected
u069,u161,1,directed
u377,u150,3,directed
u069,u176,0.5,undirected
u103,u090,1,directed
u149,u171,1,directed
u220,u053,3,directed
u135,u341,1,directed
u121,u412,0.5,undirected
u018,u202,1,directed
u360,u135,1,directed
u382,u076,1,directed
u160,u302,1,directed
u391,u018,1,directed
u167,u364,1,directed
u160,u075,1,directed
u014,u310,1,directed
u239,u373,1,directed
u048,u387,1,directed
u126,u023,0.5,undirected
u322,u159,1,directed
u069,u237,1,directed
u184,u018,1,directed
u293,u090,1,directed
u158,u193,1,directed
u225,u275,1,directed
u028,u249,3,directed
u069,u223,1,directed
u121,u129,1,directed
u341,u075,1,directed
u018,u363,3,directed
u187,u018,1,directed
u018,u061,3,directed
u158,u387,1,directed
u016,u141,1,directed
u412,u353,0.5,undirected
u355,u115,1,directed
u018,u034,0.5,undirected
u238,u412,1,directed
u200,u018,3,directed
u181,u225,1,directed
u350,u225,1,directed
u225,u004,1,directed
u379,u115,1,directed
u239,u016,1,directed
u081,u153,0.5,undirected
u324,u100,0.5,undirected
u242,u018,3,directed
u111,u016,1,directed
u257,u242,3,directed
u310,u377,1,directed
u090,u324,3,directed
u287,u314,3,directed
u046,u333,1,directed
u159,u393,1,directed
u160,u397,1,directed
u141,u279,1,directed
u036,u000,0.5,undirected
u268,u081,1,directed
u141,u212,1,directed
u367,u165,3,directed
u175,u035,0.5,undirected
u052,u345,1,directed
u380,u387,1,directed
u158,u380,0.5,undirected
u410,u063,3,directed
u151,u266,1,directed
u332,u018,3,directed
u141,u255,1,directed
u366,u145,1,directed
u119,u354,3,directed
u332,u100,1,directed
u154,u105,0.5,undirected
u007,u154,1,directed
u161,u396,3,directed
u031,u018,1,directed
u158,u193,1,directed
u353,u018,1,directed
u106,u139,1,directed
u069,u324,1,directed
u236,u088,1,directed
u160,u225,1,directed
u081,u251,1,directed
u069,u371,0.5,undirected
u399,u250,1,directed
u288,u119,1,directed
u340,u387,3,directed
u064,u163,1,directed
u282,u158,1,directed
u180,u367,1,directed
u007,u289,3,directed
u269,u251,0.5,undirected
u115,u083,3,directed
u272,u121,1,directed
u079,u117,3,directed
u305,u255,1,directed
u242,u200,1,directed
u413,u170,0.5,undirected
u289,u225,1,directed
u255,u016,1,directed
u018,u115,1,directed
u380,u068,3,directed
u064,u007,1,directed
u200,u076,1,directed
u119,u014,1,directed
u119,u155,3,directed
u141,u093,1,directed
u058,u410,0.5,undirected
u304,u293,0.5,undirected
u308,u074,1,directed
u098,u324,1,directed
u144,u089,1,directed
u275,u340,1,directed
u182,u105,1,directed
u242,u115,1,directed
u277,u018,0.5,undirected
u276,u200,1,directed
u158,u323,1,directed
u410,u376,1,directed
u319,u185,3,directed
u044,u324,3,directed
u349,u134,1,directed
u380,u153,1,directed
u110,u069,1,directed
u225,u111,3,directed
u158,u193,0.5,undirected
u310,u396,1,directed
u252,u289,1,directed
u081,u279,1,directed
u124,u200,1,directed
u193,u045,1,directed
u245,u234,1,directed
u018,u181,1,directed
u197,u016,1,directed
u236,u101,1,directed
u380,u158,3,directed
u268,u367,1,directed
u197,u050,1,directed
u018,u115,1,directed
u372,u242,1,directed
u050,u078,1,directed
u121,u129,3,directed
u069,u008,1,directed
u176,u144,0.5,undirected
u275,u394,1,directed
u310,u069,1,directed
u221,u076,1,directed
u022,u064,3,directed
u331,u069,1,directed
u333,u069,1,directed
u069,u180,1,directed
u201,u016,1,directed
u200,u384,3,directed
u086,u158,1,directed
u201,u157,1,directed
u358,u009,3,directed
u263,u233,1,directed
u379,u242,1,directed
u412,u180,0.5,undirected
u366,u101,3,directed
u066,u112,0.5,undirected
u186,u100,1,directed
u030,u137,1,directed
u353,u069,1,directed
u045,u158,1,directed
u171,u251,0.5,undirected
u069,u281,3,directed
u047,u109,1,directed
u016,u081,1,directed
u380,u188,1,directed
u296,u275,0.5,undirected
u225,u293,1,directed
u095,u176,1,directed
u018,u200,1,directed
u081,u171,1,directed
u090,u198,1,directed
u119,u155,1,directed
u034,u164,1,directed
u018,u339,3,directed
u380,u081,3,directed
u160,u367,0.5,undirected
u332,u076,1,directed
u333,u314,0.5,undirected
u402,u018,3,directed
u160,u302,0.5,undirected
u310,u246,1,directed
u158,u380,0.5,undirected
u225,u160,0.5,undirected
u018,u327,3,directed
u197,u289,1,directed
u366,u133,0.5,undirected
u066,u353,1,directed
u119,u333,1,directed
u050,u093,0.5,undirected
u270,u259,1,directed
u279,u206,1,directed
u160,u288,1,directed
u410,u141,1,directed
u337,u101,0.5,undirected
u121,u412,0.5,undirected
u039,u418,0.5,undirected
u193,u143,3,directed
u412,u069,3,directed
u296,u394,1,directed
u026,u115,1,directed
u412,u323,3,directed
u007,u333,1,directed
u240,u069,1,directed
u212,u121,0.5,undirected
u112,u311,1,directed
u319,u225,3,directed
u295,u353,3,directed
u282,u158,3,directed
u081,u016,1,directed
u095,u358,0.5,undirected
u196,u176,0.5,undirected
u216,u119,1,directed
u043,u158,1,directed
u060,u068,3,directed
u341,u075,1,directed
u111,u358,0.5,undirected
u187,u372,3,directed
u212,u069,1,directed
u160,u202,1,directed
u324,u198,1,directed
u295,u276,1,directed
u238,u225,3,directed
u052,u333,1,directed
u018,u382,1,directed
u392,u016,3,directed
u098,u073,3,directed
u385,u207,1,directed
u111,u069,1,directed
u018,u124,3,directed
u133,u236,1,directed
u046,u333,3,directed
u276,u100,1,directed
u386,u387,1,directed
u380,u131,1,directed
u267,u160,3,directed
u340,u158,1,directed
u288,u354,1,directed
u369,u332,0.5,undirected
u304,u395,0.5,undirected
u005,u081,1,directed
u222,u354,1,directed
u158,u340,1,directed
u225,u209,3,directed
u284,u280,1,directed
u216,u152,0.5,undirected
u153,u018,1,directed
u380,u079,1,directed
u081,u251,1,directed
u209,u387,1,directed
u202,u225,0.5,undirected
u412,u121,1,directed
u191,u174,0.5,undirected
u257,u018,1,directed
u123,u019,1,directed
u158,u323,1,directed
u289,u225,3,directed
u062,u386,1,directed
u018,u119,3,directed
u188,u380,0.5,undirected
u363,u083,3,directed
u392,u119,3,directed
u333,u318,1,directed
u350,u167,0.5,undirected
u115,u116,1,directed
u073,u018,1,directed
u277,u016,1,directed
u282,u298,0.5,undirected
u303,u048,1,directed
u216,u152,1,directed
u121,u069,1,directed
u396,u338,0.5,undirected
u286,u406,1,directed
u333,u314,1,directed
u235,u322,1,directed
u410,u367,1,directed
u324,u125,1,directed
u349,u069,3,directed
u335,u131,1,directed
u225,u293,3,directed
u412,u353,1,directed
u023,u406,3,directed
u081,u035,1,directed
u028,u416,0.5,undirected
u324,u018,1,directed
u160,u289,1,directed
u223,u069,1,directed
u324,u018,3,directed
u158,u141,1,directed
u360,u350,1,directed
u018,u372,1,directed
u141,u291,1,directed
u160,u321,1,directed
u177,u318,1,directed
u081,u120,1,directed
u032,u152,0.5,undirected
u368,u112,1,directed
u198,u402,0.5,undirected
u037,u225,1,directed
u389,u293,0.5,undirected
u018,u010,3,directed
u393,u408,0.5,undirected
u341,u225,0.5,undirected
u007,u250,1,directed
u225,u319,3,directed
u169,u290,0.5,undirected
u171,u383,1,directed
u315,u121,3,directed
u200,u324,1,directed
u094,u355,1,directed
u239,u152,1,directed
u273,u293,1,directed
u276,u225,1,directed
u202,u273,1,directed
u067,u158,0.5,undirected
u150,u126,3,directed
u183,u069,1,directed
u007,u399,1,directed
u160,u081,1,directed
u122,u018,0.5,undirected
u145,u071,1,directed
u175,u018,3,directed
u372,u199,1,directed
u081,u251,1,directed
u163,u160,0.5,undirected
u170,u075,1,directed
u111,u255,1,directed
u324,u200,3,directed
u212,u069,0.5,undirected
u293,u321,1,directed
u058,u141,0.5,undirected
u172,u293,0.5,undirected
u043,u081,1,directed
u255,u016,1,directed
u251,u172,1,directed
u390,u402,1,directed
u252,u175,0.5,undirected
u111,u030,1,directed
u031,u391,0.5,undirected
u410,u077,1,directed
u031,u018,1,directed
u158,u148,0.5,undirected
u051,u020,3,directed
u277,u177,0.5,undirected
u069,u112,1,directed
u276,u224,0.5,undirected
u018,u007,3,directed
u225,u302,1,directed
u141,u158,0.5,undirected
u141,u171,1,directed
u417,u032,3,directed
u380,u387,1,directed
u111,u069,1,directed
u380,u194,3,directed
u018,u094,1,directed
u111,u158,3,directed
u282,u277,1,directed
u180,u213,1,directed
u341,u225,1,directed
u371,u412,1,directed
u100,u198,1,directed
u237,u111,1,directed
u319,u225,3,directed
u333,u381,0.5,undirected
u078,u069,1,directed
u225,u036,1,directed
u341,u293,3,directed
u046,u225,0.5,undirected
u113,u171,1,directed
u187,u123,1,directed
u173,u269,1,directed
u392,u367,0.5,undirected
u187,u018,1,directed
u310,u134,1,directed
u018,u140,0.5,undirected
u380,u386,3,directed
u069,u196,1,directed
u092,u225,3,directed
u289,u321,1,directed
u023,u367,1,directed
u243,u249,3,directed
u380,u043,1,directed
u069,u111,1,directed
u387,u158,1,directed
u081,u058,3,directed
u366,u133,0.5,undirected
u073,u061,1,directed
u119,u039,1,directed
u394,u380,1,directed
u018,u409,1,directed
u293,u160,1,directed
u251,u410,1,directed
u018,u324,1,directed
u189,u277,0.5,undirected
u154,u127,1,directed
u220,u154,1,directed
u237,u352,0.5,undirected
u276,u018,3,directed
u275,u018,1,directed
u225,u341,1,directed
u121,u412,0.5,undirected
u069,u121,1,directed
u016,u058,1,directed
u141,u171,1,directed
u380,u193,1,directed
u266,u119,3,directed
u158,u386,1,directed
u007,u333,1,directed
u204,u386,0.5,undirected
u011,u145,0.5,undirected
u081,u043,1,directed
u267,u034,1,directed
u236,u366,1,directed
u234,u145,1,directed
u081,u157,3,directed
u032,u333,1,directed
u250,u152,3,directed
u013,u361,1,directed
u119,u018,1,directed
u215,u051,1,directed
u150,u225,1,directed
u235,u170,1,directed
u007,u106,3,directed
u344,u380,0.5,undirected
u407,u394,1,directed
u263,u236,1,directed
u033,u349,3,directed
u160,u231,1,directed
u301,u380,3,directed
u377,u073,1,directed
u023,u189,1,directed
u135,u119,0.5,undirected
u323,u289,1,directed
u211,u145,1,directed
u225,u112,1,directed
u058,u141,1,directed
u308,u007,0.5,undirected
u243,u007,1,directed
u392,u286,1,directed
u255,u041,0.5,undirected
u341,u132,0.5,undirected
u251,u141,1,directed
u190,u141,1,directed
u081,u041,1,directed
u411,u081,0.5,undirected
u341,u077,1,directed
u141,u277,1,directed
u093,u122,1,directed
u018,u324,0.5,undirected
u018,u199,3,directed
u123,u018,1,directed
u106,u014,1,directed
u081,u354,0.5,undirected
u288,u049,3,directed
u276,u402,1,directed
u213,u338,1,directed
u289,u225,1,directed
u288,u417,1,directed
u225,u202,1,directed
u197,u358,1,directed
u386,u158,1,directed
u170,u402,3,directed
u221,u018,1,directed
u293,u225,1,directed
u018,u262,1,directed
u066,u139,1,directed
u069,u214,0.5,undirected
u216,u288,0.5,undirected
u157,u141,0.5,undirected
u355,u402,1,directed
u354,u007,1,directed
u284,u312,0.5,undirected
u018,u242,3,directed
u384,u073,1,directed
u338,u396,0.5,undirected
u072,u069,0.5,undirected
u176,u095,1,directed
u408,u145,1,directed
u129,u371,3,directed
u081,u325,0.5,undirected
u168,u276,3,directed
u018,u115,0.5,undirected
u310,u271,0.5,undirected
u171,u031,1,directed
u153,u372,1,directed
u415,u007,0.5,undirected
u018,u081,1,directed
u402,u018,1,directed
u354,u119,1,directed
u095,u069,1,directed
u258,u042,1,directed
u158,u380,0.5,undirected
u251,u016,0.5,undirected
u055,u018,1,directed
u387,u351,1,directed
u193,u062,1,directed
u046,u399,1,directed
u135,u202,0.5,undirected
u279,u255,1,directed
u145,u362,1,directed
u387,u364,3,directed
u386,u364,1,directed
u043,u412,1,directed
u148,u076,0.5,undirected
u028,u220,1,directed
u158,u387,0.5,undirected
u072,u018,1,directed
u324,u109,1,directed
u162,u225,1,directed
u158,u194,1,directed
u141,u190,1,directed
u081,u016,1,directed
u174,u180,0.5,undirected
u106,u333,3,directed
u073,u081,3,directed
u202,u036,1,directed
u018,u276,0.5,undirected
u324,u076,3,directed
u027,u105,1,directed
u284,u220,3,directed
u018,u083,3,directed
u200,u242,3,directed
u136,u018,1,directed
u171,u206,0.5,undirected
u081,u301,1,directed
u007,u333,1,directed
u171,u298,3,directed
u072,u338,1,directed
u060,u018,1,directed
u386,u143,3,directed
u382,u224,1,directed
u418,u311,1,directed
u255,u203,0.5,undirected
u160,u341,1,directed
u319,u225,1,directed
u293,u225,1,directed
u410,u171,0.5,undirected
u332,u018,3,directed
u052,u318,1,directed
u289,u273,0.5,undirected
u223,u069,1,directed
u277,u077,1,directed
u277,u081,1,directed
u040,u007,3,directed
u193,u204,1,directed
u081,u058,1,directed
u036,u209,1,directed
u018,u382,1,directed
u135,u225,0.5,undirected
u385,u225,0.5,undirected
u090,u324,0.5,undirected
u051,u052,1,directed
u006,u171,3,directed
u415,u341,3,directed
u176,u128,3,directed
u296,u394,1,directed
u301,u289,0.5,undirected
u279,u171,3,directed
u189,u157,1,directed
u181,u162,1,directed
u153,u324,1,directed
u013,u160,1,directed
u391,u397,1,directed
u061,u391,3,directed
u197,u397,1,directed
u057,u069,1,directed
u245,u234,0.5,undirected
u110,u158,1,directed
u103,u018,1,directed
u225,u132,1,directed
u158,u364,0.5,undirected
u126,u023,3,directed
u158,u380,1,directed
u246,u281,3,directed
u341,u288,1,directed
u018,u332,1,directed
u360,u225,1,directed
u220,u248,1,directed
u299,u274,0.5,undirected
u300,u016,1,directed
u193,u158,0.5,undirected
u251,u406,0.5,undirected
u305,u278,0.5,undirected
u225,u354,1,directed
u314,u333,1,directed
u396,u069,0.5,undirected
u271,u069,0.5,undirected
u243,u007,1,directed
u279,u367,1,directed
u117,u218,0.5,undirected
u074,u225,0.5,undirected
u225,u319,1,directed
u384,u242,0.5,undirected
u372,u187,1,directed
u081,u038,1,directed
u171,u141,1,directed
u333,u216,1,directed
u324,u026,1,directed
u153,u145,0.5,undirected
u251,u058,1,directed
u235,u069,1,directed
u293,u166,1,directed
u331,u112,3,directed
u333,u179,3,directed
u282,u387,0.5,undirected
u163,u007,1,directed
u104,u388,1,directed
u081,u171,1,directed
u115,u026,0.5,undirected
u199,u332,3,directed
u171,u149,1,directed
u306,u182,1,directed
u135,u046,1,directed
u115,u256,1,directed
u284,u120,1,directed
u007,u333,1,directed
u287,u366,1,directed
u157,u376,1,directed
u081,u367,3,directed
u293,u289,3,directed
u081,u410,1,directed
u082,u321,3,directed
u070,u016,0.5,undirected
u256,u208,1,directed
u348,u072,0.5,undirected
u298,u282,1,directed
u293,u141,3,directed
u328,u088,1,directed
u318,u288,1,directed
u209,u008,1,directed
u171,u157,1,directed
u324,u355,1,directed
u158,u293,1,directed
u414,u069,1,directed
u069,u009,0.5,undirected
u324,u232,1,directed
u194,u158,1,directed
u380,u387,3,directed
u181,u319,1,directed
u069,u111,1,directed
u216,u227,0.5,undirected
u048,u131,0.5,undirected
u092,u302,1,directed
u387,u111,1,directed
u399,u007,0.5,undirected
u116,u101,3,directed
u018,u372,1,directed
u213,u348,1,directed
u366,u169,0.5,undirected
u069,u270,3,directed
u387,u400,1,directed
u119,u177,1,directed
u069,u180,3,directed
u324,u187,1,directed
u225,u036,1,directed
u081,u406,1,directed
u008,u253,1,directed
u216,u119,0.5,undirected
u042,u333,1,directed
u100,u010,1,directed
u289,u160,1,directed
u397,u396,1,directed
u367,u018,1,directed
u394,u018,3,directed
u346,u105,3,directed
u119,u007,1,directed
u152,u119,0.5,undirected
u128,u069,1,directed
u301,u392,0.5,undirected
u320,u171,1,directed
u172,u319,0.5,undirected
u361,u004,0.5,undirected
u069,u154,0.5,undirected
u090,u018,0.5,undirected
u200,u124,1,directed
u343,u410,3,directed
u121,u118,1,directed
u016,u190,3,directed
u018,u386,3,directed
u354,u333,1,directed
u225,u209,3,directed
u213,u069,3,directed
u121,u112,1,directed
u069,u276,1,directed
u081,u141,0.5,undirected
u377,u349,3,directed
u031,u187,3,directed
u220,u263,1,directed
u231,u382,1,directed
u097,u039,3,directed
u319,u225,1,directed
u412,u237,1,directed
u069,u310,1,directed
u327,u099,1,directed
u160,u321,1,directed
u018,u254,0.5,undirected
u332,u018,1,directed
u277,u111,1,directed
u391,u069,1,directed
u387,u005,0.5,undirected
u023,u058,1,directed
u387,u407,0.5,undirected
u126,u114,1,directed
u282,u380,1,directed
u081,u141,1,directed
u007,u139,1,directed
u134,u281,1,directed
u087,u046,1,directed
u018,u292,3,directed
u053,u028,3,directed
u250,u359,1,directed
u040,u250,3,directed
u052,u007,3,directed
u221,u018,0.5,undirected
u160,u360,1,directed
u096,u413,1,directed
u175,u198,3,directed
u081,u279,1,directed
u323,u148,1,directed
u093,u402,3,directed
u288,u046,3,directed
u119,u007,0.5,undirected
u225,u202,1,directed
u275,u148,3,directed
u142,u287,1,directed
u234,u169,1,directed
u018,u384,1,directed
u243,u064,1,directed
u367,u016,3,directed
u390,u018,1,directed
u382,u044,1,directed
u100,u098,3,directed
u208,u111,3,directed
u007,u243,1,directed
u059,u288,0.5,undirected
u027,u105,1,directed
u107,u198,1,directed
u018,u184,1,directed
u152,u119,1,directed
u344,u161,0.5,undirected
u265,u149,1,directed
u046,u152,3,directed
u269,u255,0.5,undirected
u171,u016,1,directed
u380,u407,1,directed
u359,u064,1,directed
u111,u115,1,directed
u018,u026,1,directed
u076,u090,3,directed
u069,u191,1,directed
u332,u324,1,directed
u018,u254,0.5,undirected
u135,u319,1,directed
u399,u365,1,directed
u124,u299,1,directed
u016,u081,3,directed
u122,u018,1,directed
u275,u148,1,directed
u115,u232,0.5,undirected
u171,u081,3,directed
u337,u263,3,directed
u025,u356,0.5,undirected
u225,u181,1,directed
u386,u158,1,directed
u234,u235,1,directed
u360,u225,0.5,undirected
u323,u167,1,directed
u081,u367,1,directed
u016,u277,3,directed
u119,u042,0.5,undirected
u348,u272,1,directed
u081,u016,1,directed
u077,u251,1,directed
u148,u387,1,directed
u332,u372,1,directed
u018,u116,1,directed
u387,u380,0.5,undirected
u323,u131,1,directed
u184,u221,0.5,undirected
u302,u172,1,directed
u018,u187,0.5,undirected
u390,u200,1,directed
u225,u293,1,directed
u313,u125,1,directed
u081,u058,0.5,undirected
u058,u323,0.5,undirected
u171,u077,1,directed
u324,u044,0.5,undirected
u274,u018,1,directed
u115,u136,1,directed
u158,u110,0.5,undirected
u118,u069,1,directed
u018,u242,0.5,undirected
u365,u016,0.5,undirected
u405,u080,1,directed
u387,u386,3,directed
u375,u165,1,directed
u121,u380,1,directed
u380,u351,1,directed
u026,u018,3,directed
u248,u245,0.5,undirected
u171,u392,0.5,undirected
u349,u100,0.5,undirected
u288,u250,1,directed
u319,u302,3,directed
u200,u018,3,directed
u153,u181,0.5,undirected
u179,u288,0.5,undirected
u392,u367,0.5,undirected
u392,u018,1,directed
u397,u299,1,directed
u410,u206,1,directed
u356,u368,0.5,undirected
u020,u139,1,directed
u259,u081,1,directed
u333,u014,3,directed
u030,u288,1,directed
u018,u273,1,directed
u302,u321,0.5,undirected
u115,u116,0.5,undirected
u302,u319,1,directed
u349,u418,0.5,undirected
u030,u417,3,directed
u385,u046,0.5,undirected
u265,u410,3,directed
u217,u154,0.5,undirected
u014,u015,1,directed
u018,u122,0.5,undirected
u062,u364,1,directed
u018,u274,1,directed
u303,u387,1,directed
u225,u185,3,directed
u043,u141,3,directed
u033,u059,1,directed
u396,u069,1,directed
u380,u152,1,directed
u328,u145,0.5,undirected
u115,u018,3,directed
u359,u354,0.5,undirected
u220,u240,1,directed
u405,u007,3,directed
u391,u379,1,directed
u201,u286,1,directed
u358,u375,3,directed
u158,u193,1,directed
u324,u171,0.5,undirected
u111,u176,0.5,undirected
u384,u099,1,directed
u404,u010,1,directed
u341,u225,1,directed
u270,u372,1,directed
u307,u288,1,directed
u302,u092,1,directed
u396,u259,0.5,undirected
u105,u235,1,directed
u251,u141,1,directed
u018,u384,1,directed
u212,u017,1,directed
u289,u225,1,directed
u308,u119,3,directed
u235,u362,3,directed
u225,u341,0.5,undirected
u386,u380,3,directed
u155,u125,0.5,undirected
u152,u318,1,directed
u090,u409,1,directed
u069,u259,3,directed
u150,u225,3,directed
u099,u116,1,directed
u007,u119,1,directed
u121,u378,3,directed
u088,u413,0.5,undirected
u280,u236,1,directed
u384,u366,1,directed
u158,u193,0.5,undirected
u308,u268,1,directed
u226,u267,1,directed
u370,u302,3,directed
u355,u267,3,directed
u257,u061,1,directed
u380,u158,1,directed
u355,u067,1,directed
u329,u174,3,directed
u259,u358,1,directed
u388,u225,1,directed
u026,u073,1,directed
u375,u176,1,directed
u131,u158,3,directed
u401,u080,1,directed
u225,u013,3,directed
u234,u160,1,directed
u338,u397,1,directed
u111,u066,1,directed
u333,u046,0.5,undirected
u051,u046,0.5,undirected
u317,u160,1,directed
u069,u121,3,directed
u306,u280,1,directed
u068,u018,0.5,undirected
u171,u043,3,directed
u055,u018,0.5,undirected
u395,u319,1,directed
u294,u158,1,directed
u415,u225,1,directed
u225,u160,1,directed
u153,u257,3,directed
u188,u386,3,directed
u171,u255,1,directed
u067,u183,1,directed
u355,u008,1,directed
u114,u364,1,directed
u223,u176,1,directed
u016,u035,0.5,undirected
u197,u353,1,directed
u160,u308,1,directed
u158,u007,1,directed
u293,u125,1,directed
u018,u136,1,directed
u141,u035,1,directed
u069,u072,3,directed
u290,u326,1,directed
u287,u248,1,directed
u016,u255,1,directed
u139,u250,0.5,undirected
u160,u225,1,directed
u158,u407,3,directed
u190,u141,1,directed
u018,u076,1,directed
u152,u007,3,directed
u250,u139,1,directed
u281,u144,0.5,undirected
u035,u016,1,directed
u007,u266,1,directed
u111,u069,1,directed
u242,u018,1,directed
u409,u198,1,directed
u263,u000,1,directed
u160,u273,1,directed
u386,u195,3,directed
u176,u065,1,directed
u293,u160,1,directed
u417,u139,1,directed
u341,u172,0.5,undirected
u171,u277,3,directed
u018,u382,1,directed
u024,u016,1,directed
u317,u341,1,directed
u170,u101,1,directed
u167,u166,0.5,undirected
u158,u386,1,directed
u370,u181,3,directed
u187,u061,0.5,undirected
u356,u069,1,directed
u081,u324,1,directed
u025,u290,1,directed
u287,u133,3,directed
u158,u110,3,directed
u276,u018,1,directed
u035,u043,1,directed
u387,u081,1,directed
u161,u281,3,directed
u026,u391,1,directed
u321,u287,1,directed
u213,u212,1,directed
u324,u105,1,directed
u378,u121,3,directed
u113,u189,1,directed
u405,u288,1,directed
u107,u226,1,directed
u389,u275,1,directed
u380,u158,0.5,undirected
u158,u387,0.5,undirected
u171,u412,3,directed
u093,u116,1,directed
u305,u365,0.5,undirected
u024,u016,3,directed
u043,u113,3,directed
u141,u186,0.5,undirected
u069,u121,3,directed
u164,u385,1,directed
u007,u216,1,directed
u289,u225,1,directed
u069,u165,1,directed
u074,u177,1,directed
u392,u157,0.5,undirected
u340,u275,3,directed
u265,u307,1,directed
u251,u100,1,directed
u302,u160,1,directed
u115,u069,1,directed
u158,u386,1,directed
u018,u276,3,directed
u111,u069,1,directed
u217,u234,1,directed
u081,u367,1,directed
u365,u258,3,directed
u323,u110,1,directed
u199,u124,1,directed
u160,u036,3,directed
u158,u400,1,directed
u154,u101,1,directed
u119,u365,1,directed
u153,u018,0.5,undirected
u276,u098,0.5,undirected
u069,u112,3,directed
u202,u036,1,directed
u160,u285,1,directed
u252,u137,0.5,undirected
u018,u044,1,directed
u011,u337,1,directed
u034,u200,1,directed
u341,u160,0.5,undirected
u170,u105,3,directed
u216,u288,1,directed
u062,u158,1,directed
u018,u232,0.5,undirected
u183,u380,1,directed
u018,u061,3,directed
u176,u238,1,directed
u257,u107,3,directed
u158,u335,3,directed
u396,u016,3,directed
u018,u402,1,directed
u352,u134,0.5,undirected
u106,u318,1,directed
u032,u229,1,directed
u090,u299,3,directed
u026,u158,1,directed
u406,u255,1,directed
u234,u316,1,directed
u158,u380,1,directed
u119,u214,0.5,undirected
u372,u098,1,directed
u301,u058,3,directed
u287,u309,3,directed
u225,u134,1,directed
u225,u341,1,directed
u171,u157,0.5,undirected
u201,u016,3,directed
u028,u142,1,directed
u283,u194,1,directed
u354,u345,1,directed
u380,u188,1,directed
u141,u201,1,directed
u043,u410,0.5,undirected
u165,u111,0.5,undirected
u123,u083,1,directed
u100,u324,1,directed
u158,u282,1,directed
u160,u021,1,directed
u368,u223,1,directed
u302,u293,1,directed
u020,u359,1,directed
u387,u354,1,directed
u330,u333,1,directed
u007,u155,1,directed
u058,u411,1,directed
u018,u276,1,directed
u269,u392,1,directed
u360,u395,3,directed
u278,u046,0.5,undirected
u093,u090,1,directed
u392,u286,1,directed
u135,u160,1,directed
u158,u275,1,directed
u016,u081,1,directed
u202,u225,0.5,undirected
u254,u198,1,directed
u277,u016,1,directed
u213,u396,1,directed
u185,u029,0.5,undirected
u112,u371,3,directed
u046,u345,1,directed
u255,u277,3,directed
u145,u111,1,directed
u277,u171,3,directed
u079,u275,3,directed
u048,u158,1,directed
u330,u216,1,directed
u288,u216,0.5,undirected
u225,u181,1,directed
u225,u302,1,directed
u075,u160,3,directed
u216,u152,1,directed
u416,u324,1,directed
u372,u207,0.5,undirected
u081,u110,3,directed
u386,u131,3,directed
u223,u419,3,directed
u311,u016,1,directed
u018,u045,0.5,undirected
u277,u171,3,directed
u225,u209,1,directed
u090,u018,1,directed
u202,u225,0.5,undirected
u374,u027,1,directed
u141,u081,3,directed
u348,u165,1,directed
u255,u081,3,directed
u235,u101,1,directed
u250,u288,0.5,undirected
u007,u288,3,directed
u028,u346,1,directed
u147,u158,0.5,undirected
u191,u144,1,directed
u324,u018,0.5,undirected
u192,u416,1,directed
u318,u250,1,directed
u193,u158,3,directed
u348,u146,1,directed
u402,u355,1,directed
u058,u189,1,directed
u355,u018,0.5,undirected
u289,u189,1,directed
u241,u172,1,directed
u380,u060,1,directed
u111,u069,1,directed
u117,u387,1,directed
u333,u225,3,directed
u355,u299,1,directed
u081,u269,3,directed
u134,u348,3,directed
u203,u081,1,directed
u162,u225,0.5,undirected
u358,u272,1,directed
u018,u124,1,directed
u321,u160,1,directed
u101,u366,0.5,undirected
u121,u069,1,directed
u387,u085,1,directed
u365,u032,1,directed
u367,u279,1,directed
u341,u251,0.5,undirected
u242,u309,1,directed
u359,u216,1,directed
u105,u120,3,directed
u271,u112,3,directed
u253,u111,0.5,undirected
u076,u107,1,directed
u192,u026,1,directed
u186,u023,3,directed
u119,u139,0.5,undirected
u124,u187,1,directed
u160,u289,1,directed
u258,u166,3,directed
u157,u016,1,directed
u225,u289,1,directed
u414,u225,3,directed
u402,u254,0.5,undirected
u209,u225,1,directed
u153,u005,1,directed
u237,u089,1,directed
u387,u158,1,directed
u329,u141,1,directed
u188,u158,1,directed
u293,u225,1,directed
u035,u171,3,directed
u140,u382,1,directed
u109,u018,0.5,undirected
u232,u198,3,directed
u160,u135,3,directed
u006,u054,3,directed
u333,u007,1,directed
u121,u368,1,directed
u036,u255,0.5,undirected
u158,u062,1,directed
u401,u288,1,directed
u394,u158,3,directed
u255,u081,1,directed
u255,u289,1,directed
u410,u251,1,directed
u062,u386,1,directed
u096,u322,1,directed
u069,u375,0.5,undirected
u329,u145,1,directed
u197,u396,1,directed
u036,u132,0.5,undirected
u158,u387,1,directed
u387,u158,1,directed
u160,u082,0.5,undirected
u081,u367,1,directed
u081,u386,1,directed
u332,u099,1,directed
u380,u116,3,directed
u225,u160,1,directed
u320,u018,0.5,undirected
u018,u231,1,directed
u377,u259,1,directed
u170,u022,1,directed
u219,u245,3,directed
u058,u279,3,directed
u018,u115,1,directed
u087,u007,1,directed
u136,u061,3,directed
u111,u121,1,directed
u158,u335,1,directed
u064,u046,1,directed
u289,u225,1,directed
u069,u310,1,directed
u016,u225,1,directed
u225,u013,1,directed
u369,u385,1,directed
u323,u410,0.5,undirected
u275,u107,1,directed
u403,u175,1,directed
u349,u271,1,directed
u240,u211,0.5,undirected
u081,u016,3,directed
u176,u069,1,directed
u081,u410,0.5,undirected
u279,u277,0.5,undirected
u235,u220,3,directed
u171,u081,1,directed
u187,u018,1,directed
u112,u176,1,directed
u004,u225,3,directed
u225,u082,0.5,undirected
u113,u141,3,directed
u392,u081,1,directed
u380,u067,1,directed
u127,u070,3,directed
u372,u276,1,directed
u250,u007,1,directed
u392,u410,1,directed
u052,u069,1,directed
u178,u018,3,directed
u395,u415,3,directed
u386,u275,1,directed
u187,u292,0.5,undirected
u037,u225,1,directed
u007,u359,0.5,undirected
u016,u038,0.5,undirected
u018,u382,1,directed
u398,u170,1,directed
u018,u100,1,directed
u355,u076,1,directed
u158,u303,1,directed
u031,u372,1,directed
u289,u013,0.5,undirected
u076,u018,3,directed
u352,u371,3,directed
u288,u333,1,directed
u306,u234,1,directed
u386,u158,1,directed
u046,u250,1,directed
u022,u354,0.5,undirected
u324,u055,1,directed
u132,u075,3,directed
u375,u112,3,directed
u308,u297,0.5,undirected
u380,u386,1,directed
u317,u225,1,directed
u365,u177,1,directed
u276,u372,1,directed
u069,u158,0.5,undirected
u101,u043,1,directed
u059,u108,3,directed
u058,u141,0.5,undirected
u203,u201,1,directed
u081,u016,1,directed
u380,u288,3,directed
u123,u094,1,directed
u275,u204,1,directed
u370,u361,1,directed
u121,u380,1,directed
u286,u171,0.5,undirected
u251,u367,1,directed
u324,u404,1,directed
u058,u171,1,directed
u372,u276,1,directed
u007,u314,3,directed
u022,u280,0.5,undirected
u355,u372,3,directed
u289,u341,3,directed
u121,u078,1,directed
u234,u312,3,directed
u046,u014,3,directed
u018,u101,1,directed
u353,u119,3,directed
u221,u164,0.5,undirected
u158,u380,3,directed
u100,u007,1,directed
u099,u207,1,directed
u225,u293,3,directed
u305,u046,1,directed
u016,u410,1,directed
u391,u198,1,directed
u018,u102,3,directed
u276,u402,1,directed
u203,u289,1,directed
u101,u133,0.5,undirected
u195,u158,1,directed
u349,u144,1,directed
u160,u287,3,directed
u149,u141,0.5,undirected
u064,u014,1,directed
u049,u319,1,directed
u335,u275,0.5,undirected
u111,u396,1,directed
u225,u293,1,directed
u395,u091,1,directed
u339,u010,1,directed
u379,u402,1,directed
u052,u091,1,directed
u349,u069,1,directed
u007,u250,1,directed
u018,u324,1,directed
u069,u072,1,directed
u387,u158,1,directed
u086,u018,0.5,undirected
u171,u392,0.5,undirected
u381,u215,0.5,undirected
u011,u251,1,directed
u026,u409,0.5,undirected
u158,u387,1,directed
u160,u293,1,directed
u304,u091,0.5,undirected
u002,u377,1,directed
u225,u018,1,directed
u081,u016,0.5,undirected
u171,u410,1,directed
u082,u319,1,directed
u082,u225,1,directed
u333,u334,1,directed
u034,u232,1,directed
u387,u171,1,directed
u413,u169,3,directed
u101,u261,1,directed
u320,u018,3,directed
u018,u115,3,directed
u350,u341,1,directed
u161,u069,1,directed
u201,u024,0.5,undirected
u333,u410,1,directed
u251,u114,3,directed
u324,u372,1,directed
u324,u090,1,directed
u319,u341,1,directed
u399,u205,0.5,undirected
u396,u212,1,directed
u380,u188,1,directed
u171,u081,1,directed
u119,u046,1,directed
u113,u277,3,directed
u324,u187,1,directed
u127,u234,1,directed
u148,u060,1,directed
u171,u255,1,directed
u097,u052,1,directed
u136,u018,1,directed
u225,u160,1,directed
u323,u380,0.5,undirected
u097,u125,0.5,undirected
u251,u255,1,directed
u069,u197,1,directed
u324,u093,3,directed
u225,u293,0.5,undirected
u339,u018,1,directed
u212,u272,1,directed
u067,u380,3,directed
u075,u225,1,directed
u175,u199,3,directed
u141,u264,0.5,undirected
u380,u158,1,directed
u069,u174,1,directed
u313,u052,0.5,undirected
u076,u093,1,directed
u160,u111,3,directed
u268,u171,0.5,undirected
u110,u007,1,directed
u225,u185,1,directed
u007,u386,1,directed
u225,u344,0.5,undirected
u016,u410,3,directed
u262,u419,1,directed
u391,u061,1,directed
u108,u076,3,directed
u292,u382,1,directed
u324,u372,1,directed
u259,u176,1,directed
u202,u160,3,directed
u332,u018,0.5,undirected
u212,u084,1,directed
u293,u092,3,directed
u069,u199,1,directed
u309,u393,0.5,undirected
u378,u192,1,directed
u104,u036,0.5,undirected
u225,u350,1,directed
u392,u291,0.5,undirected
u219,u236,0.5,undirected
u111,u069,1,directed
u349,u129,1,directed
u227,u288,1,directed
u121,u111,1,directed
u225,u334,1,directed
u042,u139,0.5,undirected
u349,u176,3,directed
u120,u293,1,directed
u280,u169,1,directed
u198,u324,1,directed
u007,u216,1,directed
u115,u324,0.5,undirected
u123,u355,0.5,undirected
u380,u218,0.5,undirected
u289,u187,1,directed
u332,u018,1,directed
u171,u286,1,directed
u085,u333,1,directed
u146,u072,3,directed
u018,u274,3,directed
u219,u265,1,directed
u069,u378,1,directed
u225,u157,0.5,undirected
u141,u392,1,directed
u224,u200,0.5,undirected
u070,u287,3,directed
u016,u018,0.5,undirected
u039,u042,1,directed
u018,u076,0.5,undirected
u154,u081,0.5,undirected
u235,u133,0.5,undirected
u332,u018,3,directed
u363,u355,1,directed
u242,u178,1,directed
u225,u372,3,directed
u101,u088,0.5,undirected
u282,u386,3,directed
u196,u197,1,directed
u168,u404,1,directed
u225,u160,1,directed
u225,u341,3,directed
u158,u204,3,directed
u250,u326,0.5,undirected
u189,u081,0.5,undirected
u289,u225,1,directed
u348,u069,0.5,undirected
u312,u211,1,directed
u184,u044,1,directed
u077,u410,1,directed
u018,u261,0.5,undirected
u086,u061,0.5,undirected
u152,u359,3,directed
u101,u287,1,directed
u319,u016,1,directed
u225,u302,3,directed
u080,u333,3,directed
u336,u140,0.5,undirected
u309,u290,1,directed
u372,u384,1,directed
u353,u161,1,directed
u092,u135,1,directed
u289,u013,1,directed
u362,u284,1,directed
u069,u378,0.5,undirected
u276,u018,0.5,undirected
u409,u187,3,directed
u250,u160,1,directed
u250,u119,1,directed
u178,u372,1,directed
u255,u186,1,directed
u198,u018,1,directed
u144,u069,1,directed
u152,u163,1,directed
u371,u057,0.5,undirected
u102,u010,1,directed
u050,u272,3,directed
u245,u080,3,directed
u359,u405,1,directed
u210,u158,0.5,undirected
u108,u359,1,directed
u023,u043,1,directed
u036,u018,0.5,undirected
u293,u360,1,directed
u016,u041,1,directed
u367,u081,1,directed
u141,u171,0.5,undirected
u322,u284,1,directed
u226,u402,1,directed
u160,u302,1,directed
u007,u163,1,directed
u013,u415,0.5,undirected
u069,u132,0.5,undirected
u245,u001,1,directed
u242,u171,1,directed
u007,u288,0.5,undirected
u197,u349,0.5,undirected
u247,u158,1,directed
u293,u317,3,directed
u298,u380,1,directed
u200,u018,0.5,undirected
u018,u122,1,directed
u284,u235,3,directed
u380,u200,1,directed
u308,u158,1,directed
u018,u372,1,directed
u216,u007,0.5,undirected
u320,u018,1,directed
u253,u078,1,directed
u083,u018,0.5,undirected
u052,u105,0.5,undirected
u158,u160,0.5,undirected
u158,u386,1,directed
u320,u242,1,directed
u300,u406,0.5,undirected
u367,u016,1,directed
u380,u389,1,directed
u372,u076,1,directed
u283,u380,3,directed
u239,u077,0.5,undirected
u076,u018,1,directed
u185,u013,1,directed
u090,u372,3,directed
u380,u148,1,directed
u348,u271,1,directed
u062,u158,1,directed
u007,u119,3,directed
u069,u281,1,directed
u319,u225,0.5,undirected
u081,u043,3,directed
u293,u150,1,directed
u258,u007,1,directed
u340,u158,3,directed
u324,u226,1,directed
u242,u384,1,directed
u283,u407,3,directed
u201,u171,1,directed
u289,u225,0.5,undirected
u160,u225,1,directed
u242,u034,0.5,undirected
u264,u077,1,directed
u018,u225,0.5,undirected
u261,u118,1,directed
u413,u248,1,directed
u265,u251,1,directed
u332,u220,1,directed
u392,u247,1,directed
u382,u076,0.5,undirected
u121,u371,1,directed
u018,u399,1,directed
u327,u372,0.5,undirected
u158,u380,3,directed
u018,u320,1,directed
u192,u069,3,directed
u158,u223,3,directed
u236,u154,1,directed
u387,u062,0.5,undirected
u416,u105,3,directed
u289,u003,1,directed
u076,u044,1,directed
u058,u018,0.5,undirected
u372,u242,0.5,undirected
u309,u159,1,directed
u007,u251,1,directed
u387,u148,1,directed
u018,u175,1,directed
u216,u087,0.5,undirected
u412,u348,0.5,undirected
u260,u069,0.5,undirected
u128,u118,3,directed
u158,u260,0.5,undirected
u018,u157,1,directed
u392,u016,1,directed
u042,u250,3,directed
u293,u135,1,directed
u040,u125,1,directed
u007,u119,0.5,undirected
u180,u069,1,directed
u018,u257,3,directed
u124,u061,1,directed
u066,u371,1,directed
u070,u211,1,directed
u134,u256,1,directed
u141,u392,1,directed
u068,u323,1,directed
u193,u380,1,directed
u396,u358,0.5,undirected
u333,u151,0.5,undirected
u194,u380,1,directed
u052,u333,1,directed
u048,u158,0.5,undirected
u085,u282,1,directed
u030,u219,1,directed
u170,u176,1,directed
u153,u081,1,directed
u158,u386,0.5,undirected
u026,u018,1,directed
u311,u410,3,directed
u068,u158,1,directed
u132,u082,1,directed
u250,u007,0.5,undirected
u069,u419,1,directed
u286,u077,1,directed
u225,u166,1,directed
u235,u025,1,directed
u090,u200,1,directed
u393,u245,0.5,undirected
u161,u128,1,directed
u387,u282,1,directed
u172,u082,1,directed
u160,u415,3,directed
u158,u060,3,directed
u018,u198,3,directed
u136,u224,1,directed
u237,u069,3,directed
u318,u333,3,directed
u225,u310,1,directed
u116,u018,0.5,undirected
u216,u119,3,directed
u127,u169,3,directed
u014,u046,3,directed
u069,u081,0.5,undirected
u018,u232,0.5,undirected
u237,u180,3,directed
u002,u069,0.5,undirected
u018,u065,3,directed
u016,u264,1,directed
u308,u214,0.5,undirected
u046,u308,3,directed
u320,u100,0.5,undirected
u153,u111,0.5,undirected
u121,u253,1,directed
u225,u160,3,directed
u163,u401,3,directed
u270,u069,1,directed
u101,u289,1,directed
u018,u122,1,directed
u185,u225,0.5,undirected
u380,u303,1,directed
u021,u319,0.5,undirected
u387,u008,3,directed
u366,u234,1,directed
u333,u354,1,directed
u180,u121,0.5,undirected
u069,u397,0.5,undirected
u243,u007,1,directed
u069,u318,1,directed
u255,u141,3,directed
u111,u208,3,directed
u121,u018,1,directed
u292,u090,1,directed
u170,u082,1,directed
u287,u101,0.5,undirected
u061,u355,0.5,undirected
u200,u076,3,directed
u042,u152,0.5,undirected
u160,u289,0.5,undirected
u069,u353,1,directed
u158,u062,1,directed
u345,u354,1,directed
u225,u194,1,directed
u324,u242,1,directed
u176,u128,1,directed
u110,u079,1,directed
u177,u064,0.5,undirected
u057,u084,0.5,undirected
u387,u323,0.5,undirected
u288,u233,1,directed
u380,u048,1,directed
u233,u401,1,directed
u138,u337,1,directed
u161,u055,1,directed
u046,u225,0.5,undirected
u016,u058,1,directed
u412,u069,3,directed
u365,u401,0.5,undirected
u380,u158,3,directed
u273,u225,1,directed
u279,u265,0.5,undirected
u018,u231,0.5,undirected
u158,u380,1,directed
u096,u413,3,directed
u396,u008,3,directed
u302,u289,1,directed
u152,u370,1,directed
u380,u062,1,directed
u218,u158,3,directed
u239,u367,1,directed
u069,u121,0.5,undirected
u225,u037,1,directed
u121,u158,3,directed
u372,u115,0.5,undirected
u204,u166,1,directed
u076,u372,3,directed
u139,u308,1,directed
u386,u380,1,directed
u380,u386,1,directed
u410,u300,1,directed
u118,u251,3,directed
u410,u171,1,directed
u069,u412,1,directed
u333,u154,0.5,undirected
u142,u001,3,directed
u175,u018,1,directed
u250,u333,1,directed
u116,u248,3,directed
u169,u028,1,directed
u154,u245,0.5,undirected
u203,u058,3,directed
u058,u016,0.5,undirected
u293,u415,1,directed
u154,u028,1,directed
u251,u373,3,directed
u398,u245,1,directed
u119,u046,1,directed
u032,u152,1,directed
u333,u119,1,directed
u293,u225,0.5,undirected
u307,u399,3,directed
u232,u018,3,directed
u226,u242,3,directed
u336,u115,3,directed
u273,u018,1,directed
u164,u136,1,directed
u288,u333,0.5,undirected
u163,u288,1,directed
u387,u085,1,directed
u351,u167,1,directed
u112,u196,1,directed
u100,u107,0.5,undirected
u117,u282,3,directed
u280,u173,1,directed
u081,u016,1,directed
u118,u356,1,directed
u172,u225,3,directed
u018,u231,0.5,undirected
u233,u036,0.5,undirected
u078,u412,1,directed
u090,u115,1,directed
u157,u043,1,directed
u328,u416,1,directed
u259,u069,3,directed
u197,u121,0.5,undirected
u069,u065,1,directed
u055,u232,0.5,undirected
u092,u293,0.5,undirected
u380,u324,3,directed
u158,u188,1,directed
u382,u392,3,directed
u135,u225,0.5,undirected
u018,u305,1,directed
u018,u175,1,directed
u176,u419,0.5,undirected
u009,u130,1,directed
u190,u081,1,directed
u036,u202,3,directed
u005,u034,0.5,undirected
u005,u018,3,directed
u220,u138,1,directed
u372,u380,3,directed
u259,u270,1,directed
u008,u396,0.5,undirected
u136,u115,1,directed
u014,u152,1,directed
u330,u046,1,directed
u100,u324,1,directed
u295,u099,0.5,undirected
u121,u111,1,directed
u388,u225,1,directed
u386,u323,3,directed
u007,u039,1,directed
u018,u031,3,directed
u240,u309,1,directed
u332,u116,1,directed
u386,u158,1,directed
u026,u018,1,directed
u200,u031,1,directed
u018,u385,3,directed
u081,u392,3,directed
u129,u338,1,directed
u018,u090,3,directed
u304,u225,1,directed
u225,u082,3,directed
u255,u114,1,directed
u177,u205,0.5,undirected
u216,u119,1,directed
u069,u176,1,directed
u048,u387,3,directed
u087,u141,1,directed
u040,u119,1,directed
u387,u380,1,directed
u018,u198,3,directed
u266,u139,3,directed
u018,u324,0.5,undirected
u018,u372,1,directed
u220,u393,1,directed
u151,u074,3,directed
u154,u105,1,directed
u367,u016,1,directed
u140,u018,1,directed
u078,u197,3,directed
u119,u216,1,directed
u085,u386,1,directed
u114,u158,1,directed
u293,u021,1,directed
u291,u141,1,directed
u289,u341,1,directed
u217,u070,0.5,undirected
u018,u267,1,directed
u081,u018,0.5,undirected
u014,u250,1,directed
u232,u187,1,directed
u153,u098,1,directed
u102,u018,1,directed
u367,u141,1,directed
u280,u070,1,directed
u171,u158,1,directed
u410,u301,1,directed
u347,u222,1,directed
u417,u007,1,directed
u007,u119,0.5,undirected
u200,u372,3,directed
u007,u087,1,directed
u152,u030,3,directed
u046,u007,1,directed
u143,u394,1,directed
u223,u288,1,directed
u200,u018,3,directed
u035,u081,1,directed
u080,u155,0.5,undirected
u388,u236,0.5,undirected
u088,u018,3,directed
u069,u396,1,directed
u375,u069,1,directed
u379,u093,3,directed
u151,u333,0.5,undirected
u062,u158,3,directed
u046,u288,0.5,undirected
u390,u242,3,directed
u251,u367,1,directed
u252,u018,1,directed
u372,u101,1,directed
u043,u141,3,directed
u152,u313,1,directed
u223,u128,1,directed
u158,u380,1,directed
u412,u069,1,directed
u048,u113,1,directed
u069,u356,0.5,undirected
u225,u321,0.5,undirected
u225,u018,1,directed
u387,u158,1,directed
u160,u293,3,directed
u033,u293,1,directed
u353,u008,1,directed
u238,u375,1,directed
u279,u410,1,directed
u410,u016,1,directed
u154,u287,3,directed
u171,u157,1,directed
u154,u169,1,directed
u032,u014,0.5,undirected
u134,u225,1,directed
u148,u158,1,directed
u018,u168,0.5,undirected
u367,u251,3,directed
u402,u010,0.5,undirected
u225,u319,1,directed
u250,u333,1,directed
u076,u261,1,directed
u386,u180,1,directed
u104,u293,1,directed
u198,u354,1,directed
u057,u089,1,directed
u082,u225,3,directed
u198,u175,3,directed
u223,u069,0.5,undirected
u233,u263,1,directed
u059,u288,1,directed
u081,u016,0.5,undirected
u098,u026,1,directed
u034,u409,1,directed
u243,u288,1,directed
u376,u171,0.5,undirected
u223,u017,0.5,undirected
u225,u092,0.5,undirected
u020,u042,0.5,undirected
u166,u302,1,directed
u125,u250,1,directed
u158,u395,3,directed
u364,u068,3,directed
u141,u171,1,directed
u345,u046,1,directed
u288,u119,1,directed
u007,u308,1,directed
u018,u385,3,directed
u114,u171,3,directed
u284,u233,0.5,undirected
u158,u340,1,directed
u018,u137,1,directed
u018,u384,1,directed
u251,u418,1,directed
u225,u285,1,directed
u044,u257,3,directed
u222,u351,1,directed
u372,u090,3,directed
u082,u341,1,directed
u018,u355,1,directed
u122,u018,1,directed
u100,u026,3,directed
u087,u142,1,directed
u115,u081,0.5,undirected
u387,u018,0.5,undirected
u062,u158,3,directed
u180,u069,3,directed
u166,u225,1,directed
u135,u160,1,directed
u341,u073,1,directed
u290,u233,0.5,undirected
u133,u228,3,directed
u401,u225,0.5,undirected
u136,u281,1,directed
u232,u257,3,directed
u260,u380,1,directed
u333,u007,0.5,undirected
u212,u111,1,directed
u125,u348,3,directed
u077,u114,1,directed
u255,u016,1,directed
u198,u384,0.5,undirected
u141,u016,1,directed
u048,u387,1,directed
u225,u141,1,directed
u341,u273,3,directed
u318,u417,1,directed
u171,u126,0.5,undirected
u342,u380,3,directed
u018,u324,0.5,undirected
u018,u226,1,directed
u191,u118,1,directed
u019,u100,1,directed
u111,u391,1,directed
u209,u225,1,directed
u416,u211,1,directed
u387,u045,3,directed
u225,u319,0.5,undirected
u171,u367,3,directed
u195,u396,1,directed
u158,u282,0.5,undirected
u013,u160,0.5,undirected
u220,u306,1,directed
u016,u330,0.5,undirected
u258,u125,1,directed
u202,u293,1,directed
u191,u044,1,directed
u225,u160,3,directed
u271,u121,1,directed
u392,u024,1,directed
u278,u333,1,directed
u022,u215,3,directed
u324,u007,0.5,undirected
u364,u194,1,directed
u121,u069,0.5,undirected
u217,u236,1,directed
u064,u333,1,directed
u069,u112,3,directed
u016,u141,3,directed
u097,u015,1,directed
u198,u018,3,directed
u200,u069,1,directed
u099,u100,1,directed
u005,u018,0.5,undirected
u081,u171,1,directed
u179,u345,0.5,undirected
u225,u021,1,directed
u092,u273,1,directed
u202,u141,3,directed
u081,u277,1,directed
u277,u141,0.5,undirected
u354,u389,1,directed
u400,u018,1,directed
u004,u319,0.5,undirected
u305,u357,1,directed
u200,u242,1,directed
u036,u225,1,directed
u111,u208,1,directed
u076,u226,1,directed
u329,u186,0.5,undirected
u121,u412,3,directed
u225,u289,1,directed
u081,u230,3,directed
u048,u158,1,directed
u372,u292,1,directed
u077,u058,1,directed
u049,u216,1,directed
u396,u419,1,directed
u318,u074,3,directed
u160,u220,1,directed
u134,u250,1,directed
u121,u288,3,directed
u234,u159,1,directed
u158,u380,0.5,undirected
u018,u090,1,directed
u141,u018,3,directed
u006,u171,3,directed
u332,u047,1,directed
u018,u409,1,directed
u406,u277,3,directed
u171,u090,1,directed
u110,u245,1,directed
u007,u145,1,directed
u292,u018,3,directed
u396,u174,1,directed
u258,u214,1,directed
u302,u304,0.5,undirected
u414,u160,1,directed
u071,u236,1,directed
u007,u138,3,directed
u251,u268,1,directed
u082,u302,1,directed
u069,u089,1,directed
u119,u058,1,directed
u380,u117,1,directed
u081,u226,1,directed
u236,u290,1,directed
u259,u352,1,directed
u277,u286,3,directed
u152,u119,0.5,undirected
u069,u111,3,directed
u160,u225,1,directed
u026,u339,3,directed
u016,u206,1,directed
u372,u018,3,directed
u310,u118,1,directed
u396,u259,1,directed
u207,u018,0.5,undirected
u045,u335,1,directed
u366,u328,1,directed
u100,u276,3,directed
u150,u225,1,directed
u016,u081,1,directed
u377,u270,1,directed
u230,u265,1,directed
u157,u255,1,directed
u245,u280,3,directed
u043,u081,1,directed
u412,u069,3,directed
u008,u259,3,directed
u018,u137,0.5,undirected
u187,u320,1,directed
u049,u288,1,directed
u078,u069,3,directed
u289,u160,1,directed
u129,u002,3,directed
u120,u220,0.5,undirected
u081,u277,1,directed
u371,u069,0.5,undirected
u341,u158,1,directed
u221,u018,1,directed
u245,u236,1,directed
u018,u372,1,directed
u282,u394,1,directed
u371,u212,1,directed
u216,u288,3,directed
u190,u043,1,directed
u145,u416,0.5,undirected
u232,u140,1,directed
u180,u272,0.5,undirected
u016,u419,1,directed
u380,u050,1,directed
u380,u062,0.5,undirected
u251,u141,1,directed
u133,u398,1,directed
u242,u018,1,directed
u398,u070,1,directed
u352,u069,0.5,undirected
u068,u218,1,directed
u157,u171,1,directed
u034,u058,1,directed
u335,u158,1,directed
u090,u299,0.5,undirected
u090,u034,1,directed
u115,u187,3,directed
u016,u410,3,directed
u276,u390,1,directed
u046,u139,1,directed
u007,u288,3,directed
u201,u251,0.5,undirected
u007,u288,1,directed
u069,u121,0.5,undirected
u236,u091,1,directed
u090,u263,1,directed
u052,u380,1,directed
u391,u382,1,directed
u289,u162,1,directed
u358,u144,1,directed
u364,u387,1,directed
u239,u367,0.5,undirected
u341,u289,1,directed
u052,u081,0.5,undirected
u412,u396,0.5,undirected
u355,u100,1,directed
u135,u202,0.5,undirected
u230,u301,1,directed
u308,u293,3,directed
u136,u355,3,directed
u084,u356,3,directed
u069,u176,1,directed
u225,u171,3,directed
u415,u370,1,directed
u114,u141,3,directed
u225,u123,1,directed
u044,u355,1,directed
u139,u007,1,directed
u119,u288,3,directed
u076,u153,1,directed
u416,u280,1,directed
u372,u242,1,directed
u351,u218,3,directed
u412,u174,1,directed
u333,u399,0.5,undirected
u293,u289,0.5,undirected
u216,u163,0.5,undirected
u018,u336,1,directed
u185,u366,1,directed
u144,u165,1,directed
u196,u212,1,directed
u086,u402,0.5,undirected
u026,u018,1,directed
u198,u018,1,directed
u135,u165,1,directed
u089,u197,1,directed
u372,u018,1,directed
u035,u052,1,directed
u245,u169,3,directed
u251,u311,0.5,undirected
u204,u380,3,directed
u097,u288,0.5,undirected
u069,u111,1,directed
u043,u058,3,directed
u214,u333,1,directed
u361,u293,1,directed
u406,u081,1,directed
u169,u312,1,directed
u176,u008,0.5,undirected
u101,u366,1,directed
u269,u081,3,directed
u031,u018,1,directed
u111,u069,1,directed
u247,u105,1,directed
u332,u242,0.5,undirected
u158,u380,1,directed
u151,u179,1,directed
u324,u018,0.5,undirected
u018,u242,3,directed
u008,u252,1,directed
u412,u256,1,directed
u112,u270,1,directed
u333,u399,0.5,undirected
u375,u225,1,directed
u160,u341,3,directed
u341,u000,3,directed
u018,u115,1,directed
u018,u061,0.5,undirected
u081,u016,0.5,undirected
u372,u276,3,directed
u186,u410,1,directed
u125,u333,1,directed
u142,u159,1,directed
u218,u193,1,directed
u069,u018,1,directed
u158,u222,1,directed
u053,u101,1,directed
u410,u171,1,directed
u394,u158,1,directed
u333,u020,1,directed
u136,u372,1,directed
u022,u250,1,directed
u089,u412,1,directed
u387,u147,0.5,undirected
u233,u096,1,directed
u257,u018,1,directed
u338,u218,1,directed
u387,u380,1,directed
u081,u043,1,directed
u264,u157,1,directed
u160,u225,1,directed
u038,u081,0.5,undirected
u069,u397,1,directed
u339,u277,1,directed
u260,u158,1,directed
u008,u377,0.5,undirected
u058,u157,3,directed
u160,u302,1,directed
u039,u288,1,directed
u158,u380,0.5,undirected
u014,u007,3,directed
u042,u125,3,directed
u328,u306,1,directed
u158,u171,1,directed
u216,u305,1,directed
u119,u115,1,directed
u139,u040,0.5,undirected
u069,u018,0.5,undirected
u001,u408,3,directed
u260,u195,1,directed
u183,u148,1,directed
u399,u125,1,directed
u115,u131,1,directed
u076,u136,3,directed
u125,u333,3,directed
u204,u193,1,directed
u008,u069,0.5,undirected
u337,u088,1,directed
u028,u393,1,directed
u160,u075,1,directed
u187,u018,1,directed
u382,u226,1,directed
u112,u246,1,directed
u348,u161,1,directed
u207,u140,1,directed
u391,u242,1,directed
u194,u380,0.5,undirected
u197,u008,1,directed
u380,u068,3,directed
u069,u377,1,directed
u099,u267,1,directed
u018,u276,1,directed
u018,u134,0.5,undirected
u410,u016,1,directed
u069,u111,0.5,undirected
u225,u302,0.5,undirected
u238,u158,3,directed
u380,u167,0.5,undirected
u348,u112,1,directed
u293,u016,0.5,undirected
u250,u052,1,directed
u158,u364,1,directed
u187,u018,3,directed
u034,u204,0.5,undirected
u227,u288,3,directed
u003,u321,1,directed
u077,u230,1,directed
u158,u380,1,directed
u069,u310,1,directed
u273,u293,1,directed
u225,u166,3,directed
u288,u080,1,directed
u387,u062,1,directed
u392,u372,0.5,undirected
u038,u265,0.5,undirected
u160,u392,1,directed
u355,u018,0.5,undirected
u317,u225,1,directed
u143,u380,1,directed
u181,u225,3,directed
u180,u111,3,directed
u341,u319,1,directed
u141,u016,1,directed
u121,u246,1,directed
u071,u249,1,directed
u220,u101,0.5,undirected
u394,u158,1,directed
u008,u069,1,directed
u173,u392,1,directed
u386,u158,1,directed
u184,u018,1,directed
u018,u200,1,directed
u214,u032,1,directed
u093,u018,1,directed
u225,u413,1,directed
u069,u174,1,directed
u243,u288,1,directed
u081,u058,1,directed
u389,u340,1,directed
u200,u404,3,directed
u372,u144,3,directed
u225,u319,3,directed
u380,u158,3,directed
u141,u024,3,directed
u225,u172,1,directed
u275,u380,3,directed
u235,u119,1,directed
u005,u324,3,directed
u341,u301,3,directed
u008,u212,1,directed
u065,u069,1,directed
u018,u160,1,directed
u231,u076,1,directed
u299,u367,3,directed
u277,u300,1,directed
u225,u302,3,directed
u213,u161,1,directed
u115,u198,3,directed
u187,u136,1,directed
u225,u304,1,directed
u081,u251,1,directed
u117,u158,0.5,undirected
u288,u255,1,directed
u081,u056,1,directed
u016,u311,3,directed
u036,u225,0.5,undirected
u277,u190,1,directed
u147,u389,1,directed
u176,u007,3,directed
u333,u022,1,directed
u290,u287,3,directed
u228,u217,1,directed
u342,u335,0.5,undirected
u256,u121,1,directed
u223,u160,0.5,undirected
u032,u040,1,directed
u402,u086,0.5,undirected
u084,u412,3,directed
u171,u016,3,directed
u380,u323,1,directed
u412,u069,1,directed
u158,u018,3,directed
u334,u370,3,directed
u018,u226,1,directed
u044,u102,1,directed
u242,u312,0.5,undirected
u317,u289,1,directed
u288,u210,0.5,undirected
u076,u109,3,directed
u110,u158,1,directed
u018,u119,1,directed
u334,u321,3,directed
u410,u016,0.5,undirected
u265,u006,1,directed
u358,u084,1,directed
u377,u396,3,directed
u052,u007,3,directed
u106,u318,1,directed
u081,u251,1,directed
u202,u380,1,directed
u370,u325,1,directed
u174,u403,1,directed
u200,u123,1,directed
u081,u286,1,directed
u380,u394,3,directed
u412,u069,1,directed
u380,u341,0.5,undirected
u293,u225,1,directed
u230,u221,1,directed
u293,u075,1,directed
u069,u352,1,directed
u225,u008,0.5,undirected
u035,u171,3,directed
u410,u171,1,directed
u257,u083,3,directed
u069,u281,1,directed
u372,u018,0.5,undirected
u081,u225,3,directed
u315,u377,0.5,undirected
u365,u007,0.5,undirected
u341,u225,0.5,undirected
u225,u132,1,directed
u069,u050,1,directed
u007,u387,1,directed
u082,u181,3,directed
u262,u200,1,directed
u222,u307,1,directed
u058,u277,0.5,undirected
u176,u348,3,directed
u286,u157,0.5,undirected
u074,u119,0.5,undirected
u036,u261,1,directed
u061,u018,1,directed
u245,u081,1,directed
u075,u018,3,directed
u364,u387,3,directed
u135,u225,1,directed
u064,u152,1,directed
u125,u046,0.5,undirected
u259,u371,1,directed
u225,u051,0.5,undirected
u225,u135,3,directed
u386,u387,1,directed
u064,u158,1,directed
u387,u400,1,directed
u198,u336,3,directed
u255,u016,1,directed
u141,u058,0.5,undirected
u171,u141,0.5,undirected
u163,u365,1,directed
u090,u372,3,directed
u158,u380,1,directed
u111,u072,3,directed
u288,u345,1,directed
u013,u341,3,directed
u086,u100,0.5,undirected
u412,u165,0.5,undirected
u334,u160,0.5,undirected
u242,u100,1,directed
u158,u171,1,directed
u395,u319,3,directed
u016,u006,1,directed
u090,u355,1,directed
u176,u358,3,directed
u373,u255,0.5,undirected
u119,u022,1,directed
u372,u115,1,directed
u344,u092,1,directed
u401,u216,1,directed
u255,u279,1,directed
u372,u116,3,directed
u197,u310,1,directed
u387,u064,3,directed
u323,u340,3,directed
u225,u161,1,directed
u177,u080,0.5,undirected
u389,u380,0.5,undirected
u384,u379,1,directed
u293,u135,3,directed
u206,u171,0.5,undirected
u410,u233,1,directed
u016,u141,1,directed
u022,u202,1,directed
u145,u046,1,directed
u018,u115,1,directed
u069,u165,1,directed
u396,u324,0.5,undirected
u369,u076,1,directed
u007,u278,3,directed
u119,u333,0.5,undirected
u279,u081,0.5,undirected
u320,u090,1,directed
u018,u100,1,directed
u089,u069,1,directed
u265,u251,1,directed
u231,u275,1,directed
u069,u412,0.5,undirected
u111,u396,3,directed
u099,u018,0.5,undirected
u115,u018,1,directed
u293,u225,3,directed
u412,u356,1,directed
u081,u141,1,directed
u242,u092,1,directed
u216,u250,1,directed
u204,u380,1,directed
u081,u171,1,directed
u018,u086,1,directed
u323,u380,0.5,undirected
u088,u070,1,directed
u112,u203,1,directed
u380,u298,1,directed
u056,u410,0.5,undirected
u333,u343,1,directed
u202,u321,1,directed
u070,u287,1,directed
u406,u251,0.5,undirected
u383,u081,0.5,undirected
u058,u265,1,directed
u158,u380,1,directed
u171,u069,1,directed
u250,u152,0.5,undirected
u216,u046,1,directed
u018,u384,0.5,undirected
u115,u399,1,directed
u121,u008,0.5,undirected
u372,u018,1,directed
u300,u063,3,directed
u222,u119,1,directed
u115,u332,1,directed
u225,u289,3,directed
u346,u138,0.5,undirected
u288,u119,0.5,undirected
u121,u297,3,directed
u041,u255,3,directed
u095,u259,3,directed
u262,u018,1,directed
u369,u137,0.5,undirected
u409,u324,3,directed
u016,u113,1,directed
u255,u043,3,directed
u333,u106,0.5,undirected
u087,u101,0.5,undirected
u141,u335,3,directed
u333,u106,3,directed
u164,u140,1,directed
u057,u195,0.5,undirected
u052,u333,0.5,undirected
u380,u160,1,directed
u158,u394,1,directed
u284,u368,1,directed
u181,u092,1,directed
u161,u069,1,directed
u121,u018,3,directed
u104,u225,1,directed
u105,u333,1,directed
u386,u255,1,directed
u018,u324,1,directed
u332,u355,1,directed
u154,u235,1,directed
u216,u287,0.5,undirected
u417,u250,3,directed
u412,u272,3,directed
u248,u312,1,directed
u076,u018,0.5,undirected
u005,u018,1,directed
u007,u002,0.5,undirected
u069,u377,0.5,undirected
u158,u068,1,directed
u394,u048,3,directed
u144,u069,1,directed
u018,u221,0.5,undirected
u119,u152,1,directed
u158,u193,1,directed
u380,u196,0.5,undirected
u081,u367,1,directed
u364,u282,1,directed
u060,u068,1,directed
u171,u114,1,directed
u007,u305,3,directed
u268,u259,1,directed
u380,u048,3,directed
u391,u153,1,directed
u242,u018,0.5,undirected
u369,u018,1,directed
u298,u117,1,directed
u236,u018,0.5,undirected
u043,u300,1,directed
u075,u293,1,directed
u081,u269,3,directed
u069,u272,1,directed
u418,u043,1,directed
u056,u245,1,directed
u234,u170,3,directed
u372,u294,0.5,undirected
u106,u288,1,directed
u261,u290,3,directed
u081,u157,1,directed
u374,u366,3,directed
u070,u228,1,directed
u255,u152,0.5,undirected
u415,u225,1,directed
u082,u367,1,directed
u125,u080,1,directed
u046,u114,1,directed
u221,u018,1,directed
u341,u182,1,directed
u410,u286,3,directed
u216,u359,0.5,undirected
u158,u298,1,directed
u206,u276,1,directed
u165,u385,3,directed
u111,u419,3,directed
u261,u111,0.5,undirected
u418,u279,1,directed
u232,u107,1,directed
u018,u355,1,directed
u134,u069,3,directed
u376,u269,3,directed
u079,u158,0.5,undirected
u046,u333,0.5,undirected
u007,u371,1,directed
u076,u090,1,directed
u119,u401,1,directed
u193,u407,3,directed
u223,u356,1,directed
u319,u104,1,directed
u212,u396,3,directed
u053,u362,1,directed
u203,u141,3,directed
u250,u007,1,directed
u288,u046,1,directed
u364,u386,1,directed
u333,u040,3,directed
u092,u048,1,directed
u291,u058,1,directed
u225,u319,1,directed
u069,u176,1,directed
u416,u284,1,directed
u249,u088,1,directed
u272,u223,1,directed
u043,u251,1,directed
u243,u119,1,directed
u176,u238,3,directed
u158,u067,1,directed
u255,u271,3,directed
u413,u248,1,directed
u039,u213,1,directed
u297,u014,0.5,undirected
u386,u091,0.5,undirected
u082,u007,0.5,undirected
u261,u159,0.5,undirected
u153,u262,1,directed
u293,u319,0.5,undirected
u158,u387,1,directed
u158,u303,0.5,undirected
u081,u251,1,directed
u137,u115,1,directed
u160,u293,1,directed
u165,u069,0.5,undirected
u051,u333,1,directed
u419,u069,1,directed
u024,u141,1,directed
u117,u380,1,directed
u372,u276,0.5,undirected
u080,u040,3,directed
u383,u038,1,directed
u119,u139,0.5,undirected
u016,u277,0.5,undirected
u197,u223,1,directed
u126,u058,1,directed
u074,u250,1,directed
u039,u046,3,directed
u119,u318,1,directed
u319,u086,3,directed
u200,u199,0.5,undirected
u223,u057,1,directed
u255,u141,1,directed
u228,u096,3,directed
u198,u372,1,directed
u384,u396,1,directed
u344,u246,3,directed
u093,u115,1,directed
u363,u018,1,directed
u158,u195,1,directed
u234,u413,0.5,undirected
u058,u406,3,directed
u158,u117,3,directed
u349,u419,1,directed
u368,u095,1,directed
u293,u135,0.5,undirected
u369,u140,1,directed
u069,u180,1,directed
u406,u251,1,directed
u288,u059,1,directed
u382,u026,3,directed
u232,u018,1,directed
u069,u253,1,directed
u048,u380,1,directed
u069,u237,0.5,undirected
u402,u018,3,directed
u115,u018,1,directed
u112,u348,1,directed
u153,u199,1,directed
u320,u076,0.5,undirected
u158,u323,1,directed
u087,u125,1,directed
u147,u158,1,directed
u212,u161,3,directed
u372,u324,3,directed
u318,u052,1,directed
u200,u018,3,directed
u279,u255,1,directed
u315,u348,1,directed
u171,u201,1,directed
u225,u270,0.5,undirected
u081,u018,1,directed
u164,u232,1,directed
u132,u160,3,directed
u410,u016,0.5,undirected
u243,u152,1,directed
u160,u386,0.5,undirected
u387,u085,0.5,undirected
u091,u013,1,directed
u069,u095,0.5,undirected
u346,u236,1,directed
u410,u329,0.5,undirected
u341,u135,0.5,undirected
u081,u016,0.5,undirected
u414,u225,0.5,undirected
u320,u098,1,directed
u291,u343,1,directed
u101,u366,1,directed
u277,u251,0.5,undirected
u202,u148,1,directed
u035,u157,3,directed
u354,u250,1,directed
u360,u395,1,directed
u081,u012,1,directed
u198,u044,1,directed
u323,u158,3,directed
u018,u276,3,directed
u204,u280,1,directed
u090,u115,3,directed
u183,u377,1,directed
u279,u016,1,directed
u288,u152,0.5,undirected
u069,u371,0.5,undirected
u111,u344,3,directed
u232,u242,1,directed
u110,u081,1,directed
u119,u293,0.5,undirected
u216,u108,1,directed
u140,u100,3,directed
u160,u145,1,directed
u119,u177,1,directed
u132,u255,3,directed
u387,u282,1,directed
u160,u031,1,directed
u242,u231,0.5,undirected
u408,u011,1,directed
u006,u058,1,directed
u163,u152,0.5,undirected
u158,u193,1,directed
u234,u217,3,directed
u372,u363,3,directed
u234,u027,1,directed
u158,u386,1,directed
u333,u179,0.5,undirected
u069,u356,1,directed
u225,u197,1,directed
u207,u090,1,directed
u371,u372,3,directed
u172,u251,1,directed
u384,u069,0.5,undirected
u244,u105,1,directed
u018,u391,3,directed
u288,u250,1,directed
u387,u148,1,directed
u005,u363,3,directed
u171,u081,1,directed
u355,u018,1,directed
u276,u355,1,directed
u305,u064,1,directed
u083,u003,1,directed
u339,u018,3,directed
u095,u259,1,directed
u016,u196,1,directed
u076,u391,1,directed
u079,u194,1,directed
u171,u141,1,directed
u361,u082,3,directed
u043,u018,1,directed
u081,u141,1,directed
u386,u387,1,directed
u105,u069,0.5,undirected
u333,u119,1,directed
u380,u387,3,directed
u387,u158,1,directed
u158,u386,1,directed
u158,u225,0.5,undirected
u124,u141,1,directed
u215,u119,1,directed
u227,u058,1,directed
u341,u048,1,directed
u265,u251,1,directed
u218,u275,0.5,undirected
u018,u402,1,directed
u058,u081,3,directed
u279,u157,3,directed
u372,u332,3,directed
u333,u049,1,directed
u305,u007,1,directed
u158,u340,1,directed
u158,u280,3,directed
u387,u380,1,directed
u153,u175,3,directed
u277,u251,3,directed
u277,u251,1,directed
u158,u386,1,directed
u387,u323,3,directed
u158,u110,1,directed
u049,u007,1,directed
u158,u110,0.5,undirected
u324,u115,0.5,undirected
u381,u399,3,directed
u372,u187,0.5,undirected
u268,u141,1,directed
u125,u042,0.5,undirected
u309,u261,3,directed
u061,u402,1,directed
u344,u050,3,directed
u173,u141,0.5,undirected
u367,u277,1,directed
u126,u008,0.5,undirected
u187,u124,3,directed
u242,u123,1,directed
u090,u336,3,directed
u141,u251,0.5,undirected
u072,u212,1,directed
u242,u018,3,directed
u364,u158,1,directed
u155,u177,3,directed
u125,u288,1,directed
u357,u333,1,directed
u089,u219,1,directed
u018,u231,0.5,undirected
u393,u101,1,directed
u324,u184,1,directed
u251,u286,1,directed
u018,u384,1,directed
u082,u197,1,directed
u333,u106,1,directed
u165,u176,3,directed
u016,u141,1,directed
u225,u319,1,directed
u346,u277,1,directed
u053,u347,1,directed
u069,u036,3,directed
u211,u141,3,directed
u041,u157,1,directed
u018,u221,3,directed
u380,u384,0.5,undirected
u341,u225,0.5,undirected
u018,u242,1,directed
u018,u257,0.5,undirected
u419,u410,1,directed
u408,u249,0.5,undirected
u378,u353,1,directed
u410,u141,0.5,undirected
u016,u259,1,directed
u327,u221,3,directed
u412,u069,0.5,undirected
u225,u104,3,directed
u012,u016,0.5,undirected
u171,u418,0.5,undirected
u225,u377,1,directed
u171,u141,1,directed
u073,u018,0.5,undirected
u069,u192,1,directed
u069,u128,3,directed
u380,u193,1,directed
u371,u348,1,directed
u300,u043,0.5,undirected
u302,u293,0.5,undirected
u323,u380,1,directed
u083,u140,1,directed
u070,u088,0.5,undirected
u279,u392,3,directed
u153,u200,0.5,undirected
u348,u271,0.5,undirected
u007,u288,3,directed
u388,u341,0.5,undirected
u139,u125,1,directed
u225,u412,1,directed
u282,u161,1,directed
u141,u081,1,directed
u261,u053,1,directed
u359,u040,1,directed
u008,u180,1,directed
u081,u392,3,directed
u341,u319,1,directed
u171,u081,0.5,undirected
u308,u046,1,directed
u141,u081,1,directed
u293,u395,1,directed
u145,u133,0.5,undirected
u158,u333,1,directed
u115,u018,1,directed
u154,u101,3,directed
u413,u392,1,directed
u402,u003,1,directed
u380,u321,1,directed
u412,u310,0.5,undirected
u348,u396,1,directed
u065,u069,0.5,undirected
u225,u166,1,directed
u232,u018,1,directed
u394,u386,3,directed
u110,u148,1,directed
u070,u233,3,directed
u390,u402,1,directed
u015,u341,1,directed
u286,u225,3,directed
u318,u101,1,directed
u225,u319,0.5,undirected
u048,u032,0.5,undirected
u411,u239,1,directed
u401,u417,1,directed
u218,u386,1,directed
u317,u075,1,directed
u307,u119,1,directed
u131,u141,1,directed
u157,u081,1,directed
u069,u270,0.5,undirected
u259,u050,1,directed
u412,u203,1,directed
u318,u039,1,directed
u009,u069,1,directed
u236,u328,0.5,undirected
u034,u090,3,directed
u279,u016,1,directed
u372,u018,3,directed
u135,u082,1,directed
u095,u076,1,directed
u221,u018,1,directed
u016,u166,0.5,undirected
u161,u375,1,directed
u275,u303,1,directed
u101,u306,1,directed
u330,u255,1,directed
u390,u140,1,directed
u026,u327,3,directed
u412,u002,3,directed
u255,u251,0.5,undirected
u026,u224,1,directed
u158,u340,3,directed
u158,u340,0.5,undirected
u336,u019,0.5,undirected
u048,u071,1,directed
u255,u141,1,directed
u147,u077,1,directed
u119,u318,3,directed
u134,u310,1,directed
u288,u163,1,directed
u007,u080,1,directed
u076,u100,1,directed
u380,u282,1,directed
u002,u237,0.5,undirected
u242,u187,1,directed
u362,u384,3,directed
u134,u212,1,directed
u367,u251,1,directed
u402,u251,3,directed
u205,u007,1,directed
u233,u121,1,directed
u171,u018,3,directed
u036,u321,1,directed
u216,u288,1,directed
u091,u160,3,directed
u033,u007,1,directed
u380,u242,0.5,undirected
u232,u199,1,directed
u377,u238,1,directed
u332,u295,1,directed
u216,u251,1,directed
u287,u219,1,directed
u332,u073,1,directed
u412,u375,0.5,undirected
u340,u380,1,directed
u299,u391,3,directed
u333,u401,3,directed
u288,u354,3,directed
u380,u364,1,directed
u134,u375,3,directed
u332,u402,1,directed
u002,u057,0.5,undirected
u323,u048,1,directed
u309,u069,1,directed
u331,u272,3,directed
u276,u018,3,directed
u293,u225,1,directed
u356,u128,0.5,undirected
u047,u026,3,directed
u007,u250,1,directed
u293,u319,3,directed
u242,u332,1,directed
u223,u069,3,directed
u016,u081,3,directed
u069,u392,0.5,undirected
u341,u225,1,directed
u173,u279,3,directed
u002,u161,1,directed
u393,u306,1,directed
u375,u018,1,directed
u341,u185,0.5,undirected
u141,u063,1,directed
u010,u390,1,directed
u380,u276,1,directed
u177,u380,1,directed
u323,u090,3,directed
u241,u082,1,directed
u412,u069,1,directed
u158,u275,1,directed
u063,u367,0.5,undirected
u364,u387,1,directed
u069,u419,3,directed
u211,u309,1,directed
u230,u383,1,directed
u016,u173,3,directed
u299,u226,1,directed
u232,u384,1,directed
u175,u034,3,directed
u220,u145,1,directed
u355,u018,1,directed
u185,u225,1,directed
u115,u018,0.5,undirected
u018,u200,1,directed
u367,u119,3,directed
u036,u225,1,directed
u206,u290,0.5,undirected
u081,u277,3,directed
u360,u225,1,directed
u141,u171,3,directed
u416,u053,3,directed
u032,u007,3,directed
u324,u276,0.5,undirected
u101,u366,0.5,undirected
u116,u090,1,directed
u139,u007,3,directed
u067,u387,1,directed
u125,u048,3,directed
u416,u101,1,directed
u007,u020,0.5,undirected
u236,u001,1,directed
u343,u411,0.5,undirected
u272,u089,1,directed
u416,u380,1,directed
u302,u160,0.5,undirected
u225,u298,1,directed
u183,u158,0.5,undirected
u333,u288,1,directed
u039,u152,3,directed
u367,u081,3,directed
u289,u334,1,directed
u056,u171,1,directed
u418,u016,0.5,undirected
u160,u081,0.5,undirected
u146,u342,1,directed
u171,u410,1,directed
u032,u033,0.5,undirected
u324,u018,3,directed
u142,u346,1,directed
u367,u141,1,directed
u225,u171,1,directed
u160,u225,1,directed
u158,u351,3,directed
u319,u160,1,directed
u266,u250,1,directed
u391,u251,1,directed
u259,u069,1,directed
u105,u182,1,directed
u035,u286,1,directed
u333,u380,3,directed
u225,u113,1,directed
u191,u128,1,directed
u356,u111,1,directed
u243,u359,3,directed
u186,u279,3,directed
u410,u016,3,directed
u398,u416,1,directed
u039,u152,0.5,undirected
u198,u026,1,directed
u099,u018,3,directed
u081,u141,0.5,undirected
u158,u171,1,directed
u366,u225,3,directed
u217,u413,1,directed
u208,u223,0.5,undirected
u042,u289,3,directed
u302,u095,3,directed
u272,u008,1,directed
u225,u160,3,directed
u069,u065,0.5,undirected
u020,u258,3,directed
u387,u193,1,directed
u234,u154,1,directed
u380,u294,1,directed
u179,u275,0.5,undirected
u121,u310,3,directed
u069,u008,0.5,undirected
u293,u202,1,directed
u354,u288,1,directed
u313,u119,0.5,undirected
u018,u090,1,directed
u350,u360,1,directed
u091,u202,1,directed
u115,u372,3,directed
u152,u119,1,directed
u212,u412,3,directed
u295,u225,1,directed
u132,u273,0.5,undirected
u069,u344,1,directed
u288,u007,3,directed
u223,u069,0.5,undirected
u090,u355,3,directed
u043,u157,1,directed
u333,u016,1,directed
u225,u395,3,directed
u145,u235,1,directed
u198,u018,3,directed
u087,u022,1,directed
u113,u277,3,directed
u354,u365,1,directed
u165,u069,3,directed
u141,u265,1,directed
u297,u333,1,directed
u176,u375,3,directed
u270,u353,1,directed
u404,u276,0.5,undirected
u007,u125,1,directed
u018,u372,1,directed
u141,u016,1,directed
u018,u195,3,directed
u069,u348,3,directed
u219,u145,1,directed
u018,u153,1,directed
u287,u259,3,directed
u321,u334,0.5,undirected
u348,u069,1,directed
u212,u008,0.5,undirected
u371,u196,1,directed
u016,u081,1,directed
u001,u413,0.5,undirected
u168,u384,1,directed
u333,u288,1,directed
u115,u137,3,directed
u158,u303,3,directed
u007,u417,1,directed
u158,u195,1,directed
u158,u062,1,directed
u410,u141,1,directed
u018,u019,1,directed
u302,u150,1,directed
u248,u306,1,directed
u058,u081,3,directed
u248,u236,3,directed
u196,u069,1,directed
u158,u282,0.5,undirected
u092,u225,0.5,undirected
u335,u148,0.5,undirected
u121,u246,1,directed
u388,u225,1,directed
u110,u386,0.5,undirected
u139,u297,1,directed
u214,u333,0.5,undirected
u203,u255,1,directed
u269,u063,3,directed
u410,u077,1,directed
u408,u028,1,directed
u402,u018,0.5,undirected
u358,u069,0.5,undirected
u404,u324,1,directed
u110,u275,1,directed
u280,u366,1,directed
u319,u341,3,directed
u141,u024,1,directed
u007,u163,0.5,undirected
u200,u018,3,directed
u002,u358,1,directed
u037,u225,1,directed
u081,u056,1,directed
u267,u116,1,directed
u018,u299,3,directed
u277,u014,1,directed
u092,u225,1,directed
u127,u220,0.5,undirected
u386,u400,1,directed
u054,u173,1,directed
u404,u010,3,directed
u054,u392,0.5,undirected
u390,u101,1,directed
u076,u332,3,directed
u305,u330,3,directed
u410,u171,0.5,undirected
u086,u018,0.5,undirected
u324,u100,1,directed
u301,u171,1,directed
u341,u160,1,directed
u344,u353,1,directed
u141,u035,3,directed
u283,u193,1,directed
u206,u410,1,directed
u216,u007,1,directed
u154,u244,1,directed
u324,u199,3,directed
u243,u297,1,directed
u072,u128,0.5,undirected
u018,u355,1,directed
u171,u264,1,directed
u111,u112,1,directed
u338,u176,0.5,undirected
u319,u225,0.5,undirected
u208,u121,1,directed
u384,u018,3,directed
u032,u059,1,directed
u069,u111,3,directed
u300,u081,3,directed
u323,u380,1,directed
u046,u266,0.5,undirected
u354,u318,1,directed
u293,u225,1,directed
u387,u386,0.5,undirected
u018,u324,3,directed
u076,u018,1,directed
u157,u386,0.5,undirected
u069,u272,0.5,undirected
u379,u082,1,directed
u171,u058,1,directed
u069,u377,1,directed
u171,u251,0.5,undirected
u384,u355,1,directed
u155,u020,3,directed
u200,u071,3,directed
u169,u366,1,directed
u325,u202,1,directed
u081,u225,1,directed
u069,u078,0.5,undirected
u064,u007,3,directed
u121,u069,0.5,undirected
u167,u158,0.5,undirected
u277,u157,1,directed
u018,u332,1,directed
u081,u171,0.5,undirected
u324,u355,1,directed
u363,u018,1,directed
u415,u251,3,directed
u100,u098,3,directed
u221,u225,1,directed
u341,u293,3,directed
u040,u297,1,directed
u160,u135,1,directed
u318,u040,3,directed
u125,u046,1,directed
u152,u046,1,directed
u005,u061,1,directed
u162,u160,1,directed
u009,u027,1,directed
u010,u109,0.5,undirected
u225,u415,3,directed
u124,u122,0.5,undirected
u018,u107,1,directed
u417,u016,1,directed
u060,u158,1,directed
u318,u333,1,directed
u136,u382,1,directed
u158,u165,1,directed
u081,u157,3,directed
u132,u293,0.5,undirected
u227,u030,3,directed
u103,u419,1,directed
u310,u396,0.5,undirected
u055,u018,1,directed
u046,u250,1,directed
u175,u029,0.5,undirected
u204,u110,1,directed
u035,u171,1,directed
u272,u069,0.5,undirected
u307,u152,1,directed
u158,u400,3,directed
u257,u018,1,directed
u277,u359,0.5,undirected
u051,u288,0.5,undirected
u018,u200,1,directed
u316,u228,0.5,undirected
u081,u073,3,directed
u289,u341,0.5,undirected
u225,u304,3,directed
u018,u320,0.5,undirected
u385,u018,1,directed
u014,u139,1,directed
u229,u052,3,directed
u153,u107,1,directed
u139,u225,1,directed
u014,u359,1,directed
u185,u225,3,directed
u351,u193,1,directed
u259,u084,0.5,undirected
u306,u159,1,directed
u070,u324,1,directed
u214,u250,1,directed
u012,u171,3,directed
u018,u102,3,directed
u072,u069,3,directed
u163,u007,1,directed
u288,u152,0.5,undirected
u251,u016,3,directed
u200,u099,3,directed
u308,u064,3,directed
u322,u159,0.5,undirected
u018,u320,1,directed
u415,u225,1,directed
u186,u329,1,directed
u066,u069,1,directed
u081,u016,0.5,undirected
u133,u380,1,directed
u075,u021,3,directed
u115,u324,3,directed
u357,u080,1,directed
u036,u141,1,directed
u332,u018,3,directed
u333,u139,1,directed
u055,u391,1,directed
u333,u087,0.5,undirected
u387,u158,0.5,undirected
u025,u053,0.5,undirected
u018,u158,1,directed
u081,u171,1,directed
u051,u305,0.5,undirected
u372,u132,1,directed
u384,u324,3,directed
u329,u141,1,directed
u078,u259,1,directed
u100,u109,0.5,undirected
u121,u270,3,directed
u066,u310,1,directed
u175,u018,0.5,undirected
u302,u225,1,directed
u139,u158,1,directed
u319,u293,1,directed
u012,u141,1,directed
u006,u329,3,directed
u016,u157,1,directed
u170,u240,0.5,undirected
u148,u068,1,directed
u320,u200,1,directed
u410,u043,1,directed
u366,u154,1,directed
u081,u367,1,directed
u341,u225,1,directed
u371,u115,3,directed
u242,u090,1,directed
u018,u026,1,directed
u092,u225,0.5,undirected
u383,u171,1,directed
u030,u052,1,directed
u250,u007,1,directed
u119,u139,1,directed
u294,u387,0.5,undirected
u266,u216,3,directed
u239,u410,1,directed
u267,u379,3,directed
u244,u234,1,directed
u110,u335,1,directed
u387,u045,0.5,undirected
u107,u018,3,directed
u018,u299,3,directed
u073,u324,3,directed
u011,u185,3,directed
u051,u333,3,directed
u354,u229,1,directed
u151,u139,1,directed
u141,u383,1,directed
u416,u145,1,directed
u121,u018,1,directed
u408,u160,0.5,undirected
u061,u242,0.5,undirected
u271,u223,1,directed
u018,u200,3,directed
u288,u119,1,directed
u293,u302,1,directed
u052,u333,3,directed
u145,u235,1,directed
u412,u176,1,directed
u072,u378,0.5,undirected
u225,u293,1,directed
u380,u082,1,directed
u158,u062,1,directed
u071,u154,1,directed
u059,u305,1,directed
u109,u018,3,directed
u288,u018,1,directed
u299,u124,3,directed
u160,u225,0.5,undirected
u069,u348,1,directed
u171,u373,0.5,undirected
u143,u110,1,directed
u062,u386,1,directed
u162,u225,1,directed
u387,u158,0.5,undirected
u235,u346,1,directed
u222,u046,3,directed
u018,u140,1,directed
u250,u007,1,directed
u262,u324,1,directed
u415,u325,3,directed
u227,u018,0.5,undirected
u007,u354,1,directed
u341,u319,1,directed
u141,u157,1,directed
u100,u090,1,directed
u324,u018,0.5,undirected
u171,u081,0.5,undirected
u335,u067,1,directed
u069,u112,1,directed
u303,u245,1,directed
u408,u145,0.5,undirected
u380,u283,0.5,undirected
u277,u114,1,directed
u348,u314,1,directed
u278,u033,1,directed
u178,u018,1,directed
u384,u372,3,directed
u293,u225,0.5,undirected
u341,u176,1,directed
u152,u106,0.5,undirected
u135,u289,0.5,undirected
u201,u279,1,directed
u018,u372,1,directed
u399,u333,0.5,undirected
u216,u250,1,directed
u018,u048,1,directed
u233,u170,3,directed
u335,u340,1,directed
u276,u018,1,directed
u007,u087,1,directed
u141,u173,1,directed
u007,u288,1,directed
u115,u018,1,directed
u289,u160,1,directed
u160,u293,3,directed
u279,u268,0.5,undirected
u117,u275,1,directed
u171,u157,1,directed
u286,u157,3,directed
u192,u223,1,directed
u016,u268,1,directed
u018,u254,3,directed
u141,u189,0.5,undirected
u233,u043,1,directed
u232,u355,1,directed
u171,u018,1,directed
u069,u095,1,directed
u324,u288,1,directed
u353,u237,1,directed
u372,u135,3,directed
u251,u392,1,directed
u018,u168,0.5,undirected
u232,u109,0.5,undirected
u115,u254,1,directed
u381,u216,1,directed
u348,u069,3,directed
u308,u007,3,directed
u232,u018,1,directed
u212,u121,1,directed
u418,u081,3,directed
u377,u008,1,directed
u171,u114,1,directed
u158,u079,1,directed
u388,u325,3,directed
u179,u007,1,directed
u155,u042,3,directed
u165,u075,1,directed
u362,u290,0.5,undirected
u081,u141,1,directed
u204,u275,0.5,undirected
u016,u038,1,directed
u036,u166,1,directed
u366,u154,3,directed
u332,u295,0.5,undirected
u081,u043,1,directed
u099,u034,1,directed
u086,u018,1,directed
u028,u248,1,directed
u251,u171,1,directed
u058,u024,1,directed
u111,u089,1,directed
u018,u324,3,directed
u288,u333,0.5,undirected
u160,u293,1,directed
u194,u380,1,directed
u371,u111,1,directed
u392,u081,1,directed
u196,u111,0.5,undirected
u319,u004,0.5,undirected
u143,u341,0.5,undirected
u267,u294,3,directed
u171,u141,0.5,undirected
u111,u170,1,directed
u234,u061,1,directed
u330,u018,1,directed
u288,u333,1,directed
u276,u295,1,directed
u366,u249,0.5,undirected
u225,u334,1,directed
u200,u090,1,directed
u125,u399,3,directed
u212,u335,1,directed
u253,u069,1,directed
u412,u266,1,directed
u169,u069,0.5,undirected
u064,u007,1,directed
u130,u111,0.5,undirected
u409,u372,1,directed
u372,u187,1,directed
u018,u324,0.5,undirected
u341,u225,0.5,undirected
u365,u250,0.5,undirected
u223,u310,1,directed
u171,u286,1,directed
u002,u356,1,directed
u410,u081,1,directed
u069,u124,1,directed
u250,u139,1,directed
u250,u333,1,directed
u008,u392,1,directed
u324,u107,1,directed
u179,u119,1,directed
u199,u123,1,directed
u018,u284,1,directed
u176,u272,1,directed
u007,u046,0.5,undirected
u043,u410,3,directed
u168,u242,0.5,undirected
u312,u028,3,directed
u212,u330,1,directed
u245,u282,0.5,undirected
u225,u212,1,directed
u105,u416,3,directed
u171,u410,1,directed
u007,u042,1,directed
u030,u039,1,directed
u286,u171,3,directed
u198,u103,0.5,undirected
u018,u115,1,directed
u234,u248,1,directed
u348,u375,1,directed
u375,u377,1,directed
u255,u171,1,directed
u346,u169,1,directed
u402,u231,3,directed
u310,u069,1,directed
u332,u007,1,directed
u111,u213,0.5,undirected
u225,u319,1,directed
u266,u177,0.5,undirected
u105,u280,1,directed
u280,u374,1,directed
u145,u287,3,directed
u193,u390,1,directed
u333,u163,1,directed
u293,u341,1,directed
u141,u279,3,directed
u248,u154,1,directed
u346,u061,3,directed
u232,u018,1,directed
u372,u329,1,directed
u396,u225,3,directed
u101,u234,1,directed
u170,u070,3,directed
u202,u321,1,directed
u293,u036,1,directed
u255,u024,1,directed
u392,u380,3,directed
u416,u233,3,directed
u073,u147,0.5,undirected
u081,u190,1,directed
u111,u396,1,directed
u345,u177,1,directed
u067,u260,1,directed
u225,u082,1,directed
u018,u187,1,directed
u038,u383,3,directed
u245,u328,1,directed
u152,u273,1,directed
u282,u275,0.5,undirected
u375,u128,1,directed
u163,u108,0.5,undirected
u158,u380,3,directed
u121,u084,1,directed
u412,u356,1,directed
u048,u158,1,directed
u069,u222,1,directed
u193,u380,1,directed
u160,u043,0.5,undirected
u333,u250,1,directed
u279,u141,3,directed
u355,u018,3,directed
u072,u069,1,directed
u113,u201,1,directed
u293,u160,0.5,undirected
u382,u348,0.5,undirected
u158,u324,1,directed
u332,u018,1,directed
u348,u069,1,directed
u157,u141,1,directed
u290,u139,1,directed
u387,u380,1,directed
u318,u250,1,directed
u176,u069,1,directed
u416,u248,3,directed
u007,u097,1,directed
u158,u380,1,directed
u158,u275,1,directed
u416,u169,0.5,undirected
u276,u086,1,directed
u163,u381,3,directed
u324,u008,1,directed
u080,u380,1,directed
u043,u251,1,directed
u415,u273,1,directed
u069,u095,1,directed
u158,u380,0.5,undirected
u410,u157,1,directed
u363,u332,1,directed
u016,u077,3,directed
u410,u279,3,directed
u007,u269,0.5,undirected
u116,u242,1,directed
u254,u094,3,directed
u074,u347,3,directed
u262,u184,1,directed
u041,u056,1,directed
u018,u402,1,directed
u225,u036,3,directed
u202,u361,1,directed
u250,u119,1,directed
u225,u092,1,directed
u162,u202,3,directed
u203,u255,1,directed
u251,u411,3,directed
u273,u225,1,directed
u300,u012,1,directed
u084,u244,3,directed
u111,u121,1,directed
u266,u163,0.5,undirected
u141,u157,1,directed
u333,u216,1,directed
u018,u147,1,directed
u332,u384,1,directed
u288,u108,1,directed
u222,u200,1,directed
u018,u405,3,directed
u018,u115,1,directed
u378,u353,1,directed
u354,u318,3,directed
u069,u008,1,directed
u141,u254,3,directed
u171,u151,1,directed
u171,u203,1,directed
u160,u225,1,directed
u367,u043,1,directed
u250,u333,1,directed
u233,u105,1,directed
u114,u035,1,directed
u380,u110,3,directed
u141,u356,1,directed
u051,u163,1,directed
u202,u225,1,directed
u277,u024,3,directed
u007,u125,3,directed
u298,u171,1,directed
u007,u052,1,directed
u333,u039,1,directed
u171,u255,3,directed
u313,u007,1,directed
u158,u119,1,directed
u083,u329,1,directed
u394,u158,1,directed
u072,u002,1,directed
u028,u366,3,directed
u225,u317,1,directed
u115,u090,1,directed
u129,u196,1,directed
u158,u380,3,directed
u386,u117,1,directed
u275,u158,1,directed
u046,u007,1,directed
u223,u069,3,directed
u119,u345,3,directed
u034,u102,3,directed
u289,u293,1,directed
u141,u392,1,directed
u171,u174,0.5,undirected
u152,u169,1,directed
u162,u160,1,directed
u209,u075,1,directed
u052,u307,3,directed
u216,u007,1,directed
u018,u171,0.5,undirected
u018,u391,0.5,undirected
u160,u225,1,directed
u158,u048,1,directed
u100,u018,1,directed
u333,u399,0.5,undirected
u158,u380,0.5,undirected
u125,u333,1,directed
u009,u310,1,directed
u098,u007,0.5,undirected
u016,u392,0.5,undirected
u171,u081,1,directed
u158,u018,1,directed
u100,u332,1,directed
u380,u158,1,directed
u118,u111,0.5,undirected
u187,u116,1,directed
u195,u380,1,directed
u321,u414,3,directed
u108,u216,1,directed
u112,u111,1,directed
u333,u288,1,directed
u119,u022,1,directed
u323,u158,0.5,undirected
u283,u062,0.5,undirected
u088,u233,0.5,undirected
u158,u112,0.5,undirected
u319,u201,1,directed
u342,u287,0.5,undirected
u200,u018,1,directed
u173,u390,3,directed
u158,u402,1,directed
u137,u418,3,directed
u333,u366,1,directed
u048,u380,1,directed
u257,u018,1,directed
u366,u342,1,directed
u225,u293,1,directed
u089,u349,1,directed
u145,u096,3,directed
u293,u225,0.5,undirected
u158,u193,3,directed
u158,u400,1,directed
u187,u100,0.5,undirected
u225,u285,1,directed
u076,u184,1,directed
u258,u155,1,directed
u291,u141,3,directed
u225,u289,0.5,undirected
u280,u216,1,directed
u225,u018,1,directed
u001,u393,1,directed
u319,u075,0.5,undirected
u034,u187,1,directed
u402,u099,1,directed
u011,u393,0.5,undirected
u382,u380,3,directed
u391,u171,1,directed
u058,u141,1,directed
u189,u016,3,directed
u235,u105,3,directed
u375,u197,3,directed
u380,u412,1,directed
u069,u348,1,directed
u287,u127,1,directed
u377,u069,3,directed
u093,u090,3,directed
u242,u100,0.5,undirected
u375,u111,3,directed
u024,u081,1,directed
u058,u277,3,directed
u093,u136,3,directed
u174,u108,0.5,undirected
u119,u269,1,directed
u216,u114,1,directed
u158,u275,1,directed
u069,u338,3,directed
u233,u287,1,directed
u382,u276,1,directed
u198,u324,1,directed
u008,u196,1,directed
u285,u036,1,directed
u404,u018,1,directed
u387,u380,3,directed
u169,u245,1,directed
u142,u280,1,directed
u042,u049,1,directed
u203,u016,1,directed
u341,u293,3,directed
u115,u018,1,directed
u319,u225,0.5,undirected
u161,u223,1,directed
u367,u366,0.5,undirected
u142,u366,1,directed
u171,u279,3,directed
u367,u321,1,directed
u225,u285,1,directed
u031,u018,1,directed
u312,u234,1,directed
u171,u251,1,directed
u193,u148,1,directed
u372,u123,1,directed
u275,u212,3,directed
u392,u081,1,directed
u401,u119,0.5,undirected
u248,u236,1,directed
u007,u139,1,directed
u362,u337,3,directed
u368,u008,3,directed
u001,u127,3,directed
u367,u216,1,directed
u148,u257,1,directed
u242,u199,1,directed
u101,u312,1,directed
u161,u069,0.5,undirected
u076,u018,1,directed
u072,u396,1,directed
u365,u333,3,directed
u275,u193,1,directed
u264,u171,1,directed
u255,u061,0.5,undirected
u069,u111,1,directed
u392,u268,1,directed
u082,u013,3,directed
u046,u297,1,directed
u158,u068,1,directed
u063,u230,1,directed
u035,u190,1,directed
u225,u160,1,directed
u292,u224,1,directed
u100,u332,1,directed
u302,u325,1,directed
u378,u176,1,directed
u091,u225,3,directed
u069,u146,3,directed
u394,u260,1,directed
u372,u187,3,directed
u278,u152,1,directed
u081,u016,3,directed
u341,u092,1,directed
u393,u415,1,directed
u089,u069,1,directed
u152,u214,1,directed
u158,u333,1,directed
u248,u413,0.5,undirected
u325,u160,3,directed
u061,u372,1,directed
u386,u158,1,directed
u091,u293,1,directed
u345,u288,1,directed
u119,u151,1,directed
u216,u278,3,directed
u223,u213,1,directed
u158,u112,0.5,undirected
u410,u247,0.5,undirected
u072,u081,1,directed
u396,u270,1,directed
u100,u076,0.5,undirected
u018,u385,0.5,undirected
u247,u081,3,directed
u235,u158,1,directed
u014,u007,0.5,undirected
u007,u108,1,directed
u225,u341,1,directed
u314,u064,1,directed
u387,u193,3,directed
u380,u018,1,directed
u416,u309,1,directed
u024,u141,1,directed
u016,u173,1,directed
u212,u175,1,directed
u141,u255,1,directed
u277,u135,1,directed
u198,u103,1,directed
u310,u223,1,directed
u147,u407,1,directed
u070,u287,1,directed
u227,u210,1,directed
u338,u069,1,directed
u123,u005,0.5,undirected
u076,u225,3,directed
u101,u120,0.5,undirected
u368,u223,3,directed
u171,u198,1,directed
u415,u289,1,directed
u097,u243,1,directed
u007,u333,3,directed
u323,u062,1,directed
u016,u247,1,directed
u033,u229,3,directed
u333,u266,3,directed
u158,u161,3,directed
u081,u228,0.5,undirected
u176,u331,1,directed
u228,u133,1,directed
u188,u147,0.5,undirected
u279,u087,3,directed
u172,u119,3,directed
u263,u312,1,directed
u052,u051,3,directed
u042,u032,1,directed
u018,u121,1,directed
u230,u279,1,directed
u167,u138,0.5,undirected
u099,u115,1,directed
u080,u007,1,directed
u396,u225,1,directed
u273,u334,1,directed
u153,u382,1,directed
u312,u263,1,directed
u018,u399,0.5,undirected
u279,u171,1,directed
u018,u372,1,directed
u225,u082,3,directed
u396,u176,3,directed
u086,u018,0.5,undirected
u408,u280,0.5,undirected
u380,u070,3,directed
u255,u113,1,directed
u016,u058,0.5,undirected
u260,u377,1,directed
u225,u181,1,directed
u277,u081,1,directed
u279,u392,1,directed
u185,u160,0.5,undirected
u225,u135,3,directed
u351,u148,3,directed
u158,u344,1,directed
u340,u218,1,directed
u070,u316,1,directed
u419,u282,0.5,undirected
u147,u380,0.5,undirected
u225,u414,1,directed
u273,u293,3,directed
u342,u085,0.5,undirected
u393,u001,1,directed
u111,u403,1,directed
u007,u214,3,directed
u100,u363,1,directed
u340,u085,1,directed
u008,u069,1,directed
u008,u253,1,directed
u141,u268,1,directed
u410,u325,3,directed
u308,u152,1,directed
u352,u161,1,directed
u139,u225,1,directed
u152,u333,1,directed
u204,u296,0.5,undirected
u123,u018,1,directed
u111,u084,1,directed
u081,u251,1,directed
u160,u317,1,directed
u000,u290,1,directed
u018,u115,1,directed
u016,u081,3,directed
u344,u358,1,directed
u348,u412,1,directed
u393,u366,3,directed
u366,u233,0.5,undirected
u225,u321,0.5,undirected
u374,u328,1,directed
u158,u380,1,directed
u377,u008,1,directed
u101,u120,0.5,undirected
u399,u176,3,directed
u018,u226,0.5,undirected
u158,u387,1,directed
u348,u018,0.5,undirected
u046,u007,1,directed
u106,u333,1,directed
u316,u240,1,directed
u163,u032,0.5,undirected
u073,u069,1,directed
u119,u042,0.5,undirected
u233,u027,1,directed
u135,u171,1,directed
u250,u119,0.5,undirected
u333,u152,1,directed
u099,u320,3,directed
u320,u115,1,directed
u223,u412,3,directed
u002,u176,3,directed
u082,u395,1,directed
u225,u395,3,directed
u400,u387,3,directed
u237,u213,3,directed
u158,u018,1,directed
u044,u372,1,directed
u056,u141,1,directed
u302,u289,3,directed
u119,u216,3,directed
u008,u348,3,directed
u380,u158,0.5,undirected
u239,u171,3,directed
u017,u375,1,directed
u007,u333,1,directed
u112,u214,0.5,undirected
u287,u141,1,directed
u289,u225,1,directed
u351,u323,1,directed
u081,u014,3,directed
u069,u315,1,directed
u301,u280,1,directed
u235,u101,1,directed
u419,u065,0.5,undirected
u181,u225,3,directed
u043,u023,1,directed
u045,u048,3,directed
u225,u036,3,directed
u233,u245,1,directed
u313,u152,1,directed
u179,u318,1,directed
u018,u402,3,directed
u409,u225,1,directed
u141,u265,1,directed
u317,u285,1,directed
u368,u161,1,directed
u185,u370,1,directed
u254,u076,3,directed
u246,u302,1,directed
u069,u213,0.5,undirected
u368,u057,0.5,undirected
u085,u351,3,directed
u354,u119,0.5,undirected
u057,u111,3,directed
u279,u171,1,directed
u218,u158,3,directed
u293,u202,3,directed
u238,u069,0.5,undirected
u007,u080,0.5,undirected
u411,u081,1,directed
u390,u018,0.5,undirected
u387,u386,0.5,undirected
u299,u018,1,directed
u202,u225,1,directed
u234,u016,1,directed
u319,u225,3,directed
u158,u298,0.5,undirected
u268,u016,1,directed
u072,u095,1,directed
u301,u016,1,directed
u302,u202,1,directed
u383,u380,3,directed
u032,u163,0.5,undirected
u256,u069,1,directed
u276,u185,1,directed
u225,u356,1,directed
u324,u384,3,directed
u214,u080,3,directed
u326,u306,1,directed
u223,u069,3,directed
u082,u021,1,directed
u225,u352,1,directed
u069,u111,1,directed
u225,u334,1,directed
u135,u341,0.5,undirected
u052,u266,1,directed
u051,u333,0.5,undirected
u193,u335,0.5,undirected
u399,u216,1,directed
u225,u285,0.5,undirected
u059,u086,1,directed
u004,u321,0.5,undirected
u029,u293,1,directed
u269,u287,0.5,undirected
u380,u020,3,directed
u184,u242,1,directed
u106,u266,1,directed
u081,u058,3,directed
u380,u394,0.5,undirected
u171,u081,1,directed
u128,u069,1,directed
u069,u265,1,directed
u258,u333,1,directed
u399,u039,3,directed
u125,u216,1,directed
u283,u148,1,directed
u225,u276,1,directed
u380,u158,1,directed
u124,u242,0.5,undirected
u036,u225,1,directed
u018,u092,1,directed
u380,u058,1,directed
u022,u015,3,directed
u302,u082,1,directed
u333,u007,3,directed
u221,u379,1,directed
u135,u156,1,directed
u321,u082,1,directed
u316,u235,1,directed
u242,u402,0.5,undirected
u103,u333,0.5,undirected
u119,u333,3,directed
u316,u101,0.5,undirected
u225,u018,1,directed
u171,u081,1,directed
u018,u391,0.5,undirected
u069,u397,0.5,undirected
u293,u160,0.5,undirected
u154,u316,3,directed
u277,u018,0.5,undirected
u216,u278,1,directed
u392,u277,1,directed
u115,u276,1,directed
u387,u323,1,directed
u111,u121,3,directed
u053,u410,0.5,undirected
u225,u013,0.5,undirected
u379,u384,1,directed
u225,u319,3,directed
u069,u176,3,directed
u160,u225,0.5,undirected
u255,u058,0.5,undirected
u324,u380,1,directed
u170,u101,3,directed
u160,u082,1,directed
u333,u059,1,directed
u302,u225,0.5,undirected
u251,u171,1,directed
u046,u032,3,directed
u288,u333,0.5,undirected
u324,u329,3,directed
u372,u086,1,directed
u397,u412,1,directed
u289,u225,3,directed
u028,u105,0.5,undirected
u260,u323,1,directed
u225,u341,1,directed
u387,u380,1,directed
u186,u189,0.5,undirected
u048,u410,1,directed
u078,u069,1,directed
u337,u070,1,directed
u225,u289,3,directed
u279,u367,0.5,undirected
u324,u100,1,directed
u167,u158,1,directed
u279,u251,3,directed
u244,u234,1,directed
u247,u016,0.5,undirected
u333,u250,0.5,undirected
u018,u327,1,directed
u288,u333,1,directed
u376,u171,0.5,undirected
u371,u069,1,directed
u410,u277,0.5,undirected
u287,u133,1,directed
u141,u324,3,directed
u301,u261,1,directed
u007,u049,3,directed
u266,u333,1,directed
u018,u225,1,directed
u160,u387,1,directed
u057,u134,1,directed
u069,u009,1,directed
u280,u413,3,directed
u069,u371,1,directed
u325,u091,1,directed
u158,u062,3,directed
u343,u157,0.5,undirected
u119,u258,1,directed
u402,u115,1,directed
u077,u251,1,directed
u304,u172,1,directed
u067,u183,1,directed
u225,u341,1,directed
u272,u281,1,directed
u215,u139,1,directed
u067,u386,3,directed
u007,u022,0.5,undirected
u119,u049,0.5,undirected
u225,u160,1,directed
u242,u026,3,directed
u141,u171,1,directed
u008,u089,0.5,undirected
u018,u224,1,directed
u268,u301,1,directed
u018,u034,1,directed
u063,u251,0.5,undirected
u335,u193,3,directed
u081,u024,1,directed
u381,u119,1,directed
u392,u171,1,directed
u243,u046,0.5,undirected
u158,u387,0.5,undirected
u324,u010,0.5,undirected
u150,u037,1,directed
u372,u140,1,directed
u089,u069,1,directed
u089,u256,1,directed
u148,u167,1,directed
u018,u154,3,directed
u081,u341,0.5,undirected
u018,u090,0.5,undirected
u099,u007,1,directed
u380,u158,3,directed
u121,u348,1,directed
u289,u341,1,directed
u058,u367,0.5,undirected
u286,u255,1,directed
u274,u018,0.5,undirected
u016,u251,0.5,undirected
u107,u324,1,directed
u121,u144,1,directed
u022,u046,1,directed
u278,u333,1,directed
u140,u018,3,directed
u380,u303,1,directed
u012,u171,1,directed
u111,u368,1,directed
u043,u418,3,directed
u225,u268,1,directed
u081,u171,1,directed
u364,u394,1,directed
u160,u304,0.5,undirected
u320,u124,1,directed
u245,u105,1,directed
u171,u251,3,directed
u250,u333,1,directed
u029,u225,1,directed
u119,u354,0.5,undirected
u351,u380,1,directed
u394,u048,0.5,undirected
u166,u154,0.5,undirected
u252,u047,0.5,undirected
u101,u284,3,directed
u155,u007,1,directed
u134,u069,3,directed
u356,u389,1,directed
u069,u134,0.5,undirected
u121,u193,0.5,undirected
u058,u171,0.5,undirected
u225,u341,3,directed
u225,u004,3,directed
u205,u032,0.5,undirected
u223,u121,1,directed
u225,u319,3,directed
u115,u076,1,directed
u032,u333,1,directed
u412,u111,0.5,undirected
u016,u173,3,directed
u244,u367,0.5,undirected
u018,u076,1,directed
u018,u412,1,directed
u232,u262,3,directed
u171,u058,0.5,undirected
u125,u250,1,directed
u374,u287,3,directed
u171,u016,3,directed
u386,u095,0.5,undirected
u379,u276,1,directed
u324,u198,1,directed
u276,u385,0.5,undirected
u136,u391,0.5,undirected
u142,u245,3,directed
u328,u170,3,directed
u026,u018,1,directed
u380,u387,1,directed
u336,u299,3,directed
u251,u171,1,directed
u058,u081,3,directed
u108,u333,0.5,undirected
u375,u237,0.5,undirected
u076,u267,1,directed
u018,u262,3,directed
u225,u289,0.5,undirected
u120,u233,1,directed
u406,u230,1,directed
u299,u076,0.5,undirected
u136,u124,0.5,undirected
u242,u031,1,directed
u233,u053,0.5,undirected
u204,u394,1,directed
u233,u306,1,directed
u029,u341,3,directed
u225,u302,1,directed
u277,u367,0.5,undirected
u416,u259,1,directed
u066,u069,3,directed
u368,u279,3,directed
u274,u254,3,directed
u176,u352,1,directed
u160,u278,3,directed
u239,u277,3,directed
u134,u412,3,directed
u007,u139,3,directed
u100,u026,1,directed
u341,u082,0.5,undirected
u023,u081,3,directed
u386,u158,0.5,undirected
u377,u111,3,directed
u280,u133,0.5,undirected
u036,u157,1,directed
u216,u046,1,directed
u018,u158,1,directed
u057,u161,1,directed
u277,u230,3,directed
u348,u277,0.5,undirected
u069,u072,1,directed
u198,u026,0.5,undirected
u150,u069,1,directed
u198,u018,3,directed
u125,u333,3,directed
u279,u392,1,directed
u048,u323,0.5,undirected
u018,u324,1,directed
u077,u376,0.5,undirected
u158,u335,1,directed
u225,u132,1,directed
u319,u037,1,directed
u225,u302,1,directed
u176,u158,1,directed
u047,u167,1,directed
u386,u158,3,directed
u374,u416,3,directed
u032,u229,3,directed
u302,u016,1,directed
u335,u131,3,directed
u415,u302,1,directed
u131,u193,1,directed
u225,u018,1,directed
u081,u251,1,directed
u002,u128,3,directed
u316,u154,1,directed
u000,u249,3,directed
u050,u348,3,directed
u225,u036,1,directed
u270,u089,1,directed
u225,u197,1,directed
u134,u069,0.5,undirected
u276,u005,1,directed
u321,u209,1,directed
u078,u118,1,directed
u055,u226,3,directed
u340,u380,1,directed
u324,u018,1,directed
u141,u201,1,directed
u018,u276,3,directed
u413,u366,1,directed
u223,u371,3,directed
u293,u158,1,directed
u046,u069,1,directed
u093,u372,0.5,undirected
u069,u412,0.5,undirected
u233,u366,1,directed
u193,u158,0.5,undirected
u155,u119,0.5,undirected
u069,u331,0.5,undirected
u007,u347,1,directed
u158,u364,3,directed
u085,u204,1,directed
u354,u007,0.5,undirected
u060,u387,3,directed
u367,u127,1,directed
u412,u121,3,directed
u018,u293,1,directed
u399,u119,1,directed
u069,u396,1,directed
u018,u184,0.5,undirected
u342,u260,3,directed
u158,u308,1,directed
u016,u367,1,directed
u158,u340,1,directed
u236,u182,3,directed
u200,u379,1,directed
u187,u099,0.5,undirected
u361,u160,1,directed
u194,u111,1,directed
u119,u278,1,directed
u225,u250,1,directed
u380,u338,1,directed
u225,u279,1,directed
u319,u160,0.5,undirected
u111,u412,3,directed
u225,u293,1,directed
u297,u049,1,directed
u089,u134,1,directed
u175,u298,0.5,undirected
u069,u212,1,directed
u115,u279,1,directed
u332,u200,1,directed
u293,u319,0.5,undirected
u225,u236,1,directed
u357,u333,1,directed
u233,u013,1,directed
u022,u039,1,directed
u039,u288,0.5,undirected
u245,u366,1,directed
u069,u396,1,directed
u133,u052,1,directed
u264,u225,1,directed
u091,u007,1,directed
u251,u171,0.5,undirected
u288,u200,1,directed
u234,u228,0.5,undirected
u226,u382,1,directed
u061,u018,1,directed
u018,u276,1,directed
u028,u121,3,directed
u248,u236,3,directed
u015,u251,3,directed
u316,u234,1,directed
u008,u111,1,directed
u336,u100,1,directed
u077,u186,3,directed
u105,u170,1,directed
u077,u081,3,directed
u380,u048,0.5,undirected
u223,u396,1,directed
u161,u130,1,directed
u367,u410,0.5,undirected
u121,u146,0.5,undirected
u228,u272,3,directed
u320,u332,1,directed
u413,u115,1,directed
u333,u307,1,directed
u048,u380,0.5,undirected
u255,u016,3,directed
u110,u215,0.5,undirected
u014,u007,0.5,undirected
u209,u092,1,directed
u180,u069,0.5,undirected
u115,u010,3,directed
u154,u232,3,directed
u094,u018,1,directed
u293,u154,1,directed
u132,u225,1,directed
u372,u292,1,directed
u107,u295,0.5,undirected
u367,u255,3,directed
u036,u202,0.5,undirected
u016,u112,0.5,undirected
u225,u325,1,directed
u225,u415,0.5,undirected
u082,u321,0.5,undirected
u259,u089,1,directed
u332,u018,3,directed
u340,u143,3,directed
u333,u250,0.5,undirected
u061,u107,1,directed
u158,u394,0.5,undirected
u081,u171,1,directed
u348,u212,1,directed
u125,u345,0.5,undirected
u133,u312,1,directed
u158,u298,1,directed
u026,u076,1,directed
u259,u111,3,directed
u061,u018,1,directed
u200,u018,1,directed
u119,u163,0.5,undirected
u169,u236,3,directed
u225,u036,1,directed
u034,u267,1,directed
u225,u302,1,directed
u148,u386,1,directed
u161,u348,3,directed
u072,u069,0.5,undirected
u384,u093,1,directed
u321,u160,3,directed
u171,u081,1,directed
u265,u268,3,directed
u049,u032,3,directed
u119,u333,0.5,undirected
u318,u250,3,directed
u187,u160,3,directed
u372,u299,1,directed
u231,u187,1,directed
u058,u157,1,directed
u007,u125,1,directed
u410,u251,1,directed
u408,u335,3,directed
u333,u007,1,directed
u028,u169,3,directed
u007,u333,3,directed
u225,u052,1,directed
u204,u275,1,directed
u293,u160,1,directed
u244,u101,1,directed
u158,u389,3,directed
u288,u333,3,directed
u018,u324,1,directed
u273,u092,1,directed
u293,u202,1,directed
u036,u160,1,directed
u175,u242,1,directed
u225,u289,0.5,undirected
u333,u032,3,directed
u348,u212,3,directed
u288,u308,0.5,undirected
u333,u033,0.5,undirected
u189,u114,3,directed
u018,u083,0.5,undirected
u393,u408,1,directed
u152,u007,0.5,undirected
u176,u236,1,directed
u018,u090,1,directed
u074,u333,1,directed
u001,u101,3,directed
u250,u215,0.5,undirected
u391,u367,1,directed
u058,u157,1,directed
u069,u412,1,directed
u018,u115,0.5,undirected
u380,u394,3,directed
u410,u149,1,directed
u288,u069,3,directed
u018,u252,3,directed
u111,u197,3,directed
u376,u081,1,directed
u121,u396,1,directed
u242,u200,1,directed
u366,u145,1,directed
u110,u389,3,directed
u018,u362,1,directed
u121,u069,1,directed
u384,u026,0.5,undirected
u076,u128,1,directed
u251,u418,0.5,undirected
u266,u333,0.5,undirected
u255,u141,3,directed
u365,u139,3,directed
u324,u115,1,directed
u081,u063,1,directed
u394,u386,0.5,undirected
u380,u158,3,directed
u316,u234,0.5,undirected
u037,u179,1,directed
u204,u060,1,directed
u152,u255,1,directed
u170,u142,0.5,undirected
u018,u107,1,directed
u082,u225,1,directed
u392,u171,1,directed
u158,u380,1,directed
u225,u341,0.5,undirected
u288,u007,0.5,undirected
u341,u289,0.5,undirected
u171,u018,1,directed
u018,u034,3,directed
u293,u225,0.5,undirected
u225,u391,1,directed
u160,u036,1,directed
u131,u415,1,directed
u276,u409,1,directed
u101,u333,3,directed
u007,u152,3,directed
u236,u101,1,directed
u387,u380,1,directed
u069,u078,1,directed
u237,u069,1,directed
u097,u014,1,directed
u341,u302,1,directed
u212,u371,0.5,undirected
u011,u105,1,directed
u384,u018,0.5,undirected
u151,u214,0.5,undirected
u018,u003,0.5,undirected
u018,u127,1,directed
u149,u016,1,directed
u247,u255,1,directed
u345,u152,1,directed
u333,u046,0.5,undirected
u069,u176,0.5,undirected
u018,u363,1,directed
u402,u339,0.5,undirected
u069,u191,0.5,undirected
u335,u380,0.5,undirected
u268,u081,0.5,undirected
u081,u171,1,directed
u014,u381,1,directed
u194,u204,1,directed
u380,u158,3,directed
u018,u295,0.5,undirected
u158,u069,1,directed
u158,u380,0.5,undirected
u156,u115,3,directed
u115,u093,3,directed
u069,u412,0.5,undirected
u080,u007,1,directed
u018,u274,1,directed
u318,u345,1,directed
u037,u225,3,directed
u372,u332,1,directed
u075,u319,1,directed
u386,u380,1,directed
u412,u270,1,directed
u333,u397,1,directed
u225,u158,1,directed
u119,u333,0.5,undirected
u156,u241,1,directed
u018,u083,3,directed
u176,u121,0.5,undirected
u380,u158,1,directed
u152,u046,1,directed
u324,u018,1,directed
u046,u087,1,directed
u387,u260,1,directed
u380,u025,3,directed
u018,u090,1,directed
u018,u382,0.5,undirected
u020,u250,3,directed
u333,u399,1,directed
u275,u380,1,directed
u152,u046,1,directed
u225,u302,1,directed
u316,u263,1,directed
u162,u319,1,directed
u158,u204,1,directed
u304,u325,3,directed
u319,u160,1,directed
u018,u118,0.5,undirected
u023,u157,1,directed
u046,u405,1,directed
u122,u391,1,directed
u225,u007,1,directed
u334,u225,3,directed
u324,u018,0.5,undirected
u171,u410,1,directed
u303,u158,1,directed
u410,u158,1,directed
u375,u161,0.5,undirected
u142,u412,3,directed
u223,u078,0.5,undirected
u250,u007,1,directed
u257,u018,0.5,undirected
u380,u060,1,directed
u018,u055,1,directed
u069,u353,3,directed
u217,u219,3,directed
u216,u131,3,directed
u051,u314,1,directed
u378,u121,1,directed
u206,u186,1,directed
u250,u064,1,directed
u392,u320,1,directed
u059,u152,3,directed
u018,u185,1,directed
u408,u287,1,directed
u407,u380,1,directed
u018,u324,1,directed
u206,u016,1,directed
u393,u326,1,directed
u200,u018,1,directed
u304,u249,1,directed
u380,u282,1,directed
u119,u250,3,directed
u113,u343,1,directed
u111,u050,1,directed
u069,u176,0.5,undirected
u209,u162,1,directed
u380,u283,1,directed
u250,u359,0.5,undirected
u410,u268,3,directed
u007,u040,3,directed
u115,u018,0.5,undirected
u158,u260,1,directed
u332,u070,1,directed
u119,u033,3,directed
u018,u382,0.5,undirected
u289,u135,1,directed
u333,u314,3,directed
u363,u026,1,directed
u118,u223,1,directed
u141,u171,1,directed
u023,u024,1,directed
u006,u141,1,directed
u383,u171,1,directed
u112,u069,0.5,undirected
u193,u158,1,directed
u123,u018,3,directed
u419,u069,0.5,undirected
u007,u225,3,directed
u354,u177,1,directed
u332,u018,1,directed
u163,u080,0.5,undirected
u139,u250,1,directed
u415,u225,1,directed
u018,u355,1,directed
u069,u121,0.5,undirected
u410,u251,1,directed
u163,u177,1,directed
u225,u021,1,directed
u288,u151,1,directed
u046,u365,1,directed
u171,u255,1,directed
u018,u069,1,directed
u158,u273,0.5,undirected
u388,u225,0.5,undirected
u158,u394,1,directed
u158,u380,0.5,undirected
u111,u069,0.5,undirected
u069,u176,1,directed
u184,u299,1,directed
u251,u410,1,directed
u354,u163,1,directed
u078,u121,1,directed
u327,u018,1,directed
u333,u046,3,directed
u387,u068,3,directed
u078,u111,0.5,undirected
u353,u237,0.5,undirected
u368,u348,0.5,undirected
u255,u018,1,directed
u413,u138,3,directed
u111,u344,1,directed
u259,u134,1,directed
u280,u169,3,directed
u123,u018,0.5,undirected
u234,u222,1,directed
u380,u340,0.5,undirected
u111,u158,3,directed
u121,u154,1,directed
u392,u230,0.5,undirected
u387,u386,1,directed
u081,u028,1,directed
u158,u380,1,directed
u141,u248,1,directed
u217,u154,1,directed
u043,u406,1,directed
u221,u286,1,directed
u306,u322,1,directed
u419,u356,0.5,undirected
u316,u413,0.5,undirected
u255,u171,1,directed
u324,u018,0.5,undirected
u069,u161,1,directed
u380,u340,1,directed
u225,u341,1,directed
u121,u412,1,directed
u333,u216,1,directed
u112,u412,1,directed
u018,u026,1,directed
u275,u158,1,directed
u293,u225,1,directed
u101,u249,3,directed
u045,u117,1,directed
u002,u069,3,directed
u089,u176,3,directed
u276,u209,1,directed
u081,u016,3,directed
u233,u145,1,directed
u090,u187,1,directed
u111,u128,1,directed
u058,u081,1,directed
u279,u158,3,directed
u356,u396,1,directed
u014,u333,1,directed
u033,u058,1,directed
u187,u389,1,directed
u016,u268,1,directed
u338,u078,3,directed
u081,u016,3,directed
u176,u069,0.5,undirected
u354,u051,1,directed
u036,u293,1,directed
u123,u090,1,directed
u324,u018,1,directed
u203,u247,1,directed
u007,u152,1,directed
u081,u268,1,directed
u018,u384,1,directed
u081,u366,1,directed
u161,u111,1,directed
u018,u387,3,directed
u387,u171,3,directed
u225,u321,0.5,undirected
u039,u333,1,directed
u018,u003,1,directed
u024,u264,0.5,undirected
u002,u146,1,directed
u056,u058,1,directed
u085,u387,1,directed
u200,u140,0.5,undirected
u213,u391,1,directed
u289,u225,1,directed
u330,u333,1,directed
u081,u380,3,directed
u018,u387,0.5,undirected
u102,u402,3,directed
u372,u313,0.5,undirected
u058,u171,1,directed
u018,u324,3,directed
u396,u121,1,directed
u413,u234,1,directed
u390,u336,0.5,undirected
u200,u409,1,directed
u082,u160,3,directed
u030,u007,1,directed
u081,u114,1,directed
u081,u069,0.5,undirected
u062,u340,1,directed
u380,u007,1,directed
u029,u293,1,directed
u233,u120,1,directed
u250,u007,1,directed
u067,u380,1,directed
u318,u106,1,directed
u223,u022,1,directed
u202,u225,0.5,undirected
u018,u276,3,directed
u090,u018,1,directed
u364,u323,1,directed
u069,u412,3,directed
u299,u384,0.5,undirected
u216,u007,1,directed
u236,u416,3,directed
u305,u059,1,directed
u276,u065,1,directed
u293,u341,1,directed
u112,u089,1,directed
u105,u234,3,directed
u069,u333,3,directed
u123,u031,1,directed
u187,u324,1,directed
u164,u184,0.5,undirected
u230,u058,1,directed
u027,u413,1,directed
u233,u219,0.5,undirected
u158,u069,1,directed
u288,u401,0.5,undirected
u251,u171,3,directed
u250,u330,1,directed
u214,u119,1,directed
u158,u232,3,directed
u105,u396,1,directed
u123,u018,1,directed
u332,u018,3,directed
u047,u018,3,directed
u143,u158,1,directed
u269,u255,1,directed
u197,u090,0.5,undirected
u225,u036,1,directed
u105,u290,1,directed
u277,u343,1,directed
u149,u171,3,directed
u372,u115,3,directed
u078,u338,0.5,undirected
u121,u412,1,directed
u121,u069,3,directed
u416,u245,1,directed
u333,u108,1,directed
u227,u119,1,directed
u402,u355,3,directed
u086,u018,0.5,undirected
u152,u014,1,directed
u081,u113,1,directed
u235,u268,3,directed
u417,u007,1,directed
u081,u264,0.5,undirected
u101,u326,3,directed
u087,u080,1,directed
u171,u016,1,directed
u324,u019,1,directed
u220,u101,1,directed
u225,u293,3,directed
u176,u111,3,directed
u006,u396,1,directed
u098,u018,1,directed
u336,u320,1,directed
u365,u318,3,directed
u118,u396,1,directed
u048,u011,1,directed
u018,u390,1,directed
u193,u194,1,directed
u281,u172,0.5,undirected
u017,u190,1,directed
u121,u276,1,directed
u018,u090,1,directed
u149,u058,0.5,undirected
u101,u290,1,directed
u081,u082,0.5,undirected
u125,u152,3,directed
u179,u250,1,directed
u233,u249,3,directed
u376,u269,0.5,undirected
u018,u402,1,directed
u333,u152,0.5,undirected
u324,u391,1,directed
u300,u380,1,directed
u311,u038,0.5,undirected
u139,u333,3,directed
u380,u062,3,directed
u007,u049,1,directed
u115,u018,1,directed
u366,u245,3,directed
u005,u018,1,directed
u115,u198,3,directed
u291,u081,1,directed
u239,u359,1,directed
u111,u112,1,directed
u018,u010,3,directed
u225,u082,1,directed
u069,u356,1,directed
u324,u103,1,directed
u130,u092,1,directed
u162,u302,3,directed
u135,u372,1,directed
u111,u130,0.5,undirected
u367,u392,1,directed
u372,u242,1,directed
u080,u064,3,directed
u160,u319,1,directed
u080,u007,0.5,undirected
u406,u410,1,directed
u372,u395,1,directed
u268,u410,1,directed
u341,u158,3,directed
u176,u412,0.5,undirected
u352,u111,1,directed
u191,u281,1,directed
u236,u416,1,directed
u333,u046,0.5,undirected
u081,u301,1,directed
u100,u018,0.5,undirected
u121,u069,0.5,undirected
u236,u419,1,directed
u366,u337,1,directed
u413,u416,1,directed
u319,u321,0.5,undirected
u293,u334,1,directed
u225,u171,0.5,undirected
u206,u058,1,directed
u064,u216,1,directed
u388,u075,1,directed
u396,u069,1,directed
u124,u324,0.5,undirected
u073,u221,0.5,undirected
u088,u169,3,directed
u128,u378,1,directed
u383,u380,0.5,undirected
u007,u333,1,directed
u081,u126,0.5,undirected
u223,u225,1,directed
u018,u384,1,directed
u133,u028,0.5,undirected
u054,u343,1,directed
u161,u069,0.5,undirected
u235,u280,3,directed
u019,u018,1,directed
u069,u371,1,directed
u386,u218,3,directed
u195,u158,1,directed
u136,u187,1,directed
u236,u101,0.5,undirected
u018,u382,1,directed
u018,u007,1,directed
u058,u081,1,directed
u119,u399,0.5,undirected
u296,u158,3,directed
u341,u293,1,directed
u158,u323,1,directed
u141,u373,1,directed
u225,u293,1,directed
u141,u058,1,directed
u082,u415,1,directed
u353,u017,1,directed
u225,u319,1,directed
u382,u293,1,directed
u038,u141,1,directed
u158,u386,1,directed
u176,u223,3,directed
u015,u049,1,directed
u007,u333,1,directed
u380,u062,0.5,undirected
u046,u084,1,directed
u350,u225,3,directed
u321,u225,1,directed
u310,u018,3,directed
u169,u142,1,directed
u034,u293,1,directed
u280,u245,0.5,undirected
u342,u387,1,directed
u165,u111,1,directed
u204,u380,0.5,undirected
u225,u293,3,directed
u275,u394,1,directed
u007,u250,1,directed
u158,u062,3,directed
u225,u171,3,directed
u069,u065,0.5,undirected
u166,u102,1,directed
u016,u255,1,directed
u100,u090,0.5,undirected
u067,u022,1,directed
u289,u225,0.5,undirected
u006,u114,0.5,undirected
u154,u138,3,directed
u416,u105,0.5,undirected
u018,u158,1,directed
u324,u140,3,directed
u058,u035,1,directed
u385,u288,3,directed
u399,u216,3,directed
u123,u276,1,directed
u324,u099,3,directed
u417,u313,1,directed
u225,u075,1,directed
u141,u081,1,directed
u018,u061,1,directed
u322,u416,0.5,undirected
u248,u228,1,directed
u065,u176,1,directed
u069,u095,1,directed
u268,u367,0.5,undirected
u272,u069,1,directed
u049,u333,1,directed
u221,u018,1,directed
u402,u018,3,directed
u018,u366,1,directed
u100,u018,1,directed
u152,u080,0.5,undirected
u380,u340,3,directed
u285,u302,1,directed
u007,u059,1,directed
u019,u034,1,directed
u046,u163,0.5,undirected
u095,u378,0.5,undirected
u069,u196,3,directed
u113,u077,3,directed
u375,u223,3,directed
u092,u341,1,directed
u106,u152,1,directed
u128,u356,1,directed
u081,u063,0.5,undirected
u260,u193,1,directed
u081,u277,1,directed
u157,u411,1,directed
u135,u162,1,directed
u130,u412,1,directed
u101,u316,1,directed
u090,u233,1,directed
u090,u018,1,directed
u294,u387,1,directed
u158,u143,1,directed
u237,u223,1,directed
u225,u302,1,directed
u141,u016,1,directed
u333,u064,1,directed
u081,u171,1,directed
u116,u109,1,directed
u251,u279,1,directed
u110,u387,3,directed
u187,u018,1,directed
u376,u016,1,directed
u402,u018,1,directed
u069,u176,1,directed
u072,u119,1,directed
u081,u277,1,directed
u058,u081,0.5,undirected
u348,u368,1,directed
u288,u250,3,directed
u115,u324,1,directed
u089,u377,1,directed
u171,u081,1,directed
u129,u412,1,directed
u380,u158,1,directed
u288,u097,1,directed
u031,u055,1,directed
u082,u360,3,directed
u367,u171,1,directed
u160,u225,1,directed
u064,u216,3,directed
u061,u083,1,directed
u210,u333,1,directed
u032,u308,1,directed
u190,u255,0.5,undirected
u115,u018,1,directed
u081,u410,3,directed
u289,u341,1,directed
u117,u158,0.5,undirected
u069,u176,1,directed
u225,u266,1,directed
u387,u193,3,directed
u279,u411,0.5,undirected
u410,u141,1,directed
u181,u225,1,directed
u255,u081,3,directed
u155,u215,3,directed
u160,u333,1,directed
u204,u158,1,directed
u256,u069,1,directed
u251,u364,1,directed
u262,u136,1,directed
u109,u059,1,directed
u324,u018,3,directed
u380,u158,3,directed
u256,u356,3,directed
u018,u292,1,directed
u396,u338,1,directed
u318,u216,1,directed
u081,u269,1,directed
u061,u018,1,directed
u341,u225,1,directed
u160,u225,1,directed
u293,u135,0.5,undirected
u059,u139,0.5,undirected
u158,u048,0.5,undirected
u308,u069,1,directed
u079,u193,1,directed
u396,u069,0.5,undirected
u141,u016,0.5,undirected
u192,u415,1,directed
u352,u069,1,directed
u036,u162,1,directed
u341,u225,1,directed
u125,u293,1,directed
u392,u141,1,directed
u232,u254,1,directed
u257,u018,0.5,undirected
u160,u225,1,directed
u016,u247,0.5,undirected
u063,u171,1,directed
u225,u160,3,directed
u193,u158,3,directed
u026,u090,1,directed
u410,u291,0.5,undirected
u317,u225,1,directed
u412,u377,1,directed
u160,u341,1,directed
u372,u018,0.5,undirected
u100,u372,0.5,undirected
u007,u301,3,directed
u069,u112,1,directed
u340,u105,0.5,undirected
u018,u200,3,directed
u391,u018,3,directed
u032,u087,1,directed
u158,u200,1,directed
u297,u030,3,directed
u115,u372,0.5,undirected
u288,u007,1,directed
u384,u107,1,directed
u293,u225,1,directed
u022,u227,0.5,undirected
u111,u128,3,directed
u134,u072,3,directed
u032,u288,1,directed
u287,u234,1,directed
u171,u141,0.5,undirected
u131,u335,1,directed
u083,u380,1,directed
u216,u097,3,directed
u021,u160,1,directed
u333,u119,1,directed
u044,u090,1,directed
u018,u100,3,directed
u362,u245,1,directed
u289,u115,1,directed
u232,u115,1,directed
u031,u148,0.5,undirected
u158,u275,1,directed
u333,u007,0.5,undirected
u250,u205,1,directed
u153,u324,1,directed
u167,u081,1,directed
u046,u007,1,directed
u167,u028,1,directed
u105,u133,1,directed
u158,u364,3,directed
u069,u121,1,directed
u111,u332,1,directed
u406,u081,1,directed
u100,u061,0.5,undirected
u175,u187,3,directed
u157,u056,1,directed
u364,u158,1,directed
u197,u002,1,directed
u046,u288,0.5,undirected
u221,u061,0.5,undirected
u288,u308,1,directed
u069,u196,1,directed
u233,u138,1,directed
u090,u187,1,directed
u341,u013,0.5,undirected
u018,u324,1,directed
u326,u053,0.5,undirected
u108,u139,1,directed
u394,u380,1,directed
u091,u082,0.5,undirected
u007,u333,1,directed
u081,u171,3,directed
u415,u370,1,directed
u242,u018,1,directed
u062,u110,1,directed
u249,u236,1,directed
u018,u167,3,directed
u329,u286,3,directed
u167,u158,1,directed
u380,u085,3,directed
u225,u160,1,directed
u018,u184,1,directed
u242,u324,1,directed
u069,u176,1,directed
u019,u018,0.5,undirected
u064,u354,3,directed
u415,u225,0.5,undirected
u310,u349,1,directed
u214,u007,0.5,undirected
u225,u293,1,directed
u135,u370,1,directed
u372,u018,1,directed
u398,u127,1,directed
u225,u322,1,directed
u158,u380,3,directed
u202,u317,1,directed
u180,u069,1,directed
u111,u348,1,directed
u115,u175,1,directed
u324,u109,1,directed
u180,u069,1,directed
u112,u072,3,directed
u133,u328,1,directed
u176,u397,1,directed
u266,u288,1,directed
u167,u380,1,directed
u176,u348,0.5,undirected
u173,u286,1,directed
u366,u133,1,directed
u258,u224,1,directed
u286,u255,3,directed
u225,u302,1,directed
u136,u198,1,directed
u269,u392,3,directed
u099,u372,1,directed
u396,u238,1,directed
u119,u125,1,directed
u251,u171,1,directed
u250,u040,1,directed
u022,u278,1,directed
u018,u141,3,directed
u035,u277,0.5,undirected
u348,u111,0.5,undirected
u132,u388,1,directed
u160,u380,0.5,undirected
u061,u065,3,directed
u069,u196,0.5,undirected
u018,u324,1,directed
u010,u324,1,directed
u293,u225,1,directed
u372,u175,1,directed
u115,u090,1,directed
u387,u380,1,directed
u342,u303,3,directed
u120,u144,1,directed
u320,u384,0.5,undirected
u375,u223,0.5,undirected
u171,u291,3,directed
u360,u415,3,directed
u129,u111,0.5,undirected
u334,u225,1,directed
u018,u367,1,directed
u171,u206,0.5,undirected
u007,u014,3,directed
u390,u018,0.5,undirected
u081,u269,0.5,undirected
u412,u121,1,directed
u226,u018,0.5,undirected
u198,u018,0.5,undirected
u412,u368,0.5,undirected
u036,u225,3,directed
u160,u334,1,directed
u048,u323,3,directed
u076,u018,1,directed
u329,u081,3,directed
u135,u185,1,directed
u236,u234,0.5,undirected
u410,u329,1,directed
u069,u058,3,directed
u413,u133,1,directed
u375,u009,1,directed
u232,u136,1,directed
u293,u225,3,directed
u216,u399,3,directed
u046,u007,1,directed
u288,u250,1,directed
u275,u183,0.5,undirected
u133,u105,1,directed
u333,u243,1,directed
u101,u287,0.5,undirected
u237,u069,3,directed
u371,u069,1,directed
u370,u341,0.5,undirected
u121,u208,0.5,undirected
u018,u324,1,directed
u297,u007,1,directed
u007,u040,1,directed
u147,u380,1,directed
u069,u121,0.5,undirected
u333,u359,1,directed
u193,u048,1,directed
u088,u170,1,directed
u276,u018,3,directed
u220,u160,1,directed
u169,u322,1,directed
u018,u377,0.5,undirected
u385,u391,1,directed
u393,u101,3,directed
u324,u098,3,directed
u310,u176,3,directed
u001,u245,0.5,undirected
u187,u200,1,directed
u064,u119,1,directed
u293,u225,1,directed
u118,u368,1,directed
u380,u110,1,directed
u081,u016,3,directed
u081,u016,3,directed
u367,u063,1,directed
u320,u018,1,directed
u116,u153,3,directed
u224,u018,3,directed
u143,u380,0.5,undirected
u384,u379,1,directed
u225,u319,1,directed
u119,u152,1,directed
u337,u263,1,directed
u204,u387,1,directed
u282,u380,1,directed
u149,u046,1,directed
u158,u387,1,directed
u372,u153,1,directed
u282,u380,1,directed
u131,u193,3,directed
u380,u223,3,directed
u324,u391,1,directed
u255,u043,1,directed
u069,u016,3,directed
u225,u302,0.5,undirected
u235,u263,1,directed
u171,u272,1,directed
u305,u046,1,directed
u349,u096,1,directed
u416,u220,3,directed
u182,u062,1,directed
u158,u275,1,directed
u396,u200,0.5,undirected
u236,u293,1,directed
u158,u298,0.5,undirected
u216,u225,1,directed
u176,u208,3,directed
u080,u333,1,directed
u274,u187,1,directed
u291,u401,3,directed
u277,u063,1,directed
u412,u069,3,directed
u018,u232,1,directed
u047,u391,3,directed
u119,u227,3,directed
u372,u252,0.5,undirected
u161,u069,3,directed
u279,u171,0.5,undirected
u158,u188,3,directed
u158,u048,3,directed
u225,u341,1,directed
u276,u018,3,directed
u292,u018,1,directed
u413,u393,1,directed
u016,u392,1,directed
u111,u333,1,directed
u395,u150,1,directed
u197,u259,1,directed
u341,u225,1,directed
u333,u202,1,directed
u289,u135,1,directed
u131,u303,1,directed
u164,u372,0.5,undirected
u293,u415,1,directed
u158,u386,0.5,undirected
u416,u354,1,directed
u405,u007,1,directed
u333,u040,3,directed
u325,u225,3,directed
u160,u361,1,directed
u081,u141,3,directed
u382,u115,0.5,undirected
u385,u332,1,directed
u216,u324,3,directed
u410,u406,1,directed
u132,u036,1,directed
u338,u310,1,directed
u387,u296,3,directed
u255,u251,1,directed
u081,u171,1,directed
u039,u405,1,directed
u111,u069,3,directed
u306,u234,3,directed
u069,u009,0.5,undirected
u237,u069,1,directed
u152,u030,1,directed
u293,u341,1,directed
u366,u413,3,directed
u111,u396,3,directed
u360,u160,3,directed
u048,u380,3,directed
u341,u225,1,directed
u069,u310,1,directed
u080,u288,1,directed
u250,u139,1,directed
u398,u233,3,directed
u064,u007,1,directed
u255,u016,1,directed
u058,u392,1,directed
u007,u250,3,directed
u410,u392,1,directed
u128,u176,0.5,undirected
u418,u081,1,directed
u118,u348,1,directed
u171,u056,3,directed
u158,u178,1,directed
u134,u069,3,directed
u233,u177,1,directed
u243,u195,1,directed
u176,u121,0.5,undirected
u242,u299,0.5,undirected
u048,u380,3,directed
u092,u319,1,directed
u395,u156,1,directed
u293,u394,1,directed
u042,u007,1,directed
u077,u392,1,directed
u016,u277,1,directed
u176,u038,1,directed
u069,u271,3,directed
u356,u375,1,directed
u387,u067,3,directed
u245,u184,0.5,undirected
u111,u176,1,directed
u048,u380,1,directed
u225,u319,0.5,undirected
u111,u255,1,directed
u387,u117,1,directed
u276,u069,1,directed
u119,u288,1,directed
u090,u018,1,directed
u202,u209,0.5,undirected
u363,u384,1,directed
u268,u030,1,directed
u212,u250,0.5,undirected
u282,u400,1,directed
u101,u078,0.5,undirected
u018,u324,0.5,undirected
u023,u007,1,directed
u234,u326,0.5,undirected
u131,u158,1,directed
u144,u394,3,directed
u018,u372,1,directed
u069,u237,1,directed
u081,u250,1,directed
u333,u032,3,directed
u404,u324,1,directed
u052,u171,1,directed
u324,u332,1,directed
u276,u018,3,directed
u206,u157,1,directed
u293,u007,1,directed
u176,u018,1,directed
u119,u106,3,directed
u387,u148,1,directed
u048,u283,1,directed
u069,u212,1,directed
u245,u027,0.5,undirected
u382,u158,3,directed
u069,u176,1,directed
u333,u059,1,directed
u171,u251,1,directed
u318,u258,0.5,undirected
u158,u218,3,directed
u080,u139,1,directed
u069,u368,1,directed
u158,u260,1,directed
u158,u400,1,directed
u240,u316,3,directed
u337,u088,3,directed
u136,u034,3,directed
u325,u289,1,directed
u095,u412,1,directed
u125,u145,1,directed
u333,u330,1,directed
u145,u393,0.5,undirected
u279,u239,3,directed
u051,u119,1,directed
u160,u082,1,directed
u410,u043,0.5,undirected
u227,u119,1,directed
u141,u126,1,directed
u114,u392,3,directed
u406,u251,1,directed
u288,u059,3,directed
u208,u176,1,directed
u276,u102,1,directed
u173,u141,1,directed
u220,u101,3,directed
u007,u275,3,directed
u157,u016,1,directed
u412,u121,3,directed
u236,u189,0.5,undirected
u171,u392,1,directed
u080,u200,1,directed
u380,u158,1,directed
u187,u382,1,directed
u041,u410,1,directed
u018,u090,1,directed
u307,u318,0.5,undirected
u311,u020,1,directed
u114,u251,1,directed
u380,u224,3,directed
u415,u380,1,directed
u158,u048,1,directed
u081,u171,1,directed
u113,u141,0.5,undirected
u256,u121,1,directed
u030,u318,1,directed
u347,u318,0.5,undirected
u036,u319,3,directed
u237,u007,1,directed
u348,u212,3,directed
u304,u415,1,directed
u176,u272,0.5,undirected
u060,u068,3,directed
u380,u081,3,directed
u324,u382,1,directed
u341,u119,1,directed
u158,u183,0.5,undirected
u069,u315,3,directed
u348,u271,1,directed
u136,u076,0.5,undirected
u327,u115,1,directed
u202,u181,3,directed
u106,u051,1,directed
u413,u071,0.5,undirected
u158,u193,1,directed
u337,u235,1,directed
u397,u069,3,directed
u246,u412,1,directed
u284,u011,0.5,undirected
u001,u312,0.5,undirected
u214,u106,0.5,undirected
u105,u170,3,directed
u333,u087,3,directed
u372,u170,1,directed
u310,u121,1,directed
u412,u111,1,directed
u090,u018,1,directed
u406,u081,1,directed
u289,u160,0.5,undirected
u119,u007,1,directed
u324,u153,1,directed
u262,u200,0.5,undirected
u412,u069,1,directed
u018,u034,3,directed
u036,u225,3,directed
u225,u361,3,directed
u315,u353,1,directed
u393,u138,1,directed
u176,u008,1,directed
u069,u121,0.5,undirected
u069,u017,1,directed
u279,u251,1,directed
u372,u090,0.5,undirected
u052,u313,1,directed
u036,u225,3,directed
u243,u088,1,directed
u219,u322,1,directed
u319,u202,3,directed
u081,u018,1,directed
u212,u272,1,directed
u171,u016,0.5,undirected
u105,u085,0.5,undirected
u141,u043,3,directed
u090,u184,0.5,undirected
u190,u392,1,directed
u225,u319,1,directed
u251,u301,0.5,undirected
u130,u367,0.5,undirected
u410,u157,3,directed
u265,u023,3,directed
u314,u007,1,directed
u197,u069,3,directed
u382,u324,1,directed
u008,u246,1,directed
u020,u266,1,directed
u022,u354,0.5,undirected
u360,u293,1,directed
u202,u160,1,directed
u225,u134,3,directed
u335,u260,0.5,undirected
u076,u200,1,directed
u111,u128,0.5,undirected
u104,u225,1,directed
u375,u018,0.5,undirected
u076,u200,0.5,undirected
u043,u141,1,directed
u279,u255,1,directed
u176,u352,1,directed
u366,u145,0.5,undirected
u016,u058,3,directed
u062,u323,1,directed
u114,u378,0.5,undirected
u202,u293,1,directed
u372,u386,1,directed
u398,u145,3,directed
u380,u158,1,directed
u160,u202,3,directed
u089,u069,1,directed
u018,u242,3,directed
u141,u043,1,directed
u353,u371,1,directed
u380,u048,1,directed
u041,u268,3,directed
u408,u088,0.5,undirected
u279,u114,3,directed
u193,u380,1,directed
u413,u018,0.5,undirected
u247,u291,0.5,undirected
u069,u165,1,directed
u158,u218,3,directed
u236,u105,1,directed
u293,u011,1,directed
u415,u341,0.5,undirected
u280,u306,3,directed
u069,u111,1,directed
u341,u135,3,directed
u044,u369,1,directed
u069,u405,3,directed
u326,u245,1,directed
u380,u158,3,directed
u225,u293,3,directed
u287,u261,0.5,undirected
u160,u225,0.5,undirected
u253,u378,3,directed
u198,u276,3,directed
u141,u225,1,directed
u016,u302,1,directed
u007,u152,1,directed
u228,u290,1,directed
u319,u086,1,directed
u193,u158,3,directed
u319,u293,1,directed
u141,u171,1,directed
u416,u027,1,directed
u018,u324,1,directed
u090,u026,1,directed
u387,u407,1,directed
u225,u202,1,directed
u399,u007,1,directed
u308,u007,3,directed
u088,u245,3,directed
u223,u259,0.5,undirected
u069,u259,3,directed
u141,u111,1,directed
u382,u385,1,directed
u158,u380,1,directed
u121,u412,3,directed
u118,u069,0.5,undirected
u176,u358,0.5,undirected
u225,u415,1,directed
u191,u396,3,directed
u036,u135,3,directed
u100,u069,1,directed
u157,u081,1,directed
u213,u069,1,directed
u129,u396,1,directed
u081,u203,1,directed
u416,u284,1,directed
u225,u046,3,directed
u288,u125,0.5,undirected
u237,u069,1,directed
u293,u186,1,directed
u051,u052,1,directed
u273,u225,1,directed
u007,u119,3,directed
u387,u028,1,directed
u213,u237,0.5,undirected
u158,u386,1,directed
u007,u064,1,directed
u155,u333,1,directed
u406,u081,1,directed
u101,u319,0.5,undirected
u121,u069,1,directed
u216,u119,1,directed
u324,u369,0.5,undirected
u158,u195,0.5,undirected
u141,u009,3,directed
u248,u290,3,directed
u018,u076,1,directed
u353,u396,0.5,undirected
u028,u101,3,directed
u396,u069,1,directed
u410,u157,1,directed
u363,u276,1,directed
u204,u380,1,directed
u259,u112,3,directed
u387,u158,1,directed
u253,u396,1,directed
u356,u007,1,directed
u208,u069,1,directed
u225,u160,1,directed
u386,u380,1,directed
u187,u018,1,directed
u008,u121,1,directed
u069,u111,1,directed
u158,u380,3,directed
u069,u181,1,directed
u139,u097,1,directed
u224,u115,1,directed
u251,u255,1,directed
u007,u042,1,directed
u234,u225,3,directed
u081,u069,1,directed
u160,u225,0.5,undirected
u007,u119,0.5,undirected
u158,u043,1,directed
u095,u069,1,directed
u212,u069,1,directed
u293,u075,1,directed
u036,u319,1,directed
u121,u069,1,directed
u069,u317,3,directed
u058,u201,0.5,undirected
u333,u354,1,directed
u088,u025,1,directed
u166,u225,1,directed
u225,u008,0.5,undirected
u171,u099,3,directed
u171,u058,0.5,undirected
u302,u225,1,directed
u133,u088,3,directed
u007,u163,1,directed
u187,u200,3,directed
u273,u162,1,directed
u415,u330,1,directed
u372,u055,1,directed
u069,u158,1,directed
u318,u125,3,directed
u287,u093,3,directed
u046,u345,0.5,undirected
u410,u367,1,directed
u338,u069,1,directed
u161,u176,1,directed
u236,u287,1,directed
u273,u341,1,directed
u171,u418,1,directed
u198,u018,1,directed
u319,u289,3,directed
u189,u141,0.5,undirected
u016,u279,1,directed
u410,u286,1,directed
u069,u176,1,directed
u026,u324,1,directed
u058,u088,1,directed
u229,u333,1,directed
u018,u047,3,directed
u069,u128,0.5,undirected
u043,u058,1,directed
u069,u161,0.5,undirected
u009,u356,0.5,undirected
u316,u287,0.5,undirected
u387,u183,1,directed
u139,u051,0.5,undirected
u130,u069,3,directed
u386,u158,1,directed
u046,u020,1,directed
u393,u235,0.5,undirected
u284,u240,1,directed
u348,u069,1,directed
u027,u309,3,directed
u078,u223,0.5,undirected
u076,u018,0.5,undirected
u101,u105,1,directed
u380,u364,1,directed
u225,u158,3,directed
u018,u111,1,directed
u319,u225,0.5,undirected
u014,u138,3,directed
u329,u023,1,directed
u049,u007,0.5,undirected
u346,u306,0.5,undirected
u340,u387,1,directed
u341,u272,1,directed
u216,u410,1,directed
u361,u026,0.5,undirected
u333,u046,1,directed
u236,u263,1,directed
u098,u034,3,directed
u387,u110,1,directed
u183,u062,0.5,undirected
u225,u124,1,directed
u200,u174,1,directed
u400,u380,1,directed
u026,u198,1,directed
u014,u333,1,directed
u324,u018,3,directed
u171,u367,1,directed
u158,u387,1,directed
u380,u188,1,directed
u233,u309,1,directed
u200,u018,1,directed
u018,u320,1,directed
u225,u415,1,directed
u397,u174,1,directed
u396,u134,1,directed
u081,u083,0.5,undirected
u171,u126,1,directed
u058,u043,1,directed
u081,u141,1,directed
u018,u031,0.5,undirected
u324,u200,0.5,undirected
u056,u016,3,directed
u028,u234,1,directed
u242,u187,3,directed
u158,u386,3,directed
u354,u007,3,directed
u237,u128,0.5,undirected
u225,u209,0.5,undirected
u148,u158,1,directed
u194,u160,1,directed
u158,u131,1,directed
u393,u158,1,directed
u225,u202,0.5,undirected
u050,u212,0.5,undirected
u069,u356,3,directed
u381,u288,1,directed
u363,u324,3,directed
u063,u264,3,directed
u062,u158,0.5,undirected
u172,u225,1,directed
u174,u057,1,directed
u217,u287,1,directed
u022,u040,0.5,undirected
u016,u141,1,directed
u115,u200,0.5,undirected
u288,u333,1,directed
u016,u255,1,directed
u021,u225,0.5,undirected
u044,u324,1,directed
u225,u185,0.5,undirected
u195,u158,3,directed
u225,u075,1,directed
u105,u245,3,directed
u247,u257,0.5,undirected
u069,u095,1,directed
u115,u277,1,directed
u280,u101,3,directed
u048,u380,1,directed
u346,u170,1,directed
u333,u205,3,directed
u380,u275,1,directed
u115,u390,1,directed
u081,u014,1,directed
u122,u115,0.5,undirected
u368,u111,1,directed
u119,u233,1,directed
u412,u069,1,directed
u035,u157,1,directed
u046,u007,1,directed
u007,u250,1,directed
u412,u069,1,directed
u153,u200,3,directed
u387,u158,1,directed
u042,u125,1,directed
u293,u341,3,directed
u177,u007,1,directed
u302,u036,0.5,undirected
u290,u261,1,directed
u251,u171,0.5,undirected
u188,u380,0.5,undirected
u201,u291,3,directed
u119,u163,1,directed
u300,u026,1,directed
u184,u018,0.5,undirected
u158,u386,3,directed
u306,u154,1,directed
u158,u155,0.5,undirected
u202,u132,1,directed
u274,u140,1,directed
u415,u029,0.5,undirected
u230,u265,0.5,undirected
u026,u018,0.5,undirected
u119,u106,3,directed
u387,u158,1,directed
u147,u260,3,directed
u067,u271,0.5,undirected
u177,u007,1,directed
u247,u410,1,directed
u109,u140,0.5,undirected
u385,u324,1,directed
u380,u389,1,directed
u299,u140,1,directed
u225,u319,1,directed
u140,u372,1,directed
u069,u111,0.5,undirected
u048,u060,1,directed
u412,u069,3,directed
u319,u036,1,directed
u247,u058,1,directed
u163,u203,1,directed
u141,u251,0.5,undirected
u069,u018,0.5,undirected
u225,u293,0.5,undirected
u272,u152,0.5,undirected
u255,u157,1,directed
u158,u340,1,directed
u296,u380,1,directed
u111,u008,1,directed
u333,u022,3,directed
u032,u119,3,directed
u136,u018,1,directed
u051,u288,3,directed
u392,u171,1,directed
u373,u251,0.5,undirected
u130,u121,1,directed
u180,u348,1,directed
u113,u016,0.5,undirected
u053,u236,0.5,undirected
u333,u007,0.5,undirected
u290,u236,1,directed
u018,u402,3,directed
u196,u237,1,directed
u223,u069,1,directed
u036,u225,3,directed
u121,u129,1,directed
u205,u007,0.5,undirected
u208,u375,0.5,undirected
u158,u171,1,directed
u256,u069,0.5,undirected
u277,u171,1,directed
u408,u146,1,directed
u398,u028,1,directed
u018,u324,1,directed
u284,u138,1,directed
u052,u250,1,directed
u349,u281,1,directed
u399,u152,1,directed
u158,u147,3,directed
u090,u047,1,directed
u317,u319,1,directed
u352,u377,1,directed
u135,u293,1,directed
u169,u236,1,directed
u106,u345,3,directed
u111,u397,0.5,undirected
u040,u278,1,directed
u209,u021,1,directed
u069,u377,1,directed
u159,u233,3,directed
u082,u160,3,directed
u277,u141,0.5,undirected
u007,u151,1,directed
u188,u158,1,directed
u119,u059,1,directed
u069,u348,1,directed
u069,u072,1,directed
u116,u200,0.5,undirected
u234,u145,1,directed
u362,u051,1,directed
u089,u176,1,directed
u250,u077,1,directed
u158,u110,1,directed
u271,u272,3,directed
u043,u058,1,directed
u121,u069,3,directed
u058,u277,1,directed
u171,u187,3,directed
u208,u112,1,directed
u038,u255,1,directed
u114,u171,0.5,undirected
u018,u198,3,directed
u068,u303,0.5,undirected
u069,u270,3,directed
u141,u149,0.5,undirected
u158,u171,3,directed
u069,u344,0.5,undirected
u113,u392,3,directed
u280,u145,1,directed
u014,u333,1,directed
u158,u188,0.5,undirected
u410,u008,1,directed
u171,u301,1,directed
u069,u368,1,directed
u242,u018,1,directed
u069,u270,1,directed
u197,u111,0.5,undirected
u162,u360,1,directed
u380,u171,3,directed
u372,u324,1,directed
u293,u384,1,directed
u258,u333,1,directed
u066,u419,1,directed
u031,u232,1,directed
u121,u146,0.5,undirected
u158,u380,3,directed
u348,u160,3,directed
u380,u193,1,directed
u157,u251,1,directed
u069,u121,1,directed
u152,u250,1,directed
u277,u329,3,directed
u410,u157,1,directed
u201,u171,1,directed
u108,u372,0.5,undirected
u090,u324,3,directed
u225,u082,1,directed
u279,u392,1,directed
u077,u341,1,directed
u381,u139,1,directed
u092,u225,3,directed
u299,u055,1,directed
u259,u174,3,directed
u081,u410,3,directed
u418,u054,1,directed
u018,u234,0.5,undirected
u067,u158,1,directed
u096,u413,3,directed
u333,u243,1,directed
u158,u380,1,directed
u393,u138,3,directed
u080,u362,1,directed
u115,u034,1,directed
u141,u081,1,directed
u102,u003,1,directed
u288,u080,1,directed
u225,u116,1,directed
u410,u141,0.5,undirected
u331,u288,1,directed
u279,u043,3,directed
u301,u141,0.5,undirected
u018,u324,1,directed
u232,u018,1,directed
u131,u360,3,directed
u212,u344,0.5,undirected
u282,u158,1,directed
u213,u161,1,directed
u380,u225,1,directed
u377,u368,1,directed
u365,u308,1,directed
u383,u279,1,directed
u158,u386,1,directed
u107,u018,3,directed
u016,u171,3,directed
u199,u018,1,directed
u360,u225,3,directed
u321,u225,3,directed
u279,u043,0.5,undirected
u028,u393,1,directed
u100,u124,1,directed
u007,u018,1,directed
u199,u007,0.5,undirected
u348,u253,1,directed
u289,u156,0.5,undirected
u027,u337,1,directed
u016,u251,0.5,undirected
u251,u255,1,directed
u157,u171,0.5,undirected
u107,u048,3,directed
u069,u008,0.5,undirected
u081,u251,1,directed
u416,u314,1,directed
u069,u302,0.5,undirected
u153,u099,1,directed
u018,u242,0.5,undirected
u333,u354,1,directed
u387,u282,0.5,undirected
u058,u367,0.5,undirected
u333,u119,1,directed
u191,u238,0.5,undirected
u101,u255,3,directed
u100,u061,0.5,undirected
u354,u152,1,directed
u158,u193,1,directed
u394,u147,0.5,undirected
u016,u069,1,directed
u141,u311,1,directed
u251,u043,1,directed
u333,u303,0.5,undirected
u135,u225,1,directed
u225,u277,1,directed
u115,u372,1,directed
u081,u380,3,directed
u121,u084,1,directed
u068,u380,1,directed
u179,u210,1,directed
u069,u161,1,directed
u007,u354,1,directed
u171,u016,0.5,undirected
u053,u233,1,directed
u253,u111,1,directed
u225,u160,1,directed
u355,u276,1,directed
u225,u415,3,directed
u115,u332,1,directed
u007,u223,1,directed
u018,u385,1,directed
u287,u170,0.5,undirected
u141,u251,0.5,undirected
u352,u134,3,directed
u151,u119,1,directed
u121,u176,1,directed
u284,u280,1,directed
u136,u354,1,directed
u370,u158,3,directed
u081,u277,1,directed
u416,u233,1,directed
u101,u284,1,directed
u279,u286,1,directed
u276,u018,3,directed
u380,u386,1,directed
u410,u298,1,directed
u286,u279,1,directed
u376,u141,1,directed
u018,u406,0.5,undirected
u139,u399,1,directed
u293,u132,1,directed
u319,u092,0.5,undirected
u082,u289,1,directed
u115,u069,1,directed
u141,u058,1,directed
u221,u372,1,directed
u069,u121,0.5,undirected
u293,u209,3,directed
u314,u007,0.5,undirected
u417,u087,0.5,undirected
u163,u333,3,directed
u111,u208,0.5,undirected
u016,u354,3,directed
u057,u078,1,directed
u069,u142,1,directed
u160,u171,1,directed
u145,u408,1,directed
u286,u058,1,directed
u380,u387,1,directed
u250,u176,1,directed
u007,u163,0.5,undirected
u212,u069,3,directed
u069,u277,1,directed
u405,u171,1,directed
u380,u143,3,directed
u415,u135,0.5,undirected
u141,u392,1,directed
u018,u324,1,directed
u386,u158,1,directed
u394,u143,0.5,undirected
u165,u078,0.5,undirected
u230,u201,1,directed
u059,u018,0.5,undirected
u113,u251,3,directed
u016,u171,1,directed
u160,u319,1,directed
u197,u069,1,directed
u193,u158,3,directed
u158,u387,1,directed
u069,u144,3,directed
u376,u406,0.5,undirected
u069,u111,0.5,undirected
u225,u075,3,directed
u128,u069,1,directed
u097,u345,1,directed
u167,u275,1,directed
u354,u051,3,directed
u076,u242,1,directed
u157,u016,3,directed
u141,u282,0.5,undirected
u018,u200,0.5,undirected
u317,u209,0.5,undirected
u143,u110,1,directed
u035,u268,1,directed
u367,u016,1,directed
u335,u158,1,directed
u201,u016,3,directed
u333,u308,1,directed
u225,u244,1,directed
u158,u364,1,directed
u115,u158,1,directed
u276,u090,1,directed
u171,u392,1,directed
u210,u271,0.5,undirected
u098,u242,1,directed
u200,u402,1,directed
u018,u115,0.5,undirected
u380,u387,1,directed
u380,u158,0.5,undirected
u396,u223,3,directed
u121,u158,0.5,undirected
u348,u069,1,directed
u100,u123,1,directed
u204,u043,1,directed
u194,u183,1,directed
u305,u410,1,directed
u367,u016,1,directed
u348,u144,1,directed
u052,u069,0.5,undirected
u063,u126,1,directed
u036,u293,1,directed
u158,u282,1,directed
u018,u136,1,directed
u069,u134,1,directed
u044,u081,1,directed
u135,u388,1,directed
u375,u066,3,directed
u396,u046,3,directed
u345,u018,0.5,undirected
u387,u090,3,directed
u326,u096,1,directed
u076,u153,1,directed
u285,u289,3,directed
u242,u282,3,directed
u052,u313,1,directed
u076,u018,1,directed
u271,u403,0.5,undirected
u296,u181,1,directed
u242,u324,0.5,undirected
u384,u018,1,directed
u005,u099,0.5,undirected
u279,u171,1,directed
u158,u068,1,directed
u341,u245,1,directed
u384,u224,1,directed
u176,u125,1,directed
u018,u019,1,directed
u225,u293,0.5,undirected
u008,u377,1,directed
u105,u374,0.5,undirected
u365,u106,0.5,undirected
u069,u223,1,directed
u018,u187,1,directed
u041,u324,0.5,undirected
u069,u412,1,directed
u077,u081,1,directed
u227,u039,3,directed
u081,u141,1,directed
u297,u215,1,directed
u353,u069,0.5,undirected
u070,u366,1,directed
u151,u288,0.5,undirected
u141,u157,0.5,undirected
u057,u072,0.5,undirected
u382,u324,3,directed
u250,u090,0.5,undirected
u173,u043,0.5,undirected
u225,u371,0.5,undirected
u018,u242,3,directed
u007,u250,3,directed
u317,u225,1,directed
u141,u081,1,directed
u355,u137,0.5,undirected
u225,u018,3,directed
u137,u018,1,directed
u115,u225,1,directed
u225,u319,1,directed
u018,u324,1,directed
u171,u141,3,directed
u254,u372,0.5,undirected
u310,u069,0.5,undirected
u288,u318,1,directed
u018,u324,3,directed
u264,u126,1,directed
u069,u078,3,directed
u069,u212,1,directed
u049,u046,1,directed
u268,u343,1,directed
u187,u018,0.5,undirected
u387,u195,1,directed
u225,u302,0.5,undirected
u024,u141,1,directed
u091,u285,1,directed
u063,u081,1,directed
u187,u402,1,directed
u410,u081,1,directed
u225,u347,3,directed
u283,u340,1,directed
u158,u119,1,directed
u125,u007,1,directed
u111,u197,1,directed
u069,u368,0.5,undirected
u124,u292,1,directed
u087,u210,0.5,undirected
u265,u141,3,directed
u113,u016,1,directed
u056,u141,1,directed
u070,u169,0.5,undirected
u383,u149,0.5,undirected
u287,u413,1,directed
u103,u402,3,directed
u276,u198,3,directed
u158,u067,3,directed
u018,u112,1,directed
u278,u151,1,directed
u069,u213,3,directed
u069,u018,3,directed
u107,u018,1,directed
u225,u162,1,directed
u083,u090,0.5,undirected
u396,u121,1,directed
u036,u082,1,directed
u288,u333,3,directed
u368,u121,3,directed
u391,u372,1,directed
u135,u293,0.5,undirected
u380,u148,1,directed
u018,u391,1,directed
u212,u069,0.5,undirected
u193,u048,0.5,undirected
u117,u387,0.5,undirected
u293,u302,3,directed
u018,u090,1,directed
u251,u282,3,directed
u158,u387,1,directed
u320,u018,3,directed
u069,u271,0.5,undirected
u320,u332,3,directed
u387,u158,0.5,undirected
u342,u386,1,directed
u318,u022,1,directed
u339,u010,0.5,undirected
u060,u386,1,directed
u194,u051,0.5,undirected
u293,u070,3,directed
u247,u230,0.5,undirected
u124,u018,3,directed
u288,u229,3,directed
u411,u081,1,directed
u171,u031,1,directed
u289,u319,1,directed
u178,u018,1,directed
u093,u018,0.5,undirected
u136,u242,3,directed
u412,u069,1,directed
u171,u386,3,directed
u153,u018,1,directed
u376,u140,1,directed
u205,u250,1,directed
u251,u081,1,directed
u398,u233,1,directed
u042,u040,0.5,undirected
u131,u158,1,directed
u112,u225,3,directed
u368,u349,1,directed
u147,u158,3,directed
u241,u160,1,directed
u158,u389,1,directed
u267,u098,1,directed
u071,u028,1,directed
u413,u063,3,directed
u301,u113,0.5,undirected
u255,u251,0.5,undirected
u076,u372,1,directed
u392,u016,0.5,undirected
u143,u380,1,directed
u145,u225,1,directed
u072,u112,1,directed
u018,u276,3,directed
u236,u233,0.5,undirected
u007,u412,0.5,undirected
u377,u069,1,directed
u120,u217,1,directed
u251,u367,1,directed
u250,u020,0.5,undirected
u080,u278,0.5,undirected
u349,u078,1,directed
u081,u141,1,directed
u354,u042,1,directed
u081,u141,3,directed
u251,u259,1,directed
u232,u324,1,directed
u081,u171,0.5,undirected
u156,u160,1,directed
u158,u230,1,directed
u086,u018,1,directed
u267,u018,3,directed
u059,u205,3,directed
u347,u288,1,directed
u145,u025,0.5,undirected
u090,u018,1,directed
u236,u070,1,directed
u298,u387,1,directed
u171,u141,3,directed
u162,u225,0.5,undirected
u305,u250,3,directed
u036,u120,1,directed
u081,u247,0.5,undirected
u069,u050,3,directed
u028,u100,1,directed
u391,u369,1,directed
u171,u410,1,directed
u205,u354,1,directed
u391,u372,1,directed
u016,u171,3,directed
u221,u018,1,directed
u176,u324,1,directed
u007,u152,3,directed
u141,u201,3,directed
u209,u230,1,directed
u052,u243,0.5,undirected
u171,u081,0.5,undirected
u160,u225,1,directed
u146,u121,1,directed
u021,u225,0.5,undirected
u158,u387,0.5,undirected
u319,u341,1,directed
u416,u141,0.5,undirected
u251,u255,3,directed
u352,u272,3,directed
u081,u016,0.5,undirected
u288,u377,3,directed
u142,u233,0.5,undirected
u100,u018,1,directed
u069,u223,0.5,undirected
u214,u040,1,directed
u089,u084,3,directed
u241,u101,3,directed
u225,u202,1,directed
u119,u186,1,directed
u412,u146,3,directed
u378,u353,1,directed
u114,u119,1,directed
u192,u112,1,directed
u387,u124,1,directed
u273,u018,1,directed
u093,u100,0.5,undirected
u069,u212,1,directed
u325,u150,1,directed
u004,u321,1,directed
u007,u121,1,directed
u109,u018,1,directed
u133,u263,1,directed
u157,u225,1,directed
u412,u111,0.5,undirected
u225,u299,1,directed
u332,u232,1,directed
u007,u251,3,directed
u317,u323,3,directed
u289,u415,1,directed
u225,u412,1,directed
u324,u333,1,directed
u263,u413,0.5,undirected
u417,u214,0.5,undirected
u071,u120,3,directed
u244,u056,0.5,undirected
u410,u016,3,directed
u250,u314,1,directed
u069,u259,0.5,undirected
u061,u158,0.5,undirected
u290,u346,1,directed
u225,u341,3,directed
u293,u046,1,directed
u289,u132,1,directed
u160,u289,1,directed
u233,u366,1,directed
u036,u160,1,directed
u034,u409,0.5,undirected
u289,u324,1,directed
u177,u401,1,directed
u043,u038,0.5,undirected
u225,u341,1,directed
u048,u380,1,directed
u019,u372,1,directed
u081,u016,1,directed
u195,u079,0.5,undirected
u202,u225,1,directed
u069,u018,1,directed
u237,u272,1,directed
u018,u107,3,directed
u069,u349,3,directed
u277,u141,3,directed
u077,u171,0.5,undirected
u011,u101,0.5,undirected
u160,u317,0.5,undirected
u018,u158,0.5,undirected
u199,u026,0.5,undirected
u068,u387,1,directed
u298,u380,1,directed
u119,u333,0.5,undirected
u152,u007,1,directed
u263,u182,1,directed
u081,u265,3,directed
u033,u064,1,directed
u018,u123,3,directed
u412,u396,0.5,undirected
u115,u018,1,directed
u245,u081,0.5,undirected
u058,u056,3,directed
u108,u163,0.5,undirected
u158,u218,3,directed
u088,u133,0.5,undirected
u394,u260,1,directed
u406,u117,3,directed
u075,u225,1,directed
u171,u186,0.5,undirected
u244,u380,3,directed
u384,u018,3,directed
u278,u119,1,directed
u105,u025,3,directed
u111,u069,1,directed
u141,u157,1,directed
u154,u276,1,directed
u158,u193,3,directed
u255,u171,0.5,undirected
u119,u155,1,directed
u129,u069,1,directed
u333,u200,3,directed
u007,u032,0.5,undirected
u279,u203,3,directed
u319,u202,0.5,undirected
u193,u145,1,directed
u069,u089,1,directed
u158,u110,1,directed
u158,u060,3,directed
u176,u008,1,directed
u187,u018,3,directed
u333,u119,1,directed
u356,u069,0.5,undirected
u289,u092,3,directed
u323,u158,1,directed
u163,u330,0.5,undirected
u225,u410,1,directed
u380,u007,0.5,undirected
u090,u068,1,directed
u314,u119,3,directed
u259,u158,1,directed
u310,u132,3,directed
u255,u171,3,directed
u058,u056,1,directed
u136,u018,1,directed
u058,u171,3,directed
u369,u320,1,directed
u167,u380,1,directed
u225,u293,0.5,undirected
u289,u293,3,directed
u319,u225,1,directed
u319,u160,1,directed
u248,u105,1,directed
u209,u360,1,directed
u018,u075,0.5,undirected
u201,u171,0.5,undirected
u035,u141,1,directed
u378,u348,1,directed
u399,u333,1,directed
u125,u216,1,directed
u018,u391,1,directed
u158,u204,3,directed
u100,u332,0.5,undirected
u018,u116,1,directed
u300,u081,1,directed
u079,u158,1,directed
u236,u220,0.5,undirected
u122,u119,0.5,undirected
u171,u006,0.5,undirected
u141,u219,3,directed
u158,u018,0.5,undirected
u277,u058,1,directed
u117,u101,1,directed
u375,u343,3,directed
u289,u319,1,directed
u115,u390,3,directed
u225,u341,1,directed
u294,u364,1,directed
u225,u043,1,directed
u171,u077,3,directed
u087,u007,1,directed
u369,u232,1,directed
u128,u002,0.5,undirected
u273,u319,1,directed
u225,u037,0.5,undirected
u044,u193,3,directed
u081,u392,1,directed
u018,u115,1,directed
u030,u266,1,directed
u115,u018,1,directed
u032,u297,3,directed
u108,u022,3,directed
u107,u187,1,directed
u007,u046,1,directed
u259,u349,0.5,undirected
u193,u158,0.5,undirected
u135,u293,1,directed
u046,u119,1,directed
u276,u076,0.5,undirected
u060,u158,3,directed
u069,u111,1,directed
u034,u018,1,directed
u260,u183,0.5,undirected
u392,u141,1,directed
u171,u081,1,directed
u333,u068,3,directed
u393,u171,0.5,undirected
u299,u003,3,directed
u208,u348,3,directed
u090,u018,3,directed
u344,u128,1,directed
u125,u354,1,directed
u403,u121,1,directed
u123,u055,3,directed
u016,u171,1,directed
u160,u304,1,directed
u376,u269,3,directed
u161,u197,1,directed
u018,u225,3,directed
u350,u293,1,directed
u127,u011,1,directed
u250,u007,3,directed
u410,u141,1,directed
u081,u082,1,directed
u161,u144,1,directed
u238,u176,1,directed
u143,u171,1,directed
u289,u185,1,directed
u161,u066,0.5,undirected
u044,u257,1,directed
u158,u283,3,directed
u356,u412,1,directed
u071,u145,1,directed
u245,u170,1,directed
u356,u372,3,directed
u171,u081,1,directed
u119,u030,0.5,undirected
u014,u039,1,directed
u134,u375,1,directed
u280,u101,1,directed
u111,u367,1,directed
u145,u119,1,directed
u081,u367,1,directed
u255,u141,1,directed
u236,u244,1,directed
u119,u393,1,directed
u061,u324,3,directed
u018,u099,1,directed
u248,u228,1,directed
u386,u158,1,directed
u394,u060,1,directed
u223,u274,1,directed
u387,u276,1,directed
u251,u277,0.5,undirected
u119,u222,1,directed
u081,u410,1,directed
u135,u360,0.5,undirected
u251,u171,0.5,undirected
u067,u396,3,directed
u131,u158,1,directed
u210,u333,1,directed
u000,u081,1,directed
u333,u046,3,directed
u126,u410,1,directed
u280,u220,1,directed
u376,u380,1,directed
u158,u351,1,directed
u043,u058,1,directed
u242,u198,0.5,undirected
u175,u164,3,directed
u018,u076,1,directed
u112,u069,1,directed
u090,u262,1,directed
u081,u171,0.5,undirected
u270,u129,3,directed
u286,u157,1,directed
u179,u152,0.5,undirected
u018,u276,1,directed
u364,u282,0.5,undirected
u018,u123,1,directed
u081,u171,3,directed
u158,u380,1,directed
u279,u081,1,directed
u018,u276,3,directed
u225,u293,0.5,undirected
u194,u158,3,directed
u106,u015,1,directed
u372,u225,1,directed
u171,u277,0.5,undirected
u121,u331,1,directed
u021,u160,3,directed
u109,u276,0.5,undirected
u235,u280,1,directed
u018,u382,3,directed
u225,u132,0.5,undirected
u352,u111,3,directed
u209,u225,1,directed
u119,u333,1,directed
u216,u139,1,directed
u139,u214,1,directed
u018,u034,1,directed
u115,u335,1,directed
u321,u216,3,directed
u176,u121,1,directed
u381,u007,1,directed
u158,u387,1,directed
u409,u200,1,directed
u158,u035,3,directed
u313,u026,1,directed
u317,u152,1,directed
u302,u293,1,directed
u375,u176,3,directed
u333,u163,3,directed
u100,u153,1,directed
u400,u158,1,directed
u357,u151,3,directed
u182,u138,0.5,undirected
u230,u380,3,directed
u198,u109,1,directed
u133,u234,3,directed
u127,u043,0.5,undirected
u134,u072,1,directed
u286,u410,1,directed
u119,u333,1,directed
u339,u391,1,directed
u008,u321,1,directed
u363,u115,1,directed
u338,u253,1,directed
u412,u069,1,directed
u016,u203,3,directed
u380,u034,1,directed
u380,u394,1,directed
u251,u016,1,directed
u106,u007,1,directed
u018,u090,3,directed
u397,u069,1,directed
u225,u092,1,directed
u069,u081,1,directed
u293,u225,1,directed
u062,u158,1,directed
u160,u202,1,directed
u312,u219,3,directed
u258,u051,3,directed
u354,u177,1,directed
u018,u076,1,directed
u240,u312,1,directed
u110,u218,1,directed
u158,u386,1,directed
u042,u251,1,directed
u225,u361,1,directed
u367,u333,3,directed
u333,u179,3,directed
u341,u225,1,directed
u250,u333,1,directed
u372,u242,1,directed
u386,u158,1,directed
u152,u007,1,directed
u158,u387,1,directed
u332,u276,1,directed
u276,u018,1,directed
u018,u355,1,directed
u069,u174,1,directed
u318,u222,1,directed
u162,u225,1,directed
u386,u060,1,directed
u176,u352,1,directed
u366,u233,1,directed
u121,u259,1,directed
u375,u191,1,directed
u197,u111,3,directed
u115,u198,1,directed
u379,u019,3,directed
u016,u251,0.5,undirected
u095,u078,1,directed
u169,u105,0.5,undirected
u299,u184,0.5,undirected
u090,u382,0.5,undirected
u046,u068,3,directed
u417,u022,3,directed
u230,u016,1,directed
u246,u069,1,directed
u333,u007,0.5,undirected
u014,u046,1,directed
u157,u141,3,directed
u335,u351,3,directed
u172,u021,0.5,undirected
u330,u152,0.5,undirected
u018,u115,3,directed
u225,u319,0.5,undirected
u321,u132,3,directed
u130,u069,0.5,undirected
u379,u090,1,directed
u116,u318,1,directed
u269,u171,1,directed
u171,u016,1,directed
u133,u205,0.5,undirected
u276,u062,3,directed
u264,u100,1,directed
u113,u178,1,directed
u026,u121,3,directed
u307,u030,1,directed
u112,u084,3,directed
u158,u323,0.5,undirected
u320,u018,1,directed
u412,u236,3,directed
u018,u385,1,directed
u400,u335,1,directed
u367,u171,1,directed
u082,u246,0.5,undirected
u280,u024,0.5,undirected
u174,u121,1,directed
u410,u171,1,directed
u361,u225,1,directed
u169,u000,1,directed
u121,u202,1,directed
u117,u068,0.5,undirected
u411,u269,0.5,undirected
u321,u202,0.5,undirected
u016,u255,1,directed
u384,u055,1,directed
u023,u247,1,directed
u371,u095,3,directed
u081,u076,1,directed
u048,u275,1,directed
u101,u416,1,directed
u335,u380,0.5,undirected
u380,u147,1,directed
u158,u380,1,directed
u007,u139,1,directed
u018,u199,1,directed
u004,u166,0.5,undirected
u007,u345,1,directed
u018,u103,3,directed
u234,u101,0.5,undirected
u018,u164,1,directed
u232,u018,1,directed
u032,u014,3,directed
u225,u160,1,directed
u018,u324,3,directed
u046,u018,0.5,undirected
u158,u364,0.5,undirected
u177,u042,1,directed
u129,u192,1,directed
u351,u062,1,directed
u225,u372,1,directed
u157,u410,0.5,undirected
u052,u151,3,directed
u069,u352,1,directed
u111,u212,3,directed
u175,u242,1,directed
u225,u080,1,directed
u410,u016,0.5,undirected
u324,u242,0.5,undirected
u200,u232,3,directed
u008,u158,1,directed
u215,u119,1,directed
u279,u081,1,directed
u046,u007,1,directed
u044,u361,1,directed
u007,u386,3,directed
u233,u280,1,directed
u225,u319,1,directed
u245,u249,1,directed
u018,u410,0.5,undirected
u153,u115,0.5,undirected
u135,u119,3,directed
u171,u141,1,directed
u034,u158,1,directed
u018,u391,0.5,undirected
u380,u018,1,directed
u327,u099,0.5,undirected
u288,u020,1,directed
u165,u072,1,directed
u314,u258,0.5,undirected
u018,u372,1,directed
u387,u303,0.5,undirected
u313,u007,1,directed
u018,u385,1,directed
u017,u069,1,directed
u225,u093,0.5,undirected
u340,u158,1,directed
u235,u398,0.5,undirected
u276,u018,3,directed
u324,u018,0.5,undirected
u210,u258,1,directed
u026,u333,1,directed
u375,u310,0.5,undirected
u232,u018,3,directed
u293,u160,3,directed
u086,u232,1,directed
u018,u355,3,directed
u379,u018,0.5,undirected
u069,u161,1,directed
u231,u332,1,directed
u342,u283,1,directed
u348,u069,1,directed
u392,u251,1,directed
u255,u251,3,directed
u282,u380,0.5,undirected
u234,u263,3,directed
u387,u060,3,directed
u077,u041,1,directed
u287,u322,1,directed
u313,u155,1,directed
u341,u302,3,directed
u372,u175,1,directed
u133,u233,1,directed
u092,u018,1,directed
u121,u069,0.5,undirected
u300,u081,1,directed
u046,u139,0.5,undirected
u046,u081,0.5,undirected
u046,u330,1,directed
u050,u355,1,directed
u101,u398,1,directed
u295,u090,3,directed
u158,u275,1,directed
u025,u145,3,directed
u283,u386,0.5,undirected
u111,u069,3,directed
u069,u259,3,directed
u164,u018,1,directed
u206,u264,0.5,undirected
u324,u121,1,directed
u396,u161,3,directed
u152,u069,3,directed
u248,u053,1,directed
u088,u236,1,directed
u171,u058,1,directed
u032,u216,1,directed
u367,u190,1,directed
u069,u338,1,directed
u364,u158,1,directed
u391,u031,1,directed
u288,u097,3,directed
u228,u309,1,directed
u099,u010,0.5,undirected
u157,u171,1,directed
u279,u251,0.5,undirected
u158,u311,1,directed
u147,u282,1,directed
u245,u171,0.5,undirected
u289,u082,0.5,undirected
u081,u141,1,directed
u069,u419,1,directed
u151,u052,1,directed
u286,u255,1,directed
u158,u062,3,directed
u171,u251,1,directed
u018,u276,0.5,undirected
u158,u303,1,directed
u248,u393,3,directed
u019,u372,1,directed
u068,u193,1,directed
u415,u171,0.5,undirected
u157,u149,1,directed
u028,u236,3,directed
u078,u069,3,directed
u391,u225,1,directed
u171,u012,1,directed
u402,u384,0.5,undirected
u158,u380,3,directed
u363,u026,3,directed
u018,u384,3,directed
u234,u127,1,directed
u230,u286,1,directed
u203,u081,0.5,undirected
u226,u094,1,directed
u220,u233,1,directed
u160,u321,1,directed
u052,u276,1,directed
u358,u154,1,directed
u158,u294,1,directed
u293,u225,3,directed
u200,u171,0.5,undirected
u160,u225,3,directed
u193,u386,1,directed
u081,u141,3,directed
u311,u081,3,directed
u058,u157,1,directed
u018,u003,1,directed
u141,u251,1,directed
u126,u208,1,directed
u103,u276,3,directed
u387,u095,1,directed
u339,u102,1,directed
u414,u185,1,directed
u324,u242,1,directed
u077,u081,0.5,undirected
u069,u412,1,directed
u223,u069,0.5,undirected
u171,u037,0.5,undirected
u324,u018,1,directed
u180,u358,1,directed
u260,u286,1,directed
u160,u317,1,directed
u039,u046,3,directed
u056,u343,1,directed
u246,u412,3,directed
u119,u163,0.5,undirected
u158,u298,1,directed
u271,u069,1,directed
u095,u111,1,directed
u100,u297,1,directed
u158,u297,1,directed
u069,u352,3,directed
u406,u035,1,directed
u094,u372,3,directed
u032,u355,0.5,undirected
u199,u007,1,directed
u333,u018,3,directed
u314,u158,3,directed
u293,u181,1,directed
u417,u394,0.5,undirected
u366,u416,3,directed
u062,u323,0.5,undirected
u050,u078,1,directed
u115,u031,1,directed
u048,u342,0.5,undirected
u152,u354,1,directed
u208,u192,1,directed
u391,u018,1,directed
u176,u057,1,directed
u395,u225,0.5,undirected
u151,u040,1,directed
u279,u171,1,directed
u018,u372,1,directed
u276,u055,1,directed
u059,u402,1,directed
u010,u372,1,directed
u324,u252,1,directed
u085,u158,1,directed
u182,u233,1,directed
u162,u350,1,directed
u107,u228,1,directed
u058,u251,0.5,undirected
u119,u278,0.5,undirected
u007,u152,3,directed
u066,u016,3,directed
u069,u078,1,directed
u221,u140,0.5,undirected
u314,u333,1,directed
u251,u126,0.5,undirected
u069,u008,1,directed
u232,u171,0.5,undirected
u277,u171,1,directed
u279,u410,1,directed
u158,u387,0.5,undirected
u393,u337,3,directed
u317,u001,1,directed
u046,u026,1,directed
u081,u171,1,directed
u225,u036,3,directed
u034,u099,1,directed
u396,u156,1,directed
u140,u105,1,directed
u123,u018,0.5,undirected
u038,u392,0.5,undirected
u288,u200,1,directed
u090,u093,1,directed
u415,u075,0.5,undirected
u277,u251,0.5,undirected
u216,u119,1,directed
u213,u375,1,directed
u248,u255,3,directed
u251,u410,3,directed
u018,u402,1,directed
u292,u098,1,directed
u288,u001,3,directed
u119,u152,3,directed
u160,u293,1,directed
u232,u076,0.5,undirected
u121,u352,1,directed
u018,u242,1,directed
u391,u018,1,directed
u115,u136,1,directed
u365,u020,1,directed
u248,u306,1,directed
u141,u016,0.5,undirected
u090,u175,1,directed
u225,u233,1,directed
u081,u387,1,directed
u225,u360,3,directed
u289,u225,1,directed
u105,u366,1,directed
u355,u267,3,directed
u370,u225,1,directed
u158,u204,1,directed
u171,u069,1,directed
u380,u147,1,directed
u018,u140,3,directed
u287,u408,3,directed
u380,u060,1,directed
u082,u166,1,directed
u267,u324,3,directed
u121,u174,1,directed
u171,u040,1,directed
u376,u230,0.5,undirected
u364,u283,1,directed
u366,u287,3,directed
u082,u160,1,directed
u123,u324,1,directed
u069,u157,1,directed
u152,u216,1,directed
u016,u171,1,directed
u044,u107,1,directed
u069,u324,0.5,undirected
u204,u387,3,directed
u271,u331,1,directed
u081,u279,0.5,undirected
u282,u068,1,directed
u157,u176,1,directed
u119,u074,1,directed
u333,u046,3,directed
u387,u158,3,directed
u375,u134,1,directed
u053,u236,1,directed
u069,u111,0.5,undirected
u121,u356,1,directed
u251,u171,1,directed
u197,u213,3,directed
u367,u081,1,directed
u018,u267,1,directed
u163,u266,1,directed
u409,u153,1,directed
u194,u048,1,directed
u307,u305,3,directed
u160,u361,1,directed
u232,u124,1,directed
u158,u117,1,directed
u267,u026,3,directed
u158,u335,1,directed
u391,u136,1,directed
u171,u113,1,directed
u141,u373,3,directed
u062,u158,0.5,undirected
u002,u344,1,directed
u069,u065,1,directed
u158,u380,1,directed
u277,u255,3,directed
u289,u341,0.5,undirected
u333,u014,1,directed
u201,u277,3,directed
u233,u219,3,directed
u261,u233,1,directed
u158,u251,3,directed
u061,u044,3,directed
u121,u368,1,directed
u293,u035,1,directed
u384,u178,3,directed
u171,u058,1,directed
u225,u285,1,directed
u348,u050,1,directed
u250,u064,1,directed
u167,u380,3,directed
u200,u385,1,directed
u202,u158,1,directed
u176,u310,1,directed
u380,u195,0.5,undirected
u171,u141,3,directed
u293,u358,1,directed
u251,u279,3,directed
u353,u089,1,directed
u115,u090,1,directed
u078,u358,1,directed
u199,u018,0.5,undirected
u211,u145,0.5,undirected
u069,u212,3,directed
u064,u311,1,directed
u410,u392,3,directed
u076,u232,1,directed
u393,u200,1,directed
u081,u113,3,directed
u200,u236,1,directed
u344,u069,1,directed
u396,u121,1,directed
u225,u132,0.5,undirected
u255,u392,0.5,undirected
u061,u254,1,directed
u048,u380,1,directed
u044,u115,1,directed
u161,u358,1,directed
u274,u115,0.5,undirected
u364,u340,3,directed
u034,u103,3,directed
u352,u197,3,directed
u089,u213,1,directed
u141,u406,3,directed
u152,u333,0.5,undirected
u321,u293,1,directed
u181,u372,1,directed
u195,u171,0.5,undirected
u193,u157,1,directed
u046,u216,3,directed
u147,u148,1,directed
u121,u377,1,directed
u293,u325,1,directed
u141,u225,3,directed
u085,u061,1,directed
u306,u088,3,directed
u255,u354,1,directed
u018,u076,3,directed
u018,u372,0.5,undirected
u240,u018,1,directed
u412,u069,3,directed
u099,u175,0.5,undirected
u387,u090,3,directed
u387,u158,0.5,undirected
u014,u333,0.5,undirected
u032,u007,1,directed
u380,u260,1,directed
u410,u171,3,directed
u279,u269,3,directed
u008,u176,1,directed
u293,u395,3,directed
u364,u048,1,directed
u080,u333,1,directed
u112,u174,1,directed
u171,u016,1,directed
u061,u200,1,directed
u319,u225,1,directed
u128,u011,3,directed
u372,u286,0.5,undirected
u046,u015,0.5,undirected
u314,u354,1,directed
u324,u018,1,directed
u294,u158,1,directed
u102,u216,1,directed
u398,u245,1,directed
u158,u069,0.5,undirected
u121,u112,1,directed
u018,u200,1,directed
u375,u192,3,directed
u359,u007,3,directed
u387,u018,1,directed
u293,u225,1,directed
u289,u160,3,directed
u125,u046,1,directed
u141,u279,0.5,undirected
u402,u153,0.5,undirected
u332,u383,1,directed
u365,u139,1,directed
u333,u319,1,directed
u391,u369,3,directed
u319,u414,1,directed
u236,u234,0.5,undirected
u365,u018,1,directed
u225,u022,0.5,undirected
u158,u141,3,directed
u018,u168,3,directed
u171,u329,1,directed
u190,u016,1,directed
u274,u018,0.5,undirected
u393,u233,0.5,undirected
u007,u177,1,directed
u018,u324,3,directed
u119,u052,1,directed
u179,u007,1,directed
u018,u115,1,directed
u387,u293,0.5,undirected
u081,u058,0.5,undirected
u324,u276,1,directed
u236,u154,1,directed
u082,u365,1,directed
u380,u386,1,directed
u007,u046,1,directed
u386,u387,1,directed
u191,u378,0.5,undirected
u372,u299,1,directed
u160,u225,0.5,undirected
u074,u177,1,directed
u310,u129,1,directed
u273,u091,3,directed
u016,u058,3,directed
u007,u288,1,directed
u158,u319,1,directed
u008,u069,1,directed
u325,u217,0.5,undirected
u007,u227,0.5,undirected
u303,u171,1,directed
u033,u288,0.5,undirected
u265,u171,3,directed
u158,u255,1,directed
u107,u198,1,directed
u314,u179,1,directed
u196,u121,1,directed
u154,u105,1,directed
u242,u064,1,directed
u072,u256,3,directed
u141,u023,3,directed
u360,u036,1,directed
u330,u081,3,directed
u101,u280,0.5,undirected
u402,u324,0.5,undirected
u139,u333,1,directed
u386,u069,3,directed
u008,u288,3,directed
u367,u300,0.5,undirected
u394,u158,1,directed
u111,u129,1,directed
u043,u410,1,directed
u018,u162,1,directed
u225,u415,1,directed
u225,u289,1,directed
u225,u273,1,directed
u069,u111,1,directed
u147,u158,3,directed
u080,u081,1,directed
u119,u152,1,directed
u082,u293,1,directed
u141,u367,0.5,undirected
u162,u225,0.5,undirected
u115,u160,1,directed
u140,u251,1,directed
u044,u324,1,directed
u158,u380,1,directed
u121,u412,0.5,undirected
u141,u081,1,directed
u333,u152,1,directed
u362,u346,1,directed
u230,u006,0.5,undirected
u016,u018,1,directed
u288,u250,1,directed
u007,u380,0.5,undirected
u202,u386,1,directed
u119,u216,1,directed
u007,u119,1,directed
u409,u102,0.5,undirected
u090,u092,1,directed
u333,u258,3,directed
u315,u134,1,directed
u313,u318,3,directed
u293,u225,1,directed
u108,u347,1,directed
u063,u077,1,directed
u018,u276,1,directed
u247,u081,0.5,undirected
u372,u018,1,directed
u413,u101,1,directed
u069,u009,1,directed
u108,u106,3,directed
u187,u324,0.5,undirected
u348,u253,1,directed
u324,u231,0.5,undirected
u291,u277,1,directed
u324,u076,0.5,undirected
u075,u160,0.5,undirected
u007,u333,1,directed
u018,u369,1,directed
u018,u153,1,directed
u141,u081,1,directed
u139,u229,3,directed
u288,u213,3,directed
u368,u072,1,directed
u216,u087,3,directed
u001,u398,0.5,undirected
u018,u372,3,directed
u225,u293,1,directed
u101,u398,3,directed
u236,u127,3,directed
u069,u112,1,directed
u335,u068,0.5,undirected
u112,u008,0.5,undirected
u137,u372,1,directed
u225,u289,1,directed
u023,u279,1,directed
u367,u043,0.5,undirected
u158,u194,0.5,undirected
u198,u018,1,directed
u007,u223,0.5,undirected
u225,u289,1,directed
u058,u168,1,directed
u367,u190,0.5,undirected
u111,u095,1,directed
u069,u344,1,directed
u100,u207,1,directed
u207,u044,1,directed
u280,u326,1,directed
u081,u058,1,directed
u171,u081,0.5,undirected
u021,u069,3,directed
u174,u008,3,directed
u129,u128,1,directed
u016,u392,1,directed
u233,u261,1,directed
u119,u064,1,directed
u171,u255,1,directed
u069,u161,1,directed
u058,u081,0.5,undirected
u119,u333,1,directed
u026,u200,1,directed
u006,u200,0.5,undirected
u016,u343,1,directed
u081,u141,1,directed
u025,u056,1,directed
u410,u081,1,directed
u225,u115,1,directed
u100,u018,0.5,undirected
u212,u069,0.5,undirected
u007,u040,1,directed
u227,u345,0.5,undirected
u033,u288,1,directed
u196,u128,1,directed
u061,u324,3,directed
u024,u035,3,directed
u384,u285,1,directed
u035,u410,0.5,undirected
u387,u158,3,directed
u289,u036,1,directed
u276,u221,3,directed
u234,u154,1,directed
u008,u248,0.5,undirected
u125,u152,1,directed
u412,u069,1,directed
u220,u211,3,directed
u244,u284,3,directed
u277,u081,1,directed
u092,u225,0.5,undirected
u279,u016,0.5,undirected
u181,u155,1,directed
u081,u328,1,directed
u004,u302,0.5,undirected
u112,u016,3,directed
u157,u392,1,directed
u279,u392,3,directed
u073,u100,1,directed
u109,u069,1,directed
u197,u008,1,directed
u406,u171,0.5,undirected
u325,u082,1,directed
u076,u153,1,directed
u280,u266,0.5,undirected
u271,u419,0.5,undirected
u160,u289,0.5,undirected
u054,u024,1,directed
u119,u330,1,directed
u331,u069,1,directed
u234,u219,1,directed
u343,u058,1,directed
u316,u355,1,directed
u158,u141,1,directed
u333,u250,3,directed
u018,u369,1,directed
u061,u018,1,directed
u293,u415,1,directed
u225,u319,3,directed
u197,u396,0.5,undirected
u056,u287,1,directed
u350,u091,3,directed
u237,u213,1,directed
u212,u184,1,directed
u039,u318,1,directed
u280,u021,0.5,undirected
u332,u102,1,directed
u082,u293,3,directed
u158,u131,0.5,undirected
u336,u044,1,directed
u141,u046,1,directed
u158,u275,1,directed
u324,u119,0.5,undirected
u134,u412,1,directed
u081,u417,1,directed
u323,u158,3,directed
u007,u288,1,directed
u333,u266,3,directed
u141,u367,1,directed
u399,u059,1,directed
u152,u007,1,directed
u115,u276,1,directed
u018,u336,1,directed
u288,u214,0.5,undirected
u333,u007,3,directed
u327,u018,1,directed
u018,u034,0.5,undirected
u406,u301,1,directed
u410,u157,1,directed
u141,u255,1,directed
u232,u382,3,directed
u368,u069,1,directed
u104,u135,3,directed
u221,u409,1,directed
u216,u152,3,directed
u213,u223,1,directed
u230,u081,3,directed
u340,u148,1,directed
u274,u076,1,directed
u246,u176,3,directed
u171,u418,1,directed
u078,u112,3,directed
u043,u111,0.5,undirected
u201,u016,3,directed
u201,u410,0.5,undirected
u125,u051,1,directed
u189,u012,1,directed
u049,u072,1,directed
u068,u158,3,directed
u324,u061,3,directed
u233,u188,0.5,undirected
u265,u406,3,directed
u111,u371,1,directed
u334,u319,1,directed
u245,u312,1,directed
u070,u234,1,directed
u058,u171,0.5,undirected
u209,u370,1,directed
u225,u082,1,directed
u069,u128,1,directed
u419,u231,0.5,undirected
u205,u119,1,directed
u237,u165,1,directed
u139,u125,0.5,undirected
u111,u121,3,directed
u333,u171,3,directed
u380,u158,1,directed
u200,u242,1,directed
u380,u158,3,directed
u227,u314,1,directed
u069,u212,1,directed
u309,u341,0.5,undirected
u234,u160,1,directed
u171,u081,0.5,undirected
u242,u276,1,directed
u250,u163,1,directed
u216,u097,1,directed
u287,u169,0.5,undirected
u384,u164,1,directed
u007,u069,0.5,undirected
u232,u018,1,directed
u251,u171,1,directed
u018,u202,1,directed
u292,u200,0.5,undirected
u216,u020,1,directed
u381,u155,1,directed
u288,u046,1,directed
u407,u195,1,directed
u127,u182,3,directed
u293,u321,1,directed
u387,u158,1,directed
u119,u205,1,directed
u288,u152,1,directed
u171,u081,0.5,undirected
u162,u225,0.5,undirected
u250,u119,0.5,undirected
u225,u319,0.5,undirected
u321,u414,0.5,undirected
u250,u020,0.5,undirected
u018,u276,1,directed
u370,u225,3,directed
u279,u410,0.5,undirected
u081,u327,3,directed
u333,u308,1,directed
u018,u100,3,directed
u158,u372,0.5,undirected
u084,u196,1,directed
u180,u008,1,directed
u325,u415,1,directed
u018,u402,1,directed
u242,u018,0.5,undirected
u393,u234,1,directed
u212,u396,0.5,undirected
u012,u058,1,directed
u333,u007,1,directed
u380,u158,1,directed
u046,u313,3,directed
u088,u211,1,directed
u267,u359,1,directed
u096,u219,1,directed
u219,u234,1,directed
u225,u302,1,directed
u192,u089,1,directed
u309,u245,3,directed
u096,u234,0.5,undirected
u234,u280,1,directed
u367,u043,1,directed
u007,u399,0.5,undirected
u069,u130,1,directed
u094,u018,1,directed
u072,u069,0.5,undirected
u018,u334,3,directed
u303,u143,1,directed
u343,u081,1,directed
u007,u030,1,directed
u333,u064,1,directed
u225,u341,0.5,undirected
u071,u244,3,directed
u232,u018,1,directed
u100,u018,0.5,undirected
u081,u126,1,directed
u160,u341,1,directed
u324,u372,1,directed
u110,u387,1,directed
u018,u402,1,directed
u021,u225,1,directed
u209,u395,1,directed
u069,u349,1,directed
u319,u160,1,directed
u171,u016,1,directed
u111,u375,1,directed
u373,u141,1,directed
u158,u386,3,directed
u387,u075,1,directed
u346,u158,1,directed
u326,u101,0.5,undirected
u373,u081,1,directed
u018,u232,1,directed
u116,u299,1,directed
u171,u406,1,directed
u200,u257,1,directed
u360,u319,1,directed
u324,u124,1,directed
u352,u377,1,directed
u081,u016,1,directed
u266,u288,1,directed
u144,u212,1,directed
u007,u040,1,directed
u171,u113,1,directed
u410,u157,0.5,undirected
u412,u069,0.5,undirected
u026,u136,1,directed
u018,u123,1,directed
u158,u171,1,directed
u245,u248,1,directed
u102,u299,3,directed
u260,u380,1,directed
u171,u041,1,directed
u324,u018,1,directed
u072,u349,1,directed
u081,u016,0.5,undirected
u002,u237,1,directed
u058,u054,1,directed
u028,u000,1,directed
u095,u191,1,directed
u038,u201,1,directed
u060,u158,1,directed
u139,u052,1,directed
u001,u220,1,directed
u207,u225,1,directed
u174,u163,3,directed
u219,u362,1,directed
u209,u350,1,directed
u123,u267,1,directed
u368,u072,0.5,undirected
u171,u215,0.5,undirected
u250,u347,1,directed
u249,u328,1,directed
u007,u266,0.5,undirected
u275,u175,1,directed
u248,u236,3,directed
u392,u255,1,directed
u007,u258,1,directed
u063,u277,1,directed
u111,u008,1,directed
u115,u324,1,directed
u367,u410,0.5,undirected
u018,u007,0.5,undirected
u081,u118,1,directed
u387,u079,0.5,undirected
u018,u008,1,directed
u119,u216,1,directed
u396,u034,1,directed
u368,u356,3,directed
u007,u042,1,directed
u212,u358,1,directed
u225,u289,3,directed
u403,u310,1,directed
u082,u160,0.5,undirected
u323,u067,0.5,undirected
u018,u372,1,directed
u018,u152,1,directed
u018,u336,1,directed
u015,u033,1,directed
u048,u079,1,directed
u158,u387,1,directed
u141,u265,3,directed
u380,u045,3,directed
u081,u126,1,directed
u288,u007,0.5,undirected
u288,u007,1,directed
u171,u406,3,directed
u233,u328,1,directed
u245,u261,1,directed
u201,u198,1,directed
u145,u233,1,directed
u394,u148,0.5,undirected
u161,u348,1,directed
u018,u187,1,directed
u043,u157,0.5,undirected
u018,u384,1,directed
u020,u258,1,directed
u082,u321,3,directed
u072,u286,3,directed
u041,u081,0.5,undirected
u052,u354,1,directed
u095,u069,1,directed
u052,u020,1,directed
u229,u288,1,directed
u193,u387,1,directed
u297,u354,1,directed
u202,u185,1,directed
u018,u242,0.5,undirected
u353,u174,1,directed
u158,u141,1,directed
u259,u180,1,directed
u119,u354,0.5,undirected
u112,u104,1,directed
u371,u271,1,directed
u074,u058,1,directed
u333,u163,1,directed
u230,u286,1,directed
u133,u135,1,directed
u027,u145,1,directed
u141,u081,1,directed
u259,u069,1,directed
u216,u108,1,directed
u105,u393,1,directed
u356,u377,1,directed
u013,u317,1,directed
u171,u016,3,directed
u412,u375,1,directed
u275,u158,1,directed
u101,u233,1,directed
u239,u410,1,directed
u355,u158,0.5,undirected
u211,u316,1,directed
u247,u410,3,directed
u293,u022,0.5,undirected
u119,u214,1,directed
u340,u380,1,directed
u100,u242,1,directed
u225,u317,1,directed
u008,u128,1,directed
u119,u288,1,directed
u282,u340,1,directed
u005,u018,3,directed
u216,u080,0.5,undirected
u191,u069,0.5,undirected
u157,u141,1,directed
u158,u030,0.5,undirected
u413,u290,3,directed
u158,u342,1,directed
u258,u345,0.5,undirected
u158,u119,1,directed
u007,u305,3,directed
u207,u018,3,directed
u333,u177,1,directed
u279,u058,1,directed
u276,u018,1,directed
u096,u340,3,directed
u225,u415,1,directed
u324,u018,0.5,undirected
u121,u315,0.5,undirected
u154,u028,1,directed
u288,u318,1,directed
u387,u048,3,directed
u080,u177,3,directed
u018,u026,1,directed
u410,u081,3,directed
u131,u117,0.5,undirected
u054,u081,0.5,undirected
u141,u225,1,directed
u018,u099,3,directed
u225,u289,0.5,undirected
u195,u351,1,directed
u415,u202,1,directed
u233,u071,3,directed
u069,u118,1,directed
u069,u412,3,directed
u415,u289,1,directed
u111,u412,3,directed
u018,u349,3,directed
u101,u328,3,directed
u018,u047,1,directed
u386,u282,1,directed
u344,u095,1,directed
u299,u101,1,directed
u253,u176,3,directed
u018,u158,1,directed
u324,u382,1,directed
u220,u170,1,directed
u159,u088,0.5,undirected
u200,u382,0.5,undirected
u250,u417,0.5,undirected
u333,u380,3,directed
u069,u161,1,directed
u225,u371,0.5,undirected
u090,u384,1,directed
u371,u412,1,directed
u160,u199,1,directed
u399,u266,3,directed
u018,u103,1,directed
u263,u408,0.5,undirected
u069,u353,3,directed
u225,u101,1,directed
u133,u380,0.5,undirected
u006,u141,3,directed
u043,u081,1,directed
u225,u160,0.5,undirected
u111,u130,3,directed
u159,u170,1,directed
u081,u251,1,directed
u250,u313,1,directed
u069,u008,1,directed
u339,u090,0.5,undirected
u225,u018,3,directed
u290,u413,0.5,undirected
u236,u105,0.5,undirected
u069,u008,1,directed
u313,u250,3,directed
u412,u048,0.5,undirected
u255,u141,3,directed
u046,u152,3,directed
u138,u245,1,directed
u163,u333,3,directed
u279,u157,1,directed
u375,u176,1,directed
u062,u380,1,directed
u418,u058,1,directed
u254,u257,3,directed
u282,u048,1,directed
u380,u158,1,directed
u187,u372,1,directed
u368,u069,1,directed
u171,u018,1,directed
u048,u386,1,directed
u047,u036,1,directed
u121,u107,0.5,undirected
u081,u367,1,directed
u256,u069,0.5,undirected
u285,u081,3,directed
u046,u140,1,directed
u101,u169,3,directed
u225,u410,1,directed
u039,u059,1,directed
u250,u318,3,directed
u325,u100,1,directed
u039,u052,1,directed
u273,u160,0.5,undirected
u245,u306,1,directed
u103,u175,1,directed
u216,u105,1,directed
u296,u294,1,directed
u028,u071,1,directed
u141,u186,1,directed
u162,u289,3,directed
u043,u410,3,directed
u333,u365,1,directed
u111,u208,3,directed
u141,u372,1,directed
u318,u175,1,directed
u122,u232,0.5,undirected
u141,u189,1,directed
u332,u018,1,directed
u034,u153,1,directed
u020,u004,3,directed
u081,u141,0.5,undirected
u214,u152,1,directed
u016,u255,1,directed
u101,u233,0.5,undirected
u258,u119,0.5,undirected
u158,u085,3,directed
u288,u163,1,directed
u014,u007,1,directed
u276,u090,3,directed
u371,u352,1,directed
u225,u293,0.5,undirected
u113,u081,0.5,undirected
u018,u225,1,directed
u323,u340,1,directed
u341,u302,1,directed
u069,u253,1,directed
u028,u145,0.5,undirected
u367,u024,1,directed
u265,u171,1,directed
u007,u223,1,directed
u138,u053,1,directed
u076,u005,0.5,undirected
u004,u160,3,directed
u225,u415,1,directed
u415,u069,1,directed
u052,u297,0.5,undirected
u069,u331,3,directed
u139,u046,0.5,undirected
u130,u197,1,directed
u193,u119,1,directed
u339,u018,1,directed
u069,u281,1,directed
u387,u158,1,directed
u200,u339,0.5,undirected
u058,u035,1,directed
u093,u402,1,directed
u069,u065,1,directed
u135,u082,0.5,undirected
u115,u401,0.5,undirected
u317,u225,0.5,undirected
u140,u409,1,directed
u018,u093,0.5,undirected
u018,u336,0.5,undirected
u147,u155,1,directed
u375,u348,1,directed
u376,u006,1,directed
u018,u384,0.5,undirected
u206,u373,0.5,undirected
u163,u250,3,directed
u158,u343,0.5,undirected
u394,u340,1,directed
u095,u180,0.5,undirected
u380,u158,1,directed
u123,u026,1,directed
u154,u284,1,directed
u160,u075,1,directed
u200,u355,1,directed
u366,u280,1,directed
u354,u139,1,directed
u171,u081,3,directed
u333,u250,1,directed
u310,u111,3,directed
u245,u225,3,directed
u278,u222,0.5,undirected
u225,u380,3,directed
u119,u014,1,directed
u221,u076,1,directed
u062,u131,1,directed
u081,u158,1,directed
u018,u102,0.5,undirected
u380,u158,3,directed
u059,u152,0.5,undirected
u018,u384,1,directed
u169,u366,1,directed
u218,u048,1,directed
u200,u372,3,directed
u326,u211,1,directed
u152,u177,1,directed
u293,u348,3,directed
u305,u333,1,directed
u299,u076,1,directed
u225,u361,1,directed
u171,u286,0.5,undirected
u295,u379,3,directed
u105,u236,1,directed
u119,u288,1,directed
u081,u380,3,directed
u161,u009,0.5,undirected
u303,u399,3,directed
u350,u302,1,directed
u125,u142,1,directed
u319,u317,1,directed
u318,u046,0.5,undirected
u058,u265,1,directed
u016,u012,1,directed
u324,u292,1,directed
u062,u298,1,directed
u394,u380,1,directed
u004,u341,1,directed
u356,u060,1,directed
u081,u418,1,directed
u121,u412,3,directed
u069,u353,3,directed
u220,u189,1,directed
u213,u018,0.5,undirected
u060,u380,1,directed
u410,u141,3,directed
u018,u026,1,directed
u131,u026,1,directed
u111,u412,3,directed
u018,u123,0.5,undirected
u081,u289,1,directed
u331,u069,1,directed
u231,u018,0.5,undirected
u324,u369,1,directed
u410,u247,1,directed
u149,u268,3,directed
u353,u349,1,directed
u090,u018,1,directed
u339,u018,3,directed
u043,u081,1,directed
u243,u097,3,directed
u023,u081,1,directed
u277,u268,1,directed
u372,u140,0.5,undirected
u007,u151,1,directed
u380,u387,1,directed
u198,u367,3,directed
u235,u101,1,directed
u225,u104,1,directed
u018,u384,0.5,undirected
u242,u402,1,directed
u176,u353,1,directed
u158,u380,1,directed
u018,u184,1,directed
u040,u152,1,directed
u115,u069,1,directed
u121,u259,1,directed
u225,u082,1,directed
u069,u412,3,directed
u324,u187,3,directed
u359,u325,1,directed
u257,u379,0.5,undirected
u016,u209,1,directed
u225,u339,1,directed
u255,u251,1,directed
u171,u277,1,directed
u231,u018,1,directed
u232,u391,1,directed
u261,u276,1,directed
u018,u384,1,directed
u205,u007,1,directed
u019,u116,1,directed
u157,u043,1,directed
u416,u154,1,directed
u018,u391,1,directed
u071,u101,1,directed
u034,u073,0.5,undirected
u372,u086,1,directed
u298,u158,3,directed
u158,u380,3,directed
u255,u141,0.5,undirected
u076,u389,1,directed
u295,u018,1,directed
u057,u348,3,directed
u386,u158,1,directed
u319,u004,3,directed
u363,u061,3,directed
u293,u225,0.5,undirected
u004,u293,3,directed
u329,u043,0.5,undirected
u111,u191,1,directed
u059,u250,0.5,undirected
u069,u121,1,directed
u160,u289,1,directed
u018,u115,1,directed
u415,u321,1,directed
u068,u128,3,directed
u116,u390,1,directed
u225,u370,1,directed
u195,u184,1,directed
u360,u293,1,directed
u375,u197,0.5,undirected
u390,u026,3,directed
u275,u158,0.5,undirected
u016,u171,1,directed
u170,u028,1,directed
u289,u293,1,directed
u165,u344,1,directed
u094,u158,0.5,undirected
u218,u387,1,directed
u171,u384,0.5,undirected
u384,u018,3,directed
u336,u003,1,directed
u107,u324,0.5,undirected
u225,u415,1,directed
u052,u119,1,directed
u141,u077,1,directed
u141,u171,1,directed
u309,u287,1,directed
u231,u199,1,directed
u245,u063,3,directed
u023,u107,1,directed
u176,u112,0.5,undirected
u115,u333,1,directed
u371,u018,1,directed
u308,u266,0.5,undirected
u046,u333,1,directed
u007,u042,3,directed
u068,u018,1,directed
u242,u018,0.5,undirected
u286,u392,1,directed
u412,u112,0.5,undirected
u394,u335,1,directed
u318,u081,1,directed
u171,u239,0.5,undirected
u135,u189,3,directed
u418,u070,1,directed
u062,u158,1,directed
u236,u261,0.5,undirected
u095,u045,3,directed
u255,u251,0.5,undirected
u233,u000,1,directed
u233,u263,0.5,undirected
u333,u345,1,directed
u090,u390,1,directed
u180,u111,3,directed
u069,u072,1,directed
u159,u070,1,directed
u007,u288,3,directed
u061,u225,1,directed
u386,u119,1,directed
u160,u007,1,directed
u289,u160,3,directed
u058,u291,1,directed
u152,u040,0.5,undirected
u367,u279,3,directed
u291,u255,0.5,undirected
u174,u165,0.5,undirected
u115,u086,1,directed
u230,u104,0.5,undirected
u154,u105,1,directed
u074,u111,1,directed
u022,u163,0.5,undirected
u058,u016,1,directed
u288,u250,1,directed
u069,u158,1,directed
u221,u090,3,directed
u033,u333,3,directed
u179,u049,1,directed
u392,u190,3,directed
u012,u016,1,directed
u269,u069,1,directed
u354,u052,1,directed
u046,u158,1,directed
u380,u193,1,directed
u225,u321,0.5,undirected
u236,u234,1,directed
u225,u160,1,directed
u171,u081,3,directed
u158,u380,1,directed
u158,u386,0.5,undirected
u034,u363,3,directed
u293,u172,1,directed
u293,u160,1,directed
u140,u372,1,directed
u324,u391,3,directed
u325,u150,0.5,undirected
u342,u400,1,directed
u137,u242,1,directed
u026,u251,3,directed
u176,u377,1,directed
u306,u312,1,directed
u069,u036,3,directed
u233,u138,1,directed
u282,u323,1,directed
u355,u018,1,directed
u340,u394,1,directed
u115,u276,1,directed
u318,u064,1,directed
u134,u358,3,directed
u402,u022,1,directed
u263,u234,3,directed
u243,u387,3,directed
u238,u112,0.5,undirected
u069,u171,1,directed
u182,u071,1,directed
u202,u225,1,directed
u172,u225,1,directed
u233,u219,1,directed
u007,u046,1,directed
u141,u171,1,directed
u021,u225,3,directed
u280,u413,0.5,undirected
u171,u113,0.5,undirected
u395,u253,3,directed
u221,u276,0.5,undirected
u018,u198,0.5,undirected
u018,u200,1,directed
u417,u007,1,directed
u218,u158,1,directed
u341,u293,1,directed
u162,u341,1,directed
u145,u105,1,directed
u410,u171,1,directed
u383,u157,1,directed
u144,u069,1,directed
u333,u171,3,directed
u316,u115,0.5,undirected
u380,u193,0.5,undirected
u034,u383,1,directed
u069,u289,1,directed
u385,u324,1,directed
u316,u287,1,directed
u333,u313,1,directed
u359,u093,0.5,undirected
u117,u394,0.5,undirected
u018,u284,0.5,undirected
u346,u416,0.5,undirected
u372,u242,1,directed
u333,u345,1,directed
u171,u087,1,directed
u136,u018,3,directed
u375,u002,1,directed
u171,u058,1,directed
u175,u018,1,directed
u225,u319,1,directed
u293,u321,1,directed
u079,u387,1,directed
u171,u041,3,directed
u019,u265,1,directed
u081,u007,1,directed
u141,u277,3,directed
u018,u372,1,directed
u237,u270,1,directed
u106,u229,0.5,undirected
u028,u133,1,directed
u134,u144,1,directed
u160,u149,1,directed
u302,u225,3,directed
u202,u350,1,directed
u332,u100,3,directed
u354,u305,1,directed
u035,u279,0.5,undirected
u018,u153,1,directed
u008,u069,1,directed
u004,u360,1,directed
u319,u293,3,directed
u018,u324,3,directed
u263,u070,3,directed
u101,u142,0.5,undirected
u340,u188,1,directed
u081,u043,1,directed
u398,u169,0.5,undirected
u406,u203,3,directed
u225,u013,1,directed
u018,u356,1,directed
u152,u198,1,directed
u141,u247,1,directed
u294,u068,0.5,undirected
u311,u256,1,directed
u305,u152,0.5,undirected
u095,u069,1,directed
u016,u058,0.5,undirected
u366,u219,0.5,undirected
u063,u157,1,directed
u118,u310,1,directed
u225,u021,0.5,undirected
u387,u158,1,directed
u396,u158,3,directed
u069,u046,3,directed
u321,u052,3,directed
u018,u094,1,directed
u391,u018,3,directed
u223,u353,1,directed
u293,u225,3,directed
u082,u225,1,directed
u225,u293,1,directed
u273,u225,3,directed
u140,u267,0.5,undirected
u110,u147,1,directed
u007,u222,1,directed
u036,u202,1,directed
u043,u077,1,directed
u200,u018,1,directed
u111,u121,1,directed
u085,u414,1,directed
u131,u400,1,directed
u035,u171,1,directed
u016,u251,3,directed
u231,u391,1,directed
u263,u233,0.5,undirected
u334,u126,1,directed
u036,u225,3,directed
u018,u391,0.5,undirected
u028,u233,1,directed
u141,u171,1,directed
u147,u158,1,directed
u323,u158,1,directed
u265,u277,1,directed
u380,u158,1,directed
u170,u133,1,directed
u055,u034,3,directed
u171,u081,1,directed
u069,u165,1,directed
u359,u393,1,directed
u289,u171,1,directed
u158,u048,1,directed
u018,u226,1,directed
u182,u090,1,directed
u255,u268,1,directed
u128,u121,1,directed
u367,u277,1,directed
u293,u360,1,directed
u242,u355,3,directed
u398,u322,0.5,undirected
u100,u018,1,directed
u393,u169,1,directed
u286,u171,1,directed
u018,u115,3,directed
u018,u076,1,directed
u071,u328,1,directed
u359,u250,1,directed
u072,u128,1,directed
u236,u025,1,directed
u064,u222,1,directed
u372,u234,1,directed
u069,u238,0.5,undirected
u282,u081,3,directed
u152,u014,1,directed
u287,u416,0.5,undirected
u396,u161,3,directed
u225,u029,3,directed
u273,u104,1,directed
u046,u260,1,directed
u016,u392,3,directed
u367,u141,1,directed
u298,u386,0.5,undirected
u102,u136,0.5,undirected
u337,u105,1,directed
u333,u119,1,directed
u193,u386,0.5,undirected
u356,u238,1,directed
u302,u225,1,directed
u016,u081,1,directed
u089,u212,1,directed
u384,u295,0.5,undirected
u288,u007,1,directed
u314,u051,3,directed
u072,u349,0.5,undirected
u301,u081,1,directed
u216,u119,1,directed
u177,u333,3,directed
u018,u276,0.5,undirected
u007,u051,3,directed
u378,u069,1,directed
u090,u081,1,directed
u081,u410,0.5,undirected
u367,u304,1,directed
u236,u234,1,directed
u386,u158,1,directed
u410,u081,3,directed
u032,u333,1,directed
u174,u246,1,directed
u236,u217,3,directed
u288,u333,3,directed
u250,u307,1,directed
u410,u058,1,directed
u275,u380,0.5,undirected
u160,u293,1,directed
u323,u325,1,directed
u069,u176,1,directed
u018,u278,1,directed
u385,u242,1,directed
u394,u158,1,directed
u113,u277,1,directed
u032,u069,1,directed
u157,u141,1,directed
u220,u284,1,directed
u333,u042,1,directed
u220,u142,1,directed
u069,u412,3,directed
u276,u242,3,directed
u358,u403,1,directed
u124,u018,1,directed
u133,u182,3,directed
u051,u151,3,directed
u233,u322,0.5,undirected
u154,u280,1,directed
u129,u069,3,directed
u150,u082,1,directed
u132,u289,1,directed
u322,u234,1,directed
u076,u324,0.5,undirected
u341,u111,1,directed
u293,u162,1,directed
u405,u046,1,directed
u119,u223,1,directed
u022,u119,1,directed
u289,u225,1,directed
u182,u236,3,directed
u069,u050,3,directed
u201,u392,0.5,undirected
u018,u324,1,directed
u051,u333,1,directed
u289,u225,0.5,undirected
u293,u341,1,directed
u101,u159,0.5,undirected
u170,u328,1,directed
u160,u171,1,directed
u412,u069,0.5,undirected
u069,u331,0.5,undirected
u363,u076,1,directed
u332,u018,1,directed
u018,u336,0.5,undirected
u016,u141,0.5,undirected
u412,u349,1,directed
u072,u069,1,directed
u160,u223,1,directed
u115,u282,1,directed
u171,u157,1,directed
u402,u124,0.5,undirected
u287,u248,1,directed
u014,u007,1,directed
u176,u165,3,directed
u141,u287,1,directed
u241,u341,0.5,undirected
u086,u018,1,directed
u137,u076,1,directed
u324,u339,1,directed
u061,u107,1,directed
u247,u081,0.5,undirected
u324,u018,3,directed
u225,u119,1,directed
u232,u076,1,directed
u293,u162,1,directed
u258,u333,1,directed
u158,u380,1,directed
u275,u298,1,directed
u189,u298,1,directed
u007,u401,3,directed
u372,u115,3,directed
u069,u176,1,directed
u289,u293,0.5,undirected
u119,u007,1,directed
u372,u018,1,directed
u152,u007,3,directed
u140,u276,1,directed
u175,u324,1,directed
u006,u255,1,directed
u007,u014,3,directed
u201,u410,1,directed
u028,u105,1,directed
u367,u081,0.5,undirected
u161,u121,0.5,undirected
u386,u387,3,directed
u018,u207,3,directed
u037,u021,1,directed
u380,u110,3,directed
u386,u210,0.5,undirected
u353,u069,1,directed
u007,u163,1,directed
u387,u167,1,directed
u016,u279,3,directed
u069,u112,1,directed
u402,u090,1,directed
u288,u333,0.5,undirected
u170,u250,1,directed
u259,u069,1,directed
u172,u225,1,directed
u412,u069,1,directed
u100,u324,1,directed
u119,u110,1,directed
u380,u282,1,directed
u248,u145,1,directed
u387,u148,1,directed
u057,u069,1,directed
u171,u157,3,directed
u321,u415,1,directed
u160,u293,1,directed
u100,u018,1,directed
u333,u258,1,directed
u230,u056,1,directed
u270,u069,0.5,undirected
u168,u000,1,directed
u093,u198,1,directed
u335,u380,1,directed
u087,u333,0.5,undirected
u165,u397,1,directed
u358,u069,3,directed
u372,u391,1,directed
u046,u128,1,directed
u044,u391,1,directed
u367,u255,0.5,undirected
u229,u022,1,directed
u290,u245,1,directed
u081,u322,0.5,undirected
u158,u195,1,directed
u144,u180,3,directed
u225,u321,1,directed
u155,u243,0.5,undirected
u394,u380,1,directed
u258,u333,3,directed
u112,u213,3,directed
u064,u266,1,directed
u341,u370,0.5,undirected
u211,u154,1,directed
u081,u141,1,directed
u366,u145,0.5,undirected
u237,u319,1,directed
u007,u333,1,directed
u255,u251,1,directed
u235,u234,1,directed
u325,u225,0.5,undirected
u246,u196,3,directed
u413,u076,1,directed
u119,u354,0.5,undirected
u115,u391,1,directed
u321,u225,1,directed
u206,u114,3,directed
u317,u202,3,directed
u250,u258,1,directed
u208,u223,1,directed
u018,u242,0.5,undirected
u152,u119,0.5,undirected
u376,u141,1,directed
u011,u028,1,directed
u259,u256,0.5,undirected
u332,u018,0.5,undirected
u009,u202,0.5,undirected
u073,u402,3,directed
u310,u344,1,directed
u216,u333,3,directed
u007,u033,1,directed
u323,u131,1,directed
u202,u018,1,directed
u145,u236,3,directed
u093,u115,1,directed
u089,u191,1,directed
u089,u069,1,directed
u202,u225,3,directed
u232,u200,1,directed
u404,u200,1,directed
u273,u341,3,directed
u126,u286,1,directed
u380,u387,1,directed
u045,u068,0.5,undirected
u232,u018,1,directed
u372,u276,3,directed
u069,u212,1,directed
u239,u279,3,directed
u135,u225,1,directed
u132,u160,1,directed
u333,u052,0.5,undirected
u333,u018,3,directed
u069,u348,1,directed
u277,u171,3,directed
u027,u236,3,directed
u154,u316,3,directed
u302,u225,1,directed
u063,u141,3,directed
u073,u137,1,directed
u341,u319,0.5,undirected
u276,u341,1,directed
u298,u387,0.5,undirected
u328,u251,1,directed
u286,u077,1,directed
u052,u119,3,directed
u276,u200,1,directed
u384,u018,0.5,undirected
u157,u279,0.5,undirected
u062,u389,1,directed
u013,u334,3,directed
u237,u095,1,directed
u115,u384,3,directed
u063,u109,1,directed
u380,u303,0.5,undirected
u158,u282,1,directed
u225,u095,1,directed
u101,u287,3,directed
u381,u288,1,directed
u216,u333,0.5,undirected
u160,u135,3,directed
u303,u282,1,directed
u236,u348,1,directed
u187,u324,1,directed
u372,u242,0.5,undirected
u018,u404,1,directed
u009,u165,3,directed
u160,u225,3,directed
u032,u264,1,directed
u069,u130,0.5,undirected
u324,u018,1,directed
u160,u319,1,directed
u141,u152,1,directed
u142,u217,1,directed
u319,u225,1,directed
u200,u003,0.5,undirected
u275,u068,3,directed
u386,u320,1,directed
u055,u384,1,directed
u341,u162,0.5,undirected
u345,u046,1,directed
u322,u393,1,directed
u053,u309,0.5,undirected
u242,u175,0.5,undirected
u396,u069,3,directed
u279,u158,0.5,undirected
u026,u276,1,directed
u169,u133,0.5,undirected
u141,u043,0.5,undirected
u035,u418,1,directed
u069,u177,1,directed
u046,u318,1,directed
u200,u018,1,directed
u090,u053,0.5,undirected
u016,u114,1,directed
u121,u367,1,directed
u225,u181,0.5,undirected
u018,u402,3,directed
u353,u121,1,directed
u158,u387,1,directed
u141,u293,0.5,undirected
u225,u135,1,directed
u163,u051,0.5,undirected
u000,u101,3,directed
u100,u187,1,directed
u026,u391,0.5,undirected
u004,u132,1,directed
u192,u112,1,directed
u046,u365,1,directed
u028,u416,1,directed
u164,u287,1,directed
u403,u338,1,directed
u216,u333,3,directed
u199,u018,1,directed
u024,u341,1,directed
u324,u018,1,directed
u330,u141,1,directed
u046,u007,1,directed
u018,u412,1,directed
u304,u293,1,directed
u216,u333,3,directed
u101,u027,3,directed
u387,u381,1,directed
u295,u255,3,directed
u081,u367,3,directed
u152,u250,1,directed
u162,u092,0.5,undirected
u069,u176,1,directed
u380,u158,1,directed
u018,u231,1,directed
u133,u105,1,directed
u379,u018,1,directed
u131,u340,1,directed
u133,u220,1,directed
u394,u324,0.5,undirected
u170,u316,1,directed
u058,u279,1,directed
u200,u047,3,directed
u158,u380,0.5,undirected
u275,u298,0.5,undirected
u090,u164,1,directed
u158,u294,0.5,undirected
u121,u349,1,directed
u081,u251,1,directed
u028,u101,1,directed
u335,u158,1,directed
u124,u340,1,directed
u094,u242,0.5,undirected
u108,u177,0.5,undirected
u026,u140,0.5,undirected
u303,u158,1,directed
u407,u158,1,directed
u009,u121,1,directed
u135,u415,1,directed
u109,u226,1,directed
u018,u387,1,directed
u293,u289,1,directed
u216,u250,0.5,undirected
u348,u161,1,directed
u190,u143,1,directed
u100,u199,1,directed
u324,u387,1,directed
u340,u335,1,directed
u392,u018,1,directed
u332,u099,3,directed
u340,u033,1,directed
u279,u081,1,directed
u007,u119,1,directed
u380,u394,3,directed
u152,u139,0.5,undirected
u136,u018,1,directed
u225,u104,3,directed
u350,u135,0.5,undirected
u141,u251,0.5,undirected
u235,u061,1,directed
u332,u153,3,directed
u366,u182,1,directed
u371,u069,3,directed
u298,u380,1,directed
u202,u160,0.5,undirected
u340,u147,1,directed
u132,u092,3,directed
u110,u380,3,directed
u093,u299,1,directed
u160,u225,1,directed
u295,u018,1,directed
u157,u113,3,directed
u333,u007,1,directed
u115,u384,3,directed
u158,u048,1,directed
u308,u097,3,directed
u225,u132,1,directed
u235,u233,1,directed
u341,u160,1,directed
u380,u158,1,directed
u257,u018,3,directed
u007,u119,3,directed
u059,u151,0.5,undirected
u189,u016,0.5,undirected
u380,u158,1,directed
u193,u386,0.5,undirected
u018,u276,0.5,undirected
u242,u153,1,directed
u115,u355,1,directed
u380,u282,3,directed
u367,u016,1,directed
u069,u213,1,directed
u018,u382,1,directed
u069,u353,3,directed
u234,u346,0.5,undirected
u324,u276,0.5,undirected
u132,u399,1,directed
u158,u171,1,directed
u209,u160,1,directed
u379,u018,3,directed
u119,u305,1,directed
u269,u114,1,directed
u018,u069,1,directed
u069,u237,1,directed
u415,u341,1,directed
u363,u124,0.5,undirected
u007,u064,1,directed
u016,u141,1,directed
u081,u115,0.5,undirected
u228,u236,1,directed
u376,u251,1,directed
u177,u417,1,directed
u245,u234,0.5,undirected
u306,u413,0.5,undirected
u101,u406,3,directed
u081,u158,1,directed
u333,u022,1,directed
u121,u072,3,directed
u121,u069,3,directed
u171,u141,1,directed
u018,u102,1,directed
u027,u287,0.5,undirected
u386,u158,1,directed
u141,u392,1,directed
u216,u087,1,directed
u137,u103,1,directed
u306,u070,1,directed
u248,u103,1,directed
u318,u007,1,directed
u225,u117,1,directed
u335,u380,3,directed
u081,u063,1,directed
u251,u185,3,directed
u018,u094,1,directed
u163,u007,1,directed
u018,u221,3,directed
u412,u396,1,directed
u242,u123,3,directed
u111,u069,3,directed
u257,u099,1,directed
u022,u354,1,directed
u237,u412,0.5,undirected
u250,u139,1,directed
u214,u039,3,directed
u225,u413,1,directed
u392,u081,1,directed
u052,u307,1,directed
u093,u018,3,directed
u392,u043,3,directed
u121,u380,1,directed
u114,u277,1,directed
u294,u081,3,directed
u386,u387,1,directed
u123,u103,1,directed
u158,u394,1,directed
u158,u380,1,directed
u387,u346,0.5,undirected
u059,u030,0.5,undirected
u005,u409,3,directed
u370,u036,0.5,undirected
u091,u321,0.5,undirected
u097,u288,1,directed
u002,u237,1,directed
u126,u120,1,directed
u018,u242,1,directed
u416,u133,1,directed
u324,u320,1,directed
u009,u121,0.5,undirected
u195,u158,3,directed
u069,u296,1,directed
u100,u153,1,directed
u272,u069,1,directed
u070,u236,1,directed
u069,u246,1,directed
u157,u277,0.5,undirected
u382,u005,0.5,undirected
u255,u141,1,directed
u392,u329,1,directed
u014,u007,1,directed
u380,u394,1,directed
u018,u324,0.5,undirected
u341,u069,1,directed
u100,u402,3,directed
u171,u043,3,directed
u225,u319,3,directed
u068,u387,1,directed
u018,u200,3,directed
u044,u413,1,directed
u139,u163,1,directed
u119,u064,1,directed
u089,u238,1,directed
u385,u384,1,directed
u397,u315,1,directed
u016,u081,1,directed
u046,u097,3,directed
u193,u158,1,directed
u077,u058,1,directed
u391,u040,3,directed
u286,u201,1,directed
u069,u018,1,directed
u016,u141,1,directed
u028,u101,1,directed
u018,u115,3,directed
u381,u064,1,directed
u108,u030,1,directed
u081,u016,1,directed
u069,u008,1,directed
u027,u413,1,directed
u358,u353,0.5,undirected
u092,u225,1,directed
u372,u105,1,directed
u064,u087,1,directed
u314,u177,3,directed
u161,u282,1,directed
u275,u340,0.5,undirected
u221,u242,1,directed
u081,u016,0.5,undirected
u119,u158,3,directed
u018,u372,1,directed
u217,u105,0.5,undirected
u160,u293,0.5,undirected
u205,u288,0.5,undirected
u007,u052,1,directed
u288,u250,1,directed
u016,u265,0.5,undirected
u389,u158,1,directed
u018,u391,3,directed
u018,u254,1,directed
u410,u018,1,directed
u024,u016,1,directed
u366,u220,1,directed
u046,u288,1,directed
u225,u293,1,directed
u228,u322,1,directed
u081,u265,1,directed
u123,u007,1,directed
u225,u319,0.5,undirected
u279,u383,1,directed
u119,u229,1,directed
u369,u018,3,directed
u023,u058,1,directed
u018,u231,1,directed
u016,u141,0.5,undirected
u220,u346,1,directed
u212,u121,1,directed
u333,u014,1,directed
u321,u341,3,directed
u406,u277,0.5,undirected
u070,u248,0.5,undirected
u228,u236,1,directed
u386,u171,1,directed
u216,u250,1,directed
u392,u279,0.5,undirected
u081,u190,1,directed
u158,u387,1,directed
u154,u240,0.5,undirected
u142,u290,1,directed
u415,u319,1,directed
u402,u324,1,directed
u018,u320,1,directed
u016,u081,0.5,undirected
u119,u046,0.5,undirected
u383,u186,0.5,undirected
u415,u414,3,directed
u069,u045,1,directed
u193,u245,1,directed
u225,u415,3,directed
u132,u321,1,directed
u415,u276,1,directed
u223,u046,3,directed
u281,u375,1,directed
u141,u373,3,directed
u380,u158,0.5,undirected
u332,u018,0.5,undirected
u242,u018,0.5,undirected
u106,u032,3,directed
u204,u260,1,directed
u020,u141,1,directed
u193,u415,0.5,undirected
u227,u052,0.5,undirected
u081,u279,0.5,undirected
u271,u310,0.5,undirected
u417,u046,0.5,undirected
u333,u007,1,directed
u237,u412,3,directed
u201,u149,1,directed
u018,u336,0.5,undirected
u202,u037,3,directed
u007,u125,0.5,undirected
u067,u406,0.5,undirected
u105,u033,3,directed
u270,u419,1,directed
u261,u219,0.5,undirected
u160,u225,1,directed
u200,u324,1,directed
u072,u069,1,directed
u069,u186,0.5,undirected
u198,u018,1,directed
u062,u158,3,directed
u333,u030,1,directed
u130,u348,1,directed
u085,u351,1,directed
u333,u052,1,directed
u173,u024,0.5,undirected
u155,u214,3,directed
u245,u234,1,directed
u324,u232,1,directed
u277,u171,1,directed
u088,u064,0.5,undirected
u081,u114,3,directed
u225,u321,1,directed
u212,u069,3,directed
u392,u171,1,directed
u387,u014,1,directed
u015,u125,0.5,undirected
u293,u091,3,directed
u280,u170,1,directed
u259,u176,1,directed
u276,u372,1,directed
u127,u101,0.5,undirected
u065,u310,1,directed
u158,u386,1,directed
u040,u333,3,directed
u176,u112,1,directed
u081,u036,1,directed
u007,u288,1,directed
u242,u386,1,directed
u016,u171,0.5,undirected
u000,u159,0.5,undirected
u165,u352,0.5,undirected
u084,u180,1,directed
u333,u014,1,directed
u190,u392,1,directed
u119,u007,3,directed
u165,u069,1,directed
u288,u229,1,directed
u076,u242,3,directed
u354,u278,1,directed
u380,u067,0.5,undirected
u187,u018,1,directed
u114,u392,3,directed
u254,u280,1,directed
u018,u336,1,directed
u160,u104,0.5,undirected
u384,u018,3,directed
u081,u269,1,directed
u003,u200,3,directed
u310,u212,1,directed
u067,u380,1,directed
u380,u158,1,directed
u412,u274,1,directed
u067,u330,0.5,undirected
u198,u098,0.5,undirected
u157,u081,1,directed
u007,u333,1,directed
u336,u355,1,directed
u309,u228,3,directed
u187,u076,3,directed
u081,u367,3,directed
u333,u216,1,directed
u220,u280,1,directed
u128,u069,1,directed
u380,u193,1,directed
u043,u239,1,directed
u232,u372,1,directed
u251,u063,1,directed
u001,u413,0.5,undirected
u112,u259,3,directed
u116,u018,0.5,undirected
u176,u161,1,directed
u056,u171,1,directed
u202,u160,3,directed
u366,u169,1,directed
u092,u172,1,directed
u171,u265,1,directed
u305,u417,1,directed
u007,u051,1,directed
u154,u387,1,directed
u190,u203,1,directed
u160,u324,3,directed
u084,u069,1,directed
u018,u003,1,directed
u287,u154,1,directed
u402,u158,3,directed
u225,u007,1,directed
u390,u018,1,directed
u392,u141,3,directed
u018,u324,0.5,undirected
u100,u018,0.5,undirected
u396,u069,1,directed
u375,u118,1,directed
u069,u008,0.5,undirected
u145,u211,1,directed
u069,u111,0.5,undirected
u289,u293,1,directed
u121,u207,1,directed
u092,u410,3,directed
u114,u255,1,directed
u409,u276,1,directed
u111,u008,1,directed
u131,u400,0.5,undirected
u314,u007,1,directed
u297,u250,1,directed
u121,u158,0.5,undirected
u225,u360,1,directed
u268,u251,1,directed
u069,u174,3,directed
u121,u069,1,directed
u115,u121,1,directed
u198,u018,1,directed
u169,u328,3,directed
u236,u235,1,directed
u319,u341,1,directed
u105,u328,0.5,undirected
u288,u297,0.5,undirected
u119,u288,0.5,undirected
u405,u152,1,directed
u018,u292,0.5,undirected
u081,u141,1,directed
u004,u350,1,directed
u046,u018,1,directed
u269,u081,1,directed
u213,u286,1,directed
u069,u111,1,directed
u216,u119,1,directed
u081,u367,1,directed
u380,u296,3,directed
u134,u212,1,directed
u333,u119,3,directed
u101,u105,1,directed
u323,u282,1,directed
u366,u145,3,directed
u225,u209,1,directed
u069,u412,1,directed
u076,u198,1,directed
u202,u225,1,directed
u141,u410,1,directed
u324,u003,1,directed
u387,u158,0.5,undirected
u341,u121,3,directed
u324,u355,0.5,undirected
u069,u238,1,directed
u112,u375,0.5,undirected
u412,u419,1,directed
u187,u018,3,directed
u397,u412,0.5,undirected
u276,u115,1,directed
u412,u324,0.5,undirected
u329,u189,1,directed
u225,u293,3,directed
u245,u393,1,directed
u380,u389,3,directed
u384,u200,3,directed
u089,u310,1,directed
u289,u319,1,directed
u256,u253,1,directed
u276,u402,1,directed
u152,u214,3,directed
u196,u375,0.5,undirected
u221,u276,1,directed
u124,u005,1,directed
u191,u349,1,directed
u387,u158,1,directed
u293,u016,0.5,undirected
u000,u133,1,directed
u197,u069,3,directed
u255,u392,1,directed
u356,u008,3,directed
u182,u011,1,directed
u068,u387,0.5,undirected
u011,u042,1,directed
u154,u306,1,directed
u008,u377,1,directed
u034,u200,1,directed
u015,u412,0.5,undirected
u353,u069,0.5,undirected
u280,u248,3,directed
u081,u367,3,directed
u316,u360,3,directed
u386,u380,1,directed
u321,u160,0.5,undirected
u175,u107,3,directed
u199,u018,3,directed
u288,u007,1,directed
u062,u387,1,directed
u307,u007,0.5,undirected
u107,u090,1,directed
u158,u060,1,directed
u383,u081,1,directed
u230,u016,1,directed
u321,u185,3,directed
u235,u025,0.5,undirected
u279,u286,1,directed
u124,u226,0.5,undirected
u105,u316,0.5,undirected
u158,u060,3,directed
u100,u288,1,directed
u085,u148,0.5,undirected
u239,u324,0.5,undirected
u377,u338,1,directed
u018,u384,1,directed
u018,u004,1,directed
u115,u018,1,directed
u136,u031,0.5,undirected
u046,u223,1,directed
u138,u322,1,directed
u399,u333,1,directed
u058,u035,0.5,undirected
u293,u319,1,directed
u100,u333,1,directed
u392,u410,1,directed
u265,u149,0.5,undirected
u133,u028,1,directed
u367,u006,3,directed
u264,u081,1,directed
u031,u018,1,directed
u229,u051,1,directed
u119,u040,1,directed
u311,u035,0.5,undirected
u398,u028,3,directed
u283,u386,1,directed
u171,u058,1,directed
u087,u228,1,directed
u069,u176,1,directed
u409,u123,0.5,undirected
u216,u250,1,directed
u121,u396,3,directed
u389,u363,1,directed
u380,u193,3,directed
u111,u069,1,directed
u366,u261,1,directed
u068,u158,3,directed
u279,u043,1,directed
u096,u234,1,directed
u160,u225,1,directed
u248,u236,3,directed
u018,u355,3,directed
u018,u061,1,directed
u318,u039,1,directed
u276,u404,0.5,undirected
u027,u233,1,directed
u242,u034,1,directed
u373,u043,1,directed
u415,u082,1,directed
u319,u225,1,directed
u048,u068,0.5,undirected
u158,u380,1,directed
u263,u000,0.5,undirected
u016,u058,1,directed
u277,u230,1,directed
u111,u161,1,directed
u386,u387,0.5,undirected
u007,u399,1,directed
u205,u216,1,directed
u055,u018,0.5,undirected
u069,u121,1,directed
u208,u069,0.5,undirected
u333,u215,1,directed
u121,u072,1,directed
u018,u200,1,directed
u069,u259,1,directed
u299,u076,0.5,undirected
u158,u275,1,directed
u387,u158,1,directed
u176,u259,3,directed
u071,u235,1,directed
u200,u055,3,directed
u387,u114,0.5,undirected
u286,u141,0.5,undirected
u258,u069,1,directed
u158,u387,0.5,undirected
u074,u125,1,directed
u100,u115,0.5,undirected
u018,u098,1,directed
u249,u138,1,directed
u245,u182,1,directed
u375,u396,3,directed
u341,u082,0.5,undirected
u372,u412,3,directed
u248,u234,1,directed
u215,u064,0.5,undirected
u275,u283,1,directed
u233,u235,1,directed
u158,u236,1,directed
u141,u201,1,directed
u019,u051,1,directed
u415,u225,0.5,undirected
u007,u119,1,directed
u308,u250,1,directed
u141,u043,0.5,undirected
u225,u021,0.5,undirected
u250,u177,3,directed
u222,u007,3,directed
u333,u046,3,directed
u333,u208,1,directed
u157,u277,3,directed
u410,u171,1,directed
u169,u366,3,directed
u245,u025,1,directed
u279,u225,1,directed
u313,u288,0.5,undirected
u259,u112,1,directed
u380,u158,0.5,undirected
u319,u225,0.5,undirected
u018,u198,3,directed
u149,u171,3,directed
u095,u375,1,directed
u033,u032,1,directed
u147,u158,1,directed
u276,u115,3,directed
u270,u105,1,directed
u216,u225,0.5,undirected
u158,u387,1,directed
u296,u260,1,directed
u067,u380,1,directed
u372,u327,1,directed
u158,u143,1,directed
u081,u265,3,directed
u277,u262,1,directed
u279,u230,1,directed
u160,u341,1,directed
u333,u215,1,directed
u357,u225,1,directed
u316,u070,3,directed
u402,u018,1,directed
u409,u018,3,directed
u141,u410,1,directed
u016,u171,1,directed
u221,u405,3,directed
u289,u220,0.5,undirected
u090,u018,1,directed
u372,u332,1,directed
u310,u176,0.5,undirected
u403,u212,1,directed
u121,u356,3,directed
u319,u092,0.5,undirected
u158,u260,1,directed
u379,u242,1,directed
u047,u018,1,directed
u149,u230,0.5,undirected
u324,u018,1,directed
u115,u136,0.5,undirected
u086,u372,1,directed
u022,u119,1,directed
u039,u359,0.5,undirected
u139,u046,1,directed
u332,u232,0.5,undirected
u171,u016,0.5,undirected
u354,u333,3,directed
u233,u234,1,directed
u212,u072,0.5,undirected
u356,u310,1,directed
u114,u141,1,directed
u101,u077,1,directed
u232,u287,3,directed
u052,u007,1,directed
u018,u391,0.5,undirected
u018,u242,1,directed
u139,u169,1,directed
u018,u200,1,directed
u081,u218,3,directed
u141,u171,0.5,undirected
u286,u301,0.5,undirected
u407,u094,1,directed
u292,u018,1,directed
u333,u222,1,directed
u158,u387,1,directed
u007,u333,1,directed
u082,u225,1,directed
u330,u333,3,directed
u333,u216,1,directed
u380,u002,3,directed
u016,u329,1,directed
u100,u004,1,directed
u171,u277,3,directed
u392,u406,1,directed
u164,u099,1,directed
u026,u018,3,directed
u225,u293,1,directed
u333,u030,3,directed
u320,u114,0.5,undirected
u321,u293,3,directed
u069,u176,1,directed
u267,u242,3,directed
u076,u379,1,directed
u359,u399,1,directed
u229,u119,1,directed
u375,u356,3,directed
u069,u412,3,directed
u069,u375,0.5,undirected
u051,u074,1,directed
u293,u172,1,directed
u319,u037,1,directed
u310,u008,0.5,undirected
u378,u121,0.5,undirected
u161,u197,3,directed
u302,u150,3,directed
u341,u212,1,directed
u158,u148,1,directed
u039,u417,1,directed
u240,u025,1,directed
u361,u225,0.5,undirected
u100,u168,1,directed
u349,u348,0.5,undirected
u016,u268,1,directed
u410,u016,0.5,undirected
u076,u412,0.5,undirected
u225,u160,1,directed
u209,u225,1,directed
u348,u069,1,directed
u389,u195,1,directed
u171,u269,1,directed
u255,u063,3,directed
u229,u330,1,directed
u277,u255,1,directed
u231,u232,3,directed
u069,u271,3,directed
u136,u020,1,directed
u250,u039,0.5,undirected
u225,u236,1,directed
u386,u062,1,directed
u212,u271,1,directed
u212,u310,1,directed
u160,u225,3,directed
u008,u146,3,directed
u347,u215,1,directed
u262,u187,1,directed
u242,u153,3,directed
u169,u366,0.5,undirected
u323,u380,3,directed
u101,u235,1,directed
u119,u051,3,directed
u007,u333,0.5,undirected
u225,u160,1,directed
u133,u234,3,directed
u310,u353,1,directed
u081,u176,1,directed
u354,u345,1,directed
u367,u410,0.5,undirected
u069,u111,0.5,undirected
u268,u141,1,directed
u391,u198,1,directed
u056,u368,1,directed
u392,u252,1,directed
u067,u380,1,directed
u225,u321,1,directed
u225,u181,0.5,undirected
u177,u014,1,directed
u115,u007,1,directed
u383,u157,3,directed
u417,u318,1,directed
u286,u251,3,directed
u367,u410,1,directed
u418,u081,1,directed
u273,u302,1,directed
u018,u225,0.5,undirected
u392,u171,1,directed
u367,u189,1,directed
u265,u081,3,directed
u158,u394,1,directed
u221,u090,1,directed
u230,u069,1,directed
u007,u018,3,directed
u043,u171,0.5,undirected
u280,u332,0.5,undirected
u340,u387,1,directed
u016,u171,3,directed
u348,u072,1,directed
u348,u082,1,directed
u119,u007,1,directed
u201,u251,0.5,undirected
u259,u069,1,directed
u019,u018,1,directed
u143,u158,0.5,undirected
u160,u082,1,directed
u387,u158,0.5,undirected
u164,u282,1,directed
u225,u293,1,directed
u293,u018,1,directed
u028,u007,3,directed
u179,u225,1,directed
u225,u341,1,directed
u387,u068,3,directed
u092,u225,1,directed
u152,u250,3,directed
u171,u081,1,directed
u126,u171,3,directed
u158,u275,0.5,undirected
u081,u069,0.5,undirected
u124,u306,3,directed
u016,u234,1,directed
u215,u250,1,directed
u390,u394,1,directed
u193,u296,1,directed
u061,u047,1,directed
u273,u225,0.5,undirected
u419,u412,1,directed
u160,u225,0.5,undirected
u340,u110,1,directed
u007,u250,0.5,undirected
u049,u381,1,directed
u392,u171,1,directed
u137,u324,1,directed
u090,u018,0.5,undirected
u392,u343,1,directed
u283,u067,1,directed
u341,u225,1,directed
u157,u367,1,directed
u162,u387,1,directed
u121,u171,1,directed
u212,u356,3,directed
u166,u225,0.5,undirected
u380,u340,1,directed
u279,u141,3,directed
u283,u117,0.5,undirected
u380,u158,1,directed
u007,u064,3,directed
u260,u131,1,directed
u016,u141,3,directed
u276,u404,3,directed
u091,u225,3,directed
u081,u203,1,directed
u321,u415,1,directed
u387,u323,1,directed
u303,u158,1,directed
u016,u085,1,directed
u359,u210,1,directed
u380,u283,1,directed
u282,u158,1,directed
u310,u412,1,directed
u259,u281,0.5,undirected
u410,u113,1,directed
u210,u119,0.5,undirected
u171,u367,1,directed
u387,u062,1,directed
u111,u176,1,directed
u323,u319,3,directed
u018,u061,1,directed
u058,u054,1,directed
u226,u251,1,directed
u212,u358,1,directed
u225,u082,1,directed
u111,u212,1,directed
u061,u242,3,directed
u111,u191,3,directed
u391,u018,3,directed
u134,u160,1,directed
u069,u161,1,directed
u354,u330,1,directed
u394,u193,1,directed
u176,u271,1,directed
u391,u090,1,directed
u303,u193,1,directed
u046,u052,1,directed
u260,u387,3,directed
u037,u192,0.5,undirected
u394,u167,1,directed
u152,u046,1,directed
u171,u016,1,directed
u098,u242,1,directed
u105,u248,1,directed
u138,u219,1,directed
u397,u212,3,directed
u393,u158,1,directed
u293,u018,1,directed
u078,u069,3,directed
u018,u239,0.5,undirected
u387,u147,1,directed
u386,u380,1,directed
u069,u348,1,directed
u282,u158,3,directed
u200,u339,3,directed
u160,u132,1,directed
u074,u125,1,directed
u198,u003,1,directed
u160,u225,1,directed
u246,u143,1,directed
u225,u361,3,directed
u250,u223,1,directed
u008,u281,1,directed
u084,u180,1,directed
u175,u274,3,directed
u018,u232,1,directed
u081,u029,1,directed
u199,u018,1,directed
u176,u412,1,directed
u276,u018,3,directed
u251,u016,3,directed
u069,u410,1,directed
u148,u113,0.5,undirected
u007,u119,0.5,undirected
u225,u364,1,directed
u414,u225,1,directed
u254,u276,3,directed
u368,u378,1,directed
u260,u193,1,directed
u250,u332,0.5,undirected
u089,u069,3,directed
u157,u007,1,directed
u082,u225,3,directed
u081,u171,3,directed
u231,u175,1,directed
u293,u225,1,directed
u081,u232,0.5,undirected
u018,u369,1,directed
u202,u225,1,directed
u340,u380,1,directed
u112,u016,0.5,undirected
u018,u200,1,directed
u018,u115,1,directed
u399,u250,1,directed
u158,u387,1,directed
u141,u410,0.5,undirected
u177,u014,1,directed
u275,u148,1,directed
u292,u018,1,directed
u225,u132,1,directed
u158,u380,1,directed
u216,u288,0.5,undirected
u348,u279,1,directed
u251,u286,1,directed
u102,u018,1,directed
u052,u236,1,directed
u069,u352,1,directed
u367,u016,1,directed
u151,u258,1,directed
u099,u372,3,directed
u320,u324,1,directed
u235,u236,1,directed
u022,u288,1,directed
u057,u129,1,directed
u158,u067,0.5,undirected
u225,u241,3,directed
u081,u141,1,directed
u238,u255,0.5,undirected
u135,u395,0.5,undirected
u172,u036,3,directed
u171,u157,1,directed
u419,u118,3,directed
u124,u116,1,directed
u318,u250,3,directed
u317,u293,1,directed
u043,u016,1,directed
u160,u172,1,directed
u069,u057,0.5,undirected
u069,u237,1,directed
u100,u034,1,directed
u140,u320,3,directed
u387,u158,1,directed
u179,u151,1,directed
u359,u080,1,directed
u386,u294,1,directed
u177,u354,3,directed
u360,u160,3,directed
u340,u394,1,directed
u057,u121,0.5,undirected
u412,u212,1,directed
u410,u171,0.5,undirected
u226,u187,1,directed
u134,u041,0.5,undirected
u226,u391,1,directed
u000,u028,1,directed
u016,u410,0.5,undirected
u402,u018,3,directed
u287,u133,1,directed
u225,u021,1,directed
u120,u416,3,directed
u406,u016,1,directed
u158,u195,1,directed
u340,u062,1,directed
u005,u372,1,directed
u215,u007,1,directed
u319,u177,1,directed
u065,u201,1,directed
u193,u109,1,directed
u412,u008,0.5,undirected
u032,u250,1,directed
u176,u358,1,directed
u341,u088,3,directed
u085,u183,3,directed
u234,u136,3,directed
u110,u158,3,directed
u333,u141,3,directed
u271,u111,1,directed
u145,u154,0.5,undirected
u367,u012,1,directed
u372,u018,0.5,undirected
u158,u360,1,directed
u145,u127,1,directed
u329,u410,1,directed
u225,u036,1,directed
u276,u324,0.5,undirected
u166,u225,1,directed
u189,u279,0.5,undirected
u152,u333,3,directed
u337,u263,1,directed
u163,u007,1,directed
u160,u037,1,directed
u324,u018,1,directed
u031,u018,0.5,undirected
u397,u134,1,directed
u119,u007,1,directed
u111,u349,1,directed
u171,u141,3,directed
u193,u386,0.5,undirected
u274,u200,3,directed
u230,u024,1,directed
u169,u007,1,directed
u387,u380,3,directed
u289,u293,0.5,undirected
u236,u346,1,directed
u069,u323,1,directed
u007,u250,3,directed
u072,u111,1,directed
u242,u380,1,directed
u341,u225,3,directed
u333,u007,1,directed
u125,u216,1,directed
u111,u017,3,directed
u194,u048,1,directed
u299,u018,1,directed
u348,u069,1,directed
u345,u046,1,directed
u087,u211,1,directed
u144,u069,1,directed
u158,u400,1,directed
u380,u110,1,directed
u018,u158,1,directed
u078,u065,1,directed
u069,u377,1,directed
u394,u069,1,directed
u415,u225,3,directed
u123,u007,1,directed
u069,u157,1,directed
u171,u016,3,directed
u038,u171,3,directed
u348,u253,1,directed
u018,u295,1,directed
u158,u387,1,directed
u302,u415,1,directed
u088,u169,3,directed
u171,u016,1,directed
u216,u125,3,directed
u293,u225,1,directed
u115,u341,1,directed
u225,u135,1,directed
u113,u141,1,directed
u204,u387,1,directed
u135,u119,1,directed
u069,u197,1,directed
u171,u380,0.5,undirected
u018,u382,1,directed
u119,u399,1,directed
u392,u141,3,directed
u236,u287,0.5,undirected
u058,u016,1,directed
u192,u259,0.5,undirected
u251,u179,1,directed
u153,u090,0.5,undirected
u121,u237,1,directed
u152,u333,1,directed
u393,u236,1,directed
u016,u301,1,directed
u294,u340,3,directed
u289,u341,1,directed
u316,u096,1,directed
u106,u046,1,directed
u107,u090,0.5,undirected
u035,u173,0.5,undirected
u080,u046,1,directed
u392,u035,1,directed
u402,u171,3,directed
u194,u158,1,directed
u277,u286,1,directed
u058,u242,1,directed
u058,u392,1,directed
u360,u273,1,directed
u290,u263,1,directed
u380,u148,3,directed
u197,u176,1,directed
u007,u153,1,directed
u387,u158,1,directed
u277,u392,1,directed
u158,u283,3,directed
u048,u303,1,directed
u015,u417,3,directed
u367,u189,0.5,undirected
u158,u147,3,directed
u392,u081,1,directed
u372,u198,1,directed
u392,u410,3,directed
u026,u031,1,directed
u200,u146,0.5,undirected
u304,u160,3,directed
u121,u410,1,directed
u344,u069,1,directed
u236,u280,3,directed
u046,u250,1,directed
u016,u035,1,directed
u364,u158,1,directed
u096,u362,1,directed
u181,u036,3,directed
u396,u089,1,directed
u141,u016,1,directed
u225,u127,0.5,undirected
u081,u329,1,directed
u387,u158,0.5,undirected
u167,u407,1,directed
u119,u225,3,directed
u245,u000,0.5,undirected
u069,u259,3,directed
u274,u034,3,directed
u333,u314,1,directed
u158,u298,0.5,undirected
u349,u069,1,directed
u005,u099,3,directed
u150,u225,0.5,undirected
u069,u403,1,directed
u139,u214,1,directed
u328,u170,0.5,undirected
u048,u158,0.5,undirected
u279,u410,3,directed
u096,u127,0.5,undirected
u255,u141,1,directed
u018,u339,1,directed
u125,u250,3,directed
u004,u225,0.5,undirected
u069,u352,0.5,undirected
u391,u018,1,directed
u369,u324,1,directed
u119,u007,1,directed
u245,u170,1,directed
u081,u171,0.5,undirected
u293,u225,1,directed
u145,u069,1,directed
u375,u256,1,directed
u348,u338,0.5,undirected
u061,u115,1,directed
u158,u110,1,directed
u242,u320,1,directed
u365,u361,3,directed
u333,u022,1,directed
u020,u333,3,directed
u415,u160,1,directed
u081,u141,1,directed
u119,u007,1,directed
u280,u071,0.5,undirected
u353,u128,1,directed
u212,u069,1,directed
u018,u226,1,directed
u192,u353,1,directed
u182,u287,1,directed
u141,u255,1,directed
u141,u406,0.5,undirected
u362,u081,1,directed
u019,u121,3,directed
u412,u111,3,directed
u386,u380,3,directed
u312,u233,1,directed
u305,u051,1,directed
u123,u116,1,directed
u355,u372,1,directed
u396,u208,1,directed
u070,u233,1,directed
u048,u158,1,directed
u236,u346,1,directed
u052,u007,3,directed
u067,u386,0.5,undirected
u380,u143,1,directed
u321,u225,1,directed
u355,u232,3,directed
u259,u130,1,directed
u235,u413,1,directed
u163,u007,1,directed
u121,u174,1,directed
u018,u053,1,directed
u282,u333,1,directed
u069,u225,1,directed
u171,u141,1,directed
u018,u175,1,directed
u223,u377,1,directed
u145,u393,1,directed
u230,u041,1,directed
u386,u147,1,directed
u372,u324,1,directed
u310,u377,1,directed
u354,u119,0.5,undirected
u387,u062,1,directed
u353,u161,0.5,undirected
u069,u212,1,directed
u354,u007,1,directed
u174,u069,1,directed
u018,u153,1,directed
u232,u019,3,directed
u329,u171,1,directed
u372,u090,1,directed
u250,u334,0.5,undirected
u324,u372,3,directed
u085,u387,1,directed
u277,u171,0.5,undirected
u082,u341,3,directed
u380,u158,0.5,undirected
u069,u050,1,directed
u342,u158,0.5,undirected
u295,u252,1,directed
u262,u018,1,directed
u369,u276,1,directed
u272,u069,1,directed
u013,u135,0.5,undirected
u369,u187,3,directed
u061,u196,1,directed
u277,u043,1,directed
u216,u412,1,directed
u081,u186,1,directed
u158,u407,3,directed
u121,u272,1,directed
u016,u410,1,directed
u105,u284,1,directed
u199,u018,1,directed
u387,u157,1,directed
u069,u380,3,directed
u121,u012,1,directed
u225,u415,1,directed
u152,u216,1,directed
u018,u280,3,directed
u026,u018,0.5,undirected
u101,u366,0.5,undirected
u115,u404,3,directed
u236,u127,1,directed
u157,u286,3,directed
u218,u345,1,directed
u225,u162,1,directed
u158,u048,1,directed
u310,u176,0.5,undirected
u275,u167,1,directed
u044,u112,0.5,undirected
u081,u410,1,directed
u225,u293,1,directed
u114,u128,0.5,undirected
u019,u198,1,directed
u265,u058,0.5,undirected
u289,u293,1,directed
u018,u100,1,directed
u007,u354,3,directed
u288,u016,0.5,undirected
u209,u375,1,directed
u316,u322,1,directed
u317,u160,1,directed
u373,u157,3,directed
u160,u302,3,directed
u007,u106,1,directed
u246,u009,3,directed
u081,u410,3,directed
u056,u081,1,directed
u117,u158,1,directed
u367,u081,1,directed
u115,u018,1,directed
u149,u265,1,directed
u193,u275,3,directed
u337,u236,0.5,undirected
u329,u189,1,directed
u359,u007,1,directed
u293,u341,1,directed
u340,u282,1,directed
u367,u159,3,directed
u187,u178,3,directed
u324,u018,1,directed
u212,u072,3,directed
u115,u055,3,directed
u069,u368,1,directed
u225,u115,1,directed
u387,u283,3,directed
u410,u255,1,directed
u100,u145,1,directed
u225,u092,3,directed
u158,u389,1,directed
u075,u225,1,directed
u302,u225,1,directed
u054,u410,1,directed
u043,u189,3,directed
u132,u289,0.5,undirected
u082,u160,3,directed
u101,u316,3,directed
u387,u158,1,directed
u236,u027,3,directed
u032,u097,1,directed
u102,u384,0.5,undirected
u293,u225,3,directed
u392,u081,1,directed
u105,u028,1,directed
u176,u180,1,directed
u242,u018,3,directed
u402,u003,3,directed
u333,u052,1,directed
u380,u340,0.5,undirected
u341,u257,1,directed
u018,u332,3,directed
u410,u279,1,directed
u018,u073,0.5,undirected
u136,u018,1,directed
u046,u007,1,directed
u225,u289,1,directed
u160,u317,3,directed
u245,u220,0.5,undirected
u410,u279,1,directed
u410,u367,1,directed
u008,u089,3,directed
u233,u096,1,directed
u123,u018,1,directed
u187,u274,1,directed
u380,u158,1,directed
u309,u312,1,directed
u081,u410,3,directed
u341,u293,0.5,undirected
u248,u069,3,directed
u007,u417,1,directed
u111,u069,1,directed
u281,u112,3,directed
u367,u058,3,directed
u017,u111,1,directed
u277,u392,1,directed
u302,u225,1,directed
u343,u251,3,directed
u086,u103,3,directed
u128,u348,1,directed
u200,u103,1,directed
u302,u319,1,directed
u069,u121,1,directed
u007,u293,0.5,undirected
u419,u271,1,directed
u114,u255,3,directed
u069,u272,0.5,undirected
u410,u265,1,directed
u171,u043,0.5,undirected
u008,u348,0.5,undirected
u144,u121,0.5,undirected
u007,u042,1,directed
u141,u171,0.5,undirected
u160,u004,1,directed
u160,u380,1,directed
u277,u324,1,directed
u009,u242,3,directed
u031,u266,1,directed
u368,u121,3,directed
u255,u016,1,directed
u225,u007,1,directed
u384,u115,1,directed
u142,u018,1,directed
u057,u223,1,directed
u018,u391,1,directed
u160,u414,1,directed
u372,u018,1,directed
u387,u364,1,directed
u410,u189,3,directed
u402,u018,3,directed
u333,u007,1,directed
u312,u145,1,directed
u143,u310,3,directed
u069,u341,1,directed
u410,u081,1,directed
u237,u008,1,directed
u056,u255,1,directed
u090,u065,1,directed
u114,u006,1,directed
u119,u042,0.5,undirected
u111,u197,3,directed
u108,u119,1,directed
u018,u254,1,directed
u069,u223,3,directed
u265,u157,0.5,undirected
u341,u289,1,directed
u158,u076,1,directed
u341,u350,1,directed
u027,u233,1,directed
u326,u322,1,directed
u220,u366,3,directed
u008,u348,3,directed
u225,u319,1,directed
u346,u287,1,directed
u414,u160,1,directed
u007,u059,1,directed
u111,u069,1,directed
u054,u171,1,directed
u261,u169,0.5,undirected
u152,u288,1,directed
u225,u251,3,directed
u030,u354,3,directed
u386,u380,1,directed
u356,u310,1,directed
u380,u067,3,directed
u141,u373,1,directed
u413,u333,1,directed
u298,u340,3,directed
u088,u337,0.5,undirected
u293,u225,1,directed
u223,u158,3,directed
u160,u319,1,directed
u069,u111,0.5,undirected
u391,u355,1,directed
u072,u375,3,directed
u302,u251,1,directed
u324,u018,1,directed
u048,u387,0.5,undirected
u200,u380,1,directed
u058,u112,3,directed
u046,u319,3,directed
u007,u152,1,directed
u033,u119,3,directed
u090,u200,0.5,undirected
u045,u195,1,directed
u155,u046,1,directed
u133,u293,3,directed
u225,u013,1,directed
u049,u399,0.5,undirected
u100,u018,1,directed
u402,u351,1,directed
u101,u346,1,directed
u069,u412,1,directed
u336,u164,1,directed
u293,u285,1,directed
u007,u111,1,directed
u042,u214,0.5,undirected
u000,u018,3,directed
u158,u410,1,directed
u088,u284,0.5,undirected
u196,u179,1,directed
u293,u302,1,directed
u135,u200,0.5,undirected
u066,u399,3,directed
u324,u055,3,directed
u251,u367,1,directed
u018,u086,3,directed
u086,u324,1,directed
u188,u380,1,directed
u153,u018,0.5,undirected
u143,u158,1,directed
u294,u060,1,directed
u027,u101,1,directed
u288,u333,1,directed
u090,u299,1,directed
u016,u039,1,directed
u293,u225,1,directed
u302,u225,3,directed
u039,u288,1,directed
u328,u398,0.5,undirected
u158,u380,1,directed
u413,u070,0.5,undirected
u171,u035,1,directed
u393,u236,1,directed
u111,u069,1,directed
u332,u100,0.5,undirected
u245,u028,1,directed
u074,u365,1,directed
u225,u304,1,directed
u026,u409,1,directed
u347,u152,1,directed
u302,u415,0.5,undirected
u225,u016,1,directed
u076,u276,1,directed
u410,u392,0.5,undirected
u115,u018,0.5,undirected
u293,u348,1,directed
u007,u333,1,directed
u141,u373,3,directed
u158,u394,0.5,undirected
u410,u279,0.5,undirected
u081,u141,0.5,undirected
u410,u171,0.5,undirected
u036,u033,1,directed
u321,u004,3,directed
u111,u161,1,directed
u333,u222,3,directed
u076,u409,1,directed
u157,u141,1,directed
u242,u274,1,directed
u094,u018,1,directed
u216,u333,0.5,undirected
u052,u288,1,directed
u146,u008,3,directed
u158,u275,1,directed
u056,u410,1,directed
u119,u051,1,directed
u119,u243,1,directed
u238,u281,1,directed
u011,u374,3,directed
u225,u160,1,directed
u197,u010,1,directed
u402,u382,1,directed
u072,u259,1,directed
u200,u005,1,directed
u314,u152,3,directed
u076,u153,1,directed
u069,u377,1,directed
u324,u076,1,directed
u125,u410,1,directed
u410,u179,0.5,undirected
u328,u248,1,directed
u242,u231,3,directed
u202,u302,1,directed
u016,u063,1,directed
u107,u257,3,directed
u016,u171,0.5,undirected
u133,u071,1,directed
u235,u236,1,directed
u247,u006,3,directed
u289,u311,0.5,undirected
u018,u115,0.5,undirected
u119,u007,0.5,undirected
u209,u341,3,directed
u324,u018,1,directed
u018,u324,1,directed
u101,u362,0.5,undirected
u280,u236,1,directed
u069,u017,3,directed
u048,u387,3,directed
u203,u081,1,directed
u348,u412,1,directed
u380,u296,1,directed
u386,u387,3,directed
u018,u299,1,directed
u090,u380,1,directed
u333,u243,1,directed
u101,u236,0.5,undirected
u082,u388,1,directed
u225,u200,1,directed
u200,u390,3,directed
u225,u415,1,directed
u384,u178,3,directed
u061,u372,1,directed
u255,u081,0.5,undirected
u027,u248,1,directed
u018,u171,1,directed
u289,u304,1,directed
u231,u339,3,directed
u353,u317,3,directed
u018,u107,3,directed
u354,u214,1,directed
u387,u348,1,directed
u397,u128,0.5,undirected
u119,u318,0.5,undirected
u160,u372,1,directed
u251,u171,1,directed
u276,u018,1,directed
u391,u098,1,directed
u375,u010,1,directed
u100,u102,1,directed
u123,u384,0.5,undirected
u199,u018,3,directed
u175,u115,0.5,undirected
u069,u356,1,directed
u372,u276,1,directed
u036,u341,3,directed
u296,u380,3,directed
u160,u317,1,directed
u399,u007,1,directed
u171,u277,3,directed
u125,u354,1,directed
u092,u293,1,directed
u018,u332,0.5,undirected
u140,u324,1,directed
u061,u018,3,directed
u251,u081,3,directed
u121,u056,1,directed
u219,u261,1,directed
u327,u018,1,directed
u012,u081,1,directed
u069,u017,1,directed
u401,u250,1,directed
u021,u225,1,directed
u052,u253,0.5,undirected
u018,u293,3,directed
u123,u018,3,directed
u097,u160,0.5,undirected
u119,u288,1,directed
u076,u231,1,directed
u230,u225,1,directed
u225,u202,1,directed
u036,u135,3,directed
u160,u158,3,directed
u333,u412,1,directed
u301,u171,3,directed
u158,u380,3,directed
u286,u141,1,directed
u018,u115,0.5,undirected
u007,u152,1,directed
u404,u018,1,directed
u092,u037,3,directed
u173,u411,3,directed
u141,u277,1,directed
u018,u076,1,directed
u324,u026,0.5,undirected
u045,u380,1,directed
u157,u301,0.5,undirected
u257,u324,1,directed
u048,u410,1,directed
u410,u093,1,directed
u410,u035,3,directed
u372,u018,1,directed
u152,u313,1,directed
u008,u165,3,directed
u310,u392,1,directed
u158,u194,3,directed
u396,u253,1,directed
u101,u096,1,directed
u122,u018,1,directed
u198,u315,3,directed
u072,u002,1,directed
u158,u364,3,directed
u100,u018,1,directed
u319,u225,1,directed
u122,u055,0.5,undirected
u373,u203,3,directed
u286,u367,1,directed
u171,u175,3,directed
u317,u166,1,directed
u060,u380,1,directed
u119,u216,1,directed
u169,u234,3,directed
u351,u407,3,directed
u314,u225,1,directed
u101,u028,0.5,undirected
u079,u158,1,directed
u280,u393,1,directed
u232,u123,0.5,undirected
u018,u187,1,directed
u100,u379,1,directed
u266,u359,0.5,undirected
u325,u225,1,directed
u360,u225,1,directed
u167,u355,3,directed
u104,u319,1,directed
u310,u251,0.5,undirected
u106,u216,0.5,undirected
u012,u168,1,directed
u324,u200,1,directed
u069,u368,0.5,undirected
u198,u153,0.5,undirected
u160,u225,1,directed
u007,u288,1,directed
u026,u286,1,directed
u225,u162,3,directed
u118,u356,1,directed
u393,u000,0.5,undirected
u282,u148,0.5,undirected
u324,u231,0.5,undirected
u081,u016,3,directed
u410,u171,1,directed
u023,u081,1,directed
u221,u116,1,directed
u095,u121,1,directed
u308,u046,1,directed
u006,u186,1,directed
u028,u284,1,directed
u028,u171,1,directed
u392,u141,1,directed
u160,u132,3,directed
u324,u391,0.5,undirected
u018,u103,1,directed
u333,u152,1,directed
u128,u393,1,directed
u350,u160,1,directed
u250,u007,1,directed
u258,u308,1,directed
u137,u031,1,directed
u201,u269,1,directed
u141,u081,1,directed
u236,u393,1,directed
u348,u121,1,directed
u225,u304,1,directed
u387,u380,1,directed
u277,u016,1,directed
u350,u341,0.5,undirected
u225,u319,3,directed
u018,u385,1,directed
u181,u135,3,directed
u211,u245,3,directed
u372,u324,1,directed
u319,u225,1,directed
u225,u293,1,directed
u353,u141,3,directed
u133,u217,3,directed
u158,u294,1,directed
u366,u240,3,directed
u078,u397,1,directed
u171,u081,1,directed
u266,u119,1,directed
u069,u121,1,directed
u080,u163,1,directed
u341,u082,1,directed
u243,u152,0.5,undirected
u367,u081,1,directed
u141,u016,3,directed
u229,u354,1,directed
u225,u160,1,directed
u064,u202,1,directed
u223,u403,1,directed
u121,u396,0.5,undirected
u387,u104,3,directed
u016,u171,3,directed
u263,u394,0.5,undirected
u152,u288,1,directed
u320,u018,1,directed
u038,u141,0.5,undirected
u198,u242,0.5,undirected
u394,u216,3,directed
u171,u114,1,directed
u043,u340,1,directed
u324,u018,0.5,undirected
u158,u386,3,directed
u225,u262,1,directed
u401,u007,0.5,undirected
u341,u225,1,directed
u368,u237,3,directed
u252,u018,1,directed
u348,u192,3,directed
u113,u410,1,directed
u341,u225,0.5,undirected
u410,u081,1,directed
u373,u410,1,directed
u344,u112,1,directed
u319,u289,3,directed
u146,u176,1,directed
u410,u016,1,directed
u096,u248,1,directed
u250,u333,3,directed
u279,u081,1,directed
u005,u208,0.5,undirected
u385,u090,1,directed
u242,u090,3,directed
u044,u018,3,directed
u076,u018,1,directed
u119,u313,1,directed
u069,u256,1,directed
u140,u018,3,directed
u373,u410,1,directed
u412,u009,1,directed
u387,u158,0.5,undirected
u288,u243,1,directed
u308,u040,0.5,undirected
u121,u197,1,directed
u282,u111,3,directed
u289,u202,1,directed
u016,u270,1,directed
u242,u018,1,directed
u225,u036,1,directed
u393,u233,1,directed
u225,u202,0.5,undirected
u308,u007,1,directed
u371,u008,0.5,undirected
u020,u307,1,directed
u280,u366,3,directed
u158,u380,1,directed
u111,u176,1,directed
u026,u018,1,directed
u212,u084,1,directed
u058,u255,1,directed
u350,u225,0.5,undirected
u023,u383,1,directed
u367,u081,1,directed
u310,u111,1,directed
u191,u174,1,directed
u160,u225,1,directed
u261,u236,1,directed
u018,u034,3,directed
u080,u318,0.5,undirected
u018,u076,1,directed
u082,u225,0.5,undirected
u115,u384,3,directed
u076,u116,0.5,undirected
u404,u299,1,directed
u324,u018,1,directed
u026,u076,1,directed
u058,u251,1,directed
u415,u007,3,directed
u225,u036,1,directed
u281,u069,1,directed
u157,u081,1,directed
u416,u069,0.5,undirected
u209,u225,0.5,undirected
u194,u176,1,directed
u236,u366,1,directed
u373,u058,0.5,undirected
u380,u085,3,directed
u398,u306,1,directed
u404,u018,1,directed
u154,u138,1,directed
u387,u158,0.5,undirected
u069,u111,3,directed
u221,u382,1,directed
u221,u369,1,directed
u415,u004,1,directed
u225,u091,3,directed
u004,u225,0.5,undirected
u141,u367,0.5,undirected
u087,u151,1,directed
u080,u108,0.5,undirected
u387,u204,1,directed
u410,u026,0.5,undirected
u200,u104,1,directed
u297,u365,0.5,undirected
u158,u183,3,directed
u069,u315,1,directed
u225,u004,1,directed
u225,u135,1,directed
u380,u266,1,directed
u348,u411,1,directed
u018,u200,1,directed
u081,u024,1,directed
u333,u015,1,directed
u225,u319,1,directed
u158,u275,3,directed
u225,u293,1,directed
u020,u139,0.5,undirected
u415,u225,1,directed
u026,u018,0.5,undirected
u073,u332,1,directed
u158,u387,1,directed
u141,u239,1,directed
u404,u232,1,directed
u403,u121,1,directed
u409,u018,1,directed
u288,u051,1,directed
u375,u377,0.5,undirected
u225,u132,3,directed
u387,u394,1,directed
u290,u271,1,directed
u058,u410,1,directed
u365,u354,3,directed
u007,u042,0.5,undirected
u016,u255,1,directed
u160,u225,3,directed
u007,u119,1,directed
u282,u018,1,directed
u372,u207,3,directed
u100,u044,1,directed
u329,u016,1,directed
u225,u334,1,directed
u268,u035,3,directed
u156,u324,1,directed
u259,u069,1,directed
u239,u081,1,directed
u412,u069,1,directed
u333,u351,0.5,undirected
u291,u257,1,directed
u386,u158,1,directed
u069,u158,1,directed
u367,u081,1,directed
u018,u005,3,directed
u016,u247,0.5,undirected
u225,u092,1,directed
u018,u123,0.5,undirected
u200,u352,0.5,undirected
u081,u279,1,directed
u062,u396,0.5,undirected
u200,u391,0.5,undirected
u200,u018,1,directed
u034,u018,3,directed
u018,u276,1,directed
u144,u111,0.5,undirected
u051,u333,3,directed
u058,u157,1,directed
u048,u275,0.5,undirected
u236,u170,0.5,undirected
u101,u413,1,directed
u251,u282,0.5,undirected
u119,u163,1,directed
u069,u161,1,directed
u016,u024,0.5,undirected
u351,u387,0.5,undirected
u152,u052,1,directed
u115,u090,3,directed
u235,u322,3,directed
u099,u409,1,directed
u367,u006,1,directed
u340,u380,0.5,undirected
u153,u225,0.5,undirected
u289,u302,0.5,undirected
u356,u375,1,directed
u412,u069,0.5,undirected
u259,u134,1,directed
u251,u367,1,directed
u400,u158,0.5,undirected
u105,u217,1,directed
u018,u274,1,directed
u237,u176,0.5,undirected
u324,u279,3,directed
u282,u187,1,directed
u007,u216,0.5,undirected
u341,u319,1,directed
u158,u193,1,directed
u068,u394,1,directed
u158,u079,1,directed
u404,u198,1,directed
u277,u164,1,directed
u062,u380,1,directed
u340,u193,0.5,undirected
u018,u391,1,directed
u375,u191,0.5,undirected
u161,u002,1,directed
u335,u069,1,directed
u332,u034,3,directed
u396,u145,3,directed
u161,u197,0.5,undirected
u126,u171,0.5,undirected
u152,u022,3,directed
u111,u008,3,directed
u018,u160,1,directed
u202,u225,3,directed
u225,u321,0.5,undirected
u099,u019,3,directed
u341,u160,3,directed
u018,u098,1,directed
u059,u345,0.5,undirected
u313,u119,1,directed
u415,u092,3,directed
u200,u372,0.5,undirected
u276,u385,0.5,undirected
u229,u059,0.5,undirected
u069,u121,1,directed
u380,u018,1,directed
u141,u212,3,directed
u398,u309,0.5,undirected
u254,u103,0.5,undirected
u251,u279,0.5,undirected
u018,u003,1,directed
u333,u051,1,directed
u243,u318,3,directed
u333,u039,1,directed
u020,u163,1,directed
u225,u081,1,directed
u392,u086,1,directed
u222,u026,3,directed
u180,u348,1,directed
u381,u317,3,directed
u087,u007,1,directed
u333,u119,0.5,undirected
u158,u400,1,directed
u293,u225,1,directed
u018,u259,0.5,undirected
u247,u171,0.5,undirected
u176,u293,1,directed
u078,u356,1,directed
u187,u018,1,directed
u255,u081,3,directed
u297,u125,1,directed
u194,u117,1,directed
u336,u018,3,directed
u303,u394,1,directed
u158,u387,1,directed
u048,u153,1,directed
u364,u110,1,directed
u293,u172,3,directed
u018,u014,1,directed
u288,u059,1,directed
u158,u351,0.5,undirected
u060,u123,3,directed
u132,u225,1,directed
u391,u175,1,directed
u080,u106,1,directed
u018,u093,1,directed
u218,u195,0.5,undirected
u115,u299,1,directed
u272,u069,0.5,undirected
u217,u408,1,directed
u136,u115,3,directed
u247,u141,1,directed
u250,u007,1,directed
u270,u396,1,directed
u273,u225,0.5,undirected
u409,u262,0.5,undirected
u210,u052,1,directed
u165,u111,0.5,undirected
u387,u394,1,directed
u212,u111,0.5,undirected
u121,u018,0.5,undirected
u310,u349,1,directed
u410,u366,1,directed
u160,u341,1,directed
u338,u161,3,directed
u034,u336,3,directed
u173,u016,3,directed
u003,u257,1,directed
u393,u248,0.5,undirected
u216,u308,0.5,undirected
u133,u413,1,directed
u324,u242,1,directed
u129,u089,1,directed
u271,u396,0.5,undirected
u259,u176,1,directed
u216,u234,1,directed
u319,u209,1,directed
u187,u061,1,directed
u339,u076,1,directed
u018,u160,3,directed
u323,u158,1,directed
u018,u143,3,directed
u081,u291,1,directed
u058,u255,0.5,undirected
u101,u138,1,directed
u018,u324,1,directed
u386,u018,0.5,undirected
u083,u039,1,directed
u279,u149,1,directed
u171,u230,1,directed
u380,u076,3,directed
u380,u158,1,directed
u354,u125,1,directed
u014,u139,0.5,undirected
u337,u219,0.5,undirected
u158,u062,1,directed
u333,u179,1,directed
u092,u319,1,directed
u051,u383,1,directed
u036,u360,1,directed
u288,u292,0.5,undirected
u384,u018,1,directed
u275,u380,1,directed
u121,u043,1,directed
u094,u018,0.5,undirected
u325,u160,1,directed
u394,u303,3,directed
u119,u273,0.5,undirected
u324,u018,1,directed
u007,u080,0.5,undirected
u393,u095,0.5,undirected
u410,u251,1,directed
u212,u412,1,directed
u394,u380,1,directed
u158,u085,0.5,undirected
u082,u341,0.5,undirected
u014,u048,1,directed
u160,u225,3,directed
u141,u251,0.5,undirected
u078,u255,0.5,undirected
u329,u400,1,directed
u158,u117,1,directed
u016,u171,1,directed
u069,u081,1,directed
u232,u242,1,directed
u063,u081,0.5,undirected
u000,u236,3,directed
u302,u293,0.5,undirected
u252,u136,1,directed
u208,u176,1,directed
u086,u018,3,directed
u154,u016,1,directed
u387,u404,1,directed
u276,u267,1,directed
u195,u260,3,directed
u158,u260,0.5,undirected
u391,u018,1,directed
u069,u018,1,directed
u016,u081,1,directed
u069,u121,1,directed
u387,u158,1,directed
u233,u105,3,directed
u332,u018,1,directed
u372,u115,1,directed
u030,u330,1,directed
u264,u016,1,directed
u202,u302,3,directed
u235,u145,1,directed
u077,u329,0.5,undirected
u018,u168,1,directed
u056,u343,1,directed
u386,u158,1,directed
u345,u119,1,directed
u111,u238,1,directed
u070,u337,1,directed
u105,u312,3,directed
u081,u023,3,directed
u324,u094,1,directed
u143,u387,3,directed
u011,u008,0.5,undirected
u018,u069,1,directed
u058,u255,1,directed
u133,u105,0.5,undirected
u380,u188,1,directed
u236,u316,1,directed
u018,u200,3,directed
u135,u225,1,directed
u030,u031,3,directed
u278,u216,3,directed
u122,u018,1,directed
u112,u378,3,directed
u319,u225,3,directed
u083,u363,1,directed
u149,u410,1,directed
u329,u268,1,directed
u100,u093,3,directed
u125,u333,1,directed
u384,u324,3,directed
u243,u347,1,directed
u394,u303,1,directed
u319,u160,1,directed
u018,u289,1,directed
u225,u388,1,directed
u183,u394,1,directed
u052,u039,1,directed
u139,u081,1,directed
u143,u204,1,directed
u171,u251,1,directed
u380,u062,3,directed
u297,u119,1,directed
u317,u350,0.5,undirected
u319,u293,0.5,undirected
u036,u341,1,directed
u048,u143,1,directed
u158,u110,0.5,undirected
u060,u340,1,directed
u236,u374,1,directed
u382,u164,3,directed
u324,u372,1,directed
u409,u184,1,directed
u380,u158,3,directed
u340,u238,0.5,undirected
u018,u158,1,directed
u090,u081,3,directed
u069,u146,1,directed
u277,u251,3,directed
u018,u003,1,directed
u128,u069,0.5,undirected
u209,u319,1,directed
u270,u111,0.5,undirected
u213,u069,1,directed
u319,u395,1,directed
u030,u119,1,directed
u007,u059,1,directed
u115,u047,1,directed
u018,u221,1,directed
u394,u340,1,directed
u166,u225,1,directed
u007,u125,1,directed
u174,u412,1,directed
u158,u340,1,directed
u375,u069,1,directed
u062,u380,1,directed
u080,u106,3,directed
u338,u356,1,directed
u320,u018,1,directed
u035,u081,3,directed
u212,u180,1,directed
u087,u330,1,directed
u216,u151,0.5,undirected
u131,u158,0.5,undirected
u016,u081,0.5,undirected
u281,u271,1,directed
u236,u216,3,directed
u324,u251,1,directed
u187,u018,0.5,undirected
u080,u152,3,directed
u225,u317,1,directed
u250,u069,1,directed
u303,u158,1,directed
u227,u007,1,directed
u365,u152,0.5,undirected
u108,u242,1,directed
u036,u333,1,directed
u225,u302,1,directed
u277,u264,1,directed
u018,u081,1,directed
u081,u310,1,directed
u341,u293,0.5,undirected
u171,u058,1,directed
u170,u261,1,directed
u354,u333,0.5,undirected
u069,u078,1,directed
u107,u239,1,directed
u356,u403,1,directed
u101,u142,1,directed
u384,u198,1,directed
u348,u371,0.5,undirected
u018,u061,1,directed
u182,u105,1,directed
u324,u410,1,directed
u069,u215,1,directed
u081,u306,1,directed
u399,u018,1,directed
u380,u387,1,directed
u047,u018,1,directed
u069,u146,1,directed
u145,u105,1,directed
u225,u158,0.5,undirected
u232,u109,0.5,undirected
u299,u018,1,directed
u198,u363,1,directed
u279,u171,3,directed
u308,u383,1,directed
u408,u244,1,directed
u047,u207,3,directed
u380,u283,1,directed
u213,u121,3,directed
u084,u111,1,directed
u121,u089,0.5,undirected
u016,u171,0.5,undirected
u288,u152,3,directed
u377,u378,0.5,undirected
u155,u405,0.5,undirected
u233,u105,0.5,undirected
u327,u076,1,directed
u288,u007,1,directed
u018,u110,1,directed
u371,u396,1,directed
u293,u225,1,directed
u121,u050,3,directed
u018,u199,1,directed
u368,u396,1,directed
u225,u293,1,directed
u387,u380,3,directed
u216,u308,3,directed
u387,u048,3,directed
u330,u080,1,directed
u100,u018,0.5,undirected
u193,u000,1,directed
u005,u018,1,directed
u250,u007,3,directed
u094,u327,3,directed
u341,u160,1,directed
u033,u333,0.5,undirected
u291,u081,0.5,undirected
u206,u406,1,directed
u160,u225,1,directed
u158,u387,3,directed
u069,u121,1,directed
u171,u410,1,directed
u387,u174,1,directed
u400,u386,1,directed
u189,u410,1,directed
u412,u121,0.5,undirected
u192,u165,3,directed
u366,u413,0.5,undirected
u225,u160,0.5,undirected
u119,u288,3,directed
u248,u236,1,directed
u380,u158,1,directed
u141,u139,1,directed
u417,u014,3,directed
u396,u368,3,directed
u169,u288,3,directed
u082,u225,1,directed
u212,u095,1,directed
u268,u258,1,directed
u141,u325,3,directed
u225,u160,1,directed
u366,u384,3,directed
u362,u000,1,directed
u168,u010,1,directed
u171,u277,1,directed
u341,u225,1,directed
u225,u334,1,directed
u205,u152,1,directed
u288,u205,0.5,undirected
u007,u417,1,directed
u157,u255,1,directed
u073,u339,1,directed
u081,u302,3,directed
u158,u060,3,directed
u126,u043,0.5,undirected
u148,u386,1,directed
u095,u069,1,directed
u260,u380,1,directed
u302,u141,1,directed
u299,u018,3,directed
u412,u377,1,directed
u245,u101,1,directed
u038,u171,1,directed
u141,u024,1,directed
u158,u198,1,directed
u409,u076,0.5,undirected
u268,u343,0.5,undirected
u141,u016,0.5,undirected
u372,u018,1,directed
u158,u415,1,directed
u018,u320,0.5,undirected
u030,u018,1,directed
u209,u160,1,directed
u231,u061,1,directed
u081,u171,1,directed
u026,u168,1,directed
u272,u008,3,directed
u018,u412,1,directed
u233,u027,1,directed
u359,u177,0.5,undirected
u289,u293,0.5,undirected
u156,u415,1,directed
u358,u069,0.5,undirected
u196,u111,0.5,undirected
u020,u416,3,directed
u171,u081,1,directed
u007,u216,0.5,undirected
u158,u387,1,directed
u312,u236,1,directed
u166,u289,0.5,undirected
u251,u367,1,directed
u044,u100,3,directed
u254,u103,1,directed
u171,u035,3,directed
u410,u277,3,directed
u099,u198,1,directed
u225,u172,1,directed
u387,u380,3,directed
u018,u413,3,directed
u018,u090,1,directed
u141,u171,1,directed
u333,u080,3,directed
u036,u293,3,directed
u383,u373,3,directed
u395,u018,1,directed
u044,u198,1,directed
u005,u073,1,directed
u112,u176,3,directed
u119,u007,0.5,undirected
u380,u293,1,directed
u333,u191,1,directed
u408,u018,1,directed
u296,u380,0.5,undirected
u135,u293,1,directed
u225,u293,3,directed
u333,u319,1,directed
u158,u255,0.5,undirected
u069,u161,0.5,undirected
u018,u372,0.5,undirected
u027,u248,3,directed
u158,u380,0.5,undirected
u069,u191,1,directed
u161,u378,0.5,undirected
u371,u176,1,directed
u139,u030,0.5,undirected
u067,u158,3,directed
u356,u069,0.5,undirected
u046,u007,3,directed
u418,u171,1,directed
u016,u410,1,directed
u225,u325,0.5,undirected
u027,u133,1,directed
u277,u023,0.5,undirected
u021,u225,1,directed
u081,u410,0.5,undirected
u225,u302,1,directed
u081,u016,3,directed
u069,u130,1,directed
u018,u187,0.5,undirected
u358,u069,1,directed
u235,u088,0.5,undirected
u016,u054,3,directed
u072,u111,0.5,undirected
u190,u043,1,directed
u294,u158,1,directed
u277,u230,3,directed
u052,u288,3,directed
u028,u233,1,directed
u279,u043,0.5,undirected
u255,u264,1,directed
u174,u237,3,directed
u154,u101,3,directed
u208,u118,1,directed
u294,u380,1,directed
u202,u225,1,directed
u153,u009,1,directed
u225,u289,3,directed
u022,u288,1,directed
u341,u293,0.5,undirected
u158,u386,1,directed
u363,u324,1,directed
u007,u288,0.5,undirected
u261,u309,1,directed
u252,u018,1,directed
u018,u295,1,directed
u158,u218,1,directed
u324,u225,0.5,undirected
u158,u407,1,directed
u115,u018,1,directed
u069,u317,0.5,undirected
u135,u415,1,directed
u289,u225,1,directed
u249,u316,3,directed
u319,u225,1,directed
u069,u111,3,directed
u092,u160,1,directed
u224,u018,1,directed
u354,u314,0.5,undirected
u288,u033,0.5,undirected
u324,u136,1,directed
u335,u193,1,directed
u018,u115,3,directed
u372,u200,1,directed
u225,u092,1,directed
u018,u372,3,directed
u341,u007,0.5,undirected
u288,u216,3,directed
u046,u333,3,directed
u357,u243,1,directed
u115,u018,1,directed
u225,u158,0.5,undirected
u007,u119,1,directed
u016,u063,1,directed
u014,u250,3,directed
u246,u121,0.5,undirected
u333,u250,1,directed
u093,u105,1,directed
u410,u141,1,directed
u099,u018,1,directed
u160,u319,0.5,undirected
u202,u333,1,directed
u225,u212,3,directed
u225,u160,1,directed
u069,u412,1,directed
u196,u069,0.5,undirected
u366,u413,3,directed
u007,u333,0.5,undirected
u016,u081,1,directed
u333,u039,3,directed
u380,u158,1,directed
u121,u111,1,directed
u320,u102,0.5,undirected
u069,u111,0.5,undirected
u386,u171,1,directed
u104,u293,0.5,undirected
u259,u069,1,directed
u069,u269,1,directed
u080,u074,1,directed
u158,u387,1,directed
u071,u408,1,directed
u044,u071,1,directed
u275,u386,0.5,undirected
u408,u309,0.5,undirected
u105,u001,1,directed
u174,u069,1,directed
u125,u380,0.5,undirected
u391,u018,3,directed
u250,u014,1,directed
u325,u225,1,directed
u107,u373,0.5,undirected
u256,u403,3,directed
u366,u234,0.5,undirected
u158,u298,1,directed
u016,u023,0.5,undirected
u225,u341,3,directed
u081,u038,0.5,undirected
u069,u344,0.5,undirected
u158,u387,1,directed
u171,u069,1,directed
u391,u320,1,directed
u225,u202,1,directed
u145,u006,0.5,undirected
u391,u198,1,directed
u173,u023,1,directed
u255,u248,1,directed
u392,u174,1,directed
u251,u230,1,directed
u058,u383,1,directed
u225,u037,3,directed
u164,u093,1,directed
u312,u235,3,directed
u117,u195,0.5,undirected
u128,u069,1,directed
u086,u327,1,directed
u048,u034,1,directed
u170,u101,1,directed
u216,u052,1,directed
u157,u255,0.5,undirected
u232,u076,0.5,undirected
u204,u158,0.5,undirected
u317,u289,3,directed
u092,u225,1,directed
u248,u175,0.5,undirected
u319,u036,1,directed
u226,u122,1,directed
u331,u310,1,directed
u202,u298,0.5,undirected
u081,u016,3,directed
u131,u158,0.5,undirected
u101,u413,1,directed
u141,u081,1,directed
u007,u301,1,directed
u293,u225,1,directed
u193,u380,3,directed
u187,u168,1,directed
u116,u018,3,directed
u111,u259,1,directed
u332,u384,1,directed
u348,u272,1,directed
u293,u036,1,directed
u037,u160,1,directed
u026,u369,1,directed
u059,u007,1,directed
u234,u220,1,directed
u380,u386,1,directed
u223,u197,0.5,undirected
u250,u179,1,directed
u293,u160,1,directed
u324,u018,1,directed
u225,u341,0.5,undirected
u225,u202,1,directed
u253,u412,3,directed
u007,u324,1,directed
u141,u016,1,directed
u008,u129,3,directed
u301,u410,0.5,undirected
u147,u158,3,directed
u171,u373,1,directed
u259,u088,1,directed
u264,u277,3,directed
u294,u158,3,directed
u018,u171,1,directed
u276,u232,0.5,undirected
u008,u256,3,directed
u277,u279,3,directed
u250,u119,0.5,undirected
u160,u225,0.5,undirected
u100,u018,1,directed
u062,u387,3,directed
u082,u225,1,directed
u003,u140,1,directed
u141,u171,1,directed
u018,u286,1,directed
u141,u081,1,directed
u402,u018,1,directed
u051,u340,0.5,undirected
u086,u123,3,directed
u380,u386,1,directed
u387,u340,0.5,undirected
u293,u225,3,directed
u018,u380,1,directed
u001,u322,1,directed
u201,u018,0.5,undirected
u175,u090,1,directed
u058,u081,3,directed
u406,u018,0.5,undirected
u018,u233,0.5,undirected
u048,u380,1,directed
u158,u323,1,directed
u230,u016,1,directed
u224,u404,1,directed
u231,u136,0.5,undirected
u320,u136,1,directed
u292,u225,1,directed
u076,u324,1,directed
u348,u069,1,directed
u285,u319,1,directed
u255,u333,3,directed
u100,u098,1,directed
u220,u394,1,directed
u391,u018,1,directed
u414,u029,1,directed
u199,u018,1,directed
u212,u018,3,directed
u158,u143,1,directed
u375,u121,3,directed
u144,u378,1,directed
u378,u197,1,directed
u044,u410,3,directed
u158,u034,0.5,undirected
u340,u195,1,directed
u395,u225,1,directed
u288,u225,3,directed
u225,u160,1,directed
u043,u279,1,directed
u192,u069,1,directed
u016,u251,1,directed
u380,u119,1,directed
u359,u119,1,directed
u160,u202,3,directed
u340,u079,1,directed
u107,u231,3,directed
u313,u216,1,directed
u353,u212,3,directed
u333,u081,1,directed
u081,u157,1,directed
u158,u323,1,directed
u251,u343,1,directed
u043,u081,1,directed
u309,u333,3,directed
u275,u158,3,directed
u136,u109,1,directed
u119,u372,1,directed
u115,u382,1,directed
u410,u081,0.5,undirected
u255,u279,3,directed
u232,u276,0.5,undirected
u081,u012,1,directed
u064,u330,0.5,undirected
u170,u027,0.5,undirected
u081,u141,0.5,undirected
u018,u115,1,directed
u321,u225,0.5,undirected
u311,u081,0.5,undirected
u356,u225,1,directed
u153,u402,1,directed
u233,u220,1,directed
u293,u225,1,directed
u090,u018,3,directed
u225,u075,1,directed
u399,u123,1,directed
u018,u369,3,directed
u216,u307,3,directed
u007,u288,1,directed
u037,u225,0.5,undirected
u154,u312,1,directed
u169,u164,1,directed
u293,u135,1,directed
u077,u269,1,directed
u168,u018,1,directed
u380,u193,3,directed
u380,u359,3,directed
u157,u251,0.5,undirected
u160,u036,1,directed
u016,u318,0.5,undirected
u250,u158,1,directed
u136,u019,1,directed
u412,u356,3,directed
u018,u198,1,directed
u292,u369,3,directed
u140,u018,1,directed
u368,u057,1,directed
u405,u007,0.5,undirected
u105,u007,0.5,undirected
u308,u288,1,directed
u008,u176,1,directed
u096,u366,1,directed
u089,u348,1,directed
u356,u069,1,directed
u087,u069,3,directed
u415,u140,0.5,undirected
u225,u176,1,directed
u221,u018,3,directed
u115,u324,0.5,undirected
u018,u250,1,directed
u345,u334,0.5,undirected
u412,u002,0.5,undirected
u394,u158,1,directed
u251,u171,1,directed
u293,u225,3,directed
u293,u225,0.5,undirected
u250,u179,1,directed
u380,u394,1,directed
u101,u214,1,directed
u258,u333,1,directed
u119,u032,3,directed
u062,u335,3,directed
u292,u018,3,directed
u252,u176,1,directed
u158,u007,1,directed
u386,u380,1,directed
u018,u242,0.5,undirected
u236,u233,1,directed
u086,u018,1,directed
u089,u293,3,directed
u157,u201,0.5,undirected
u279,u392,0.5,undirected
u000,u234,1,directed
u090,u380,0.5,undirected
u036,u225,1,directed
u230,u391,1,directed
u135,u092,1,directed
u167,u111,1,directed
u205,u417,0.5,undirected
u270,u310,1,directed
u115,u018,0.5,undirected
u317,u160,3,directed
u413,u062,1,directed
u366,u236,3,directed
u237,u176,3,directed
u101,u220,1,directed
u310,u144,1,directed
u384,u069,1,directed
u069,u081,1,directed
u396,u338,3,directed
u413,u287,0.5,undirected
u069,u057,1,directed
u319,u293,1,directed
u097,u282,1,directed
u269,u064,0.5,undirected
u016,u201,0.5,undirected
u276,u018,1,directed
u202,u415,0.5,undirected
u176,u368,1,directed
u265,u016,1,directed
u160,u395,1,directed
u412,u176,3,directed
u212,u396,1,directed
u209,u388,0.5,undirected
u237,u121,3,directed
u008,u161,3,directed
u086,u018,1,directed
u193,u158,1,directed
u303,u193,0.5,undirected
u111,u134,1,directed
u046,u288,1,directed
u007,u333,0.5,undirected
u018,u404,0.5,undirected
u106,u139,1,directed
u152,u330,0.5,undirected
u018,u100,1,directed
u225,u007,1,directed
u100,u332,1,directed
u141,u114,0.5,undirected
u018,u324,3,directed
u410,u286,1,directed
u007,u155,1,directed
u160,u052,3,directed
u158,u007,1,directed
u288,u155,1,directed
u069,u348,1,directed
u143,u205,0.5,undirected
u279,u383,1,directed
u417,u288,1,directed
u107,u384,1,directed
u318,u250,3,directed
u302,u225,1,directed
u278,u380,0.5,undirected
u051,u201,3,directed
u101,u154,1,directed
u333,u347,1,directed
u359,u333,1,directed
u387,u048,0.5,undirected
u373,u247,1,directed
u225,u036,0.5,undirected
u350,u160,1,directed
u061,u324,1,directed
u176,u069,1,directed
u233,u362,3,directed
u008,u134,1,directed
u319,u160,0.5,undirected
u366,u233,0.5,undirected
u171,u041,1,directed
u250,u245,0.5,undirected
u153,u018,3,directed
u076,u232,3,directed
u238,u069,1,directed
u081,u016,1,directed
u296,u158,1,directed
u225,u234,1,directed
u018,u221,1,directed
u223,u111,1,directed
u250,u030,3,directed
u069,u374,1,directed
u263,u413,1,directed
u216,u125,1,directed
u280,u217,1,directed
u056,u291,3,directed
u287,u236,1,directed
u225,u082,1,directed
u225,u135,1,directed
u236,u398,1,directed
u007,u046,1,directed
u324,u336,1,directed
u348,u419,1,directed
u333,u225,0.5,undirected
u366,u053,0.5,undirected
u223,u069,0.5,undirected
u168,u184,1,directed
u043,u225,0.5,undirected
u111,u069,1,directed
u047,u200,3,directed
u158,u387,1,directed
u111,u069,1,directed
u416,u337,1,directed
u018,u044,0.5,undirected
u377,u375,0.5,undirected
u018,u252,3,directed
u173,u277,3,directed
u064,u179,1,directed
u302,u037,0.5,undirected
u098,u061,1,directed
u036,u202,1,directed
u301,u277,1,directed
u058,u141,1,directed
u171,u225,1,directed
u160,u293,1,directed
u145,u233,1,directed
u113,u387,1,directed
u018,u115,1,directed
u339,u111,1,directed
u158,u110,1,directed
u135,u091,0.5,undirected
u145,u101,1,directed
u292,u231,0.5,undirected
u081,u251,1,directed
u018,u189,1,directed
u251,u171,0.5,undirected
u158,u282,1,directed
u028,u236,0.5,undirected
u090,u200,3,directed
u313,u250,1,directed
u293,u415,1,directed
u141,u201,3,directed
u338,u371,3,directed
u026,u018,0.5,undirected
u090,u018,3,directed
u321,u395,1,directed
u032,u119,1,directed
u096,u233,1,directed
u043,u077,0.5,undirected
u103,u267,1,directed
u353,u008,0.5,undirected
u193,u380,1,directed
u312,u236,1,directed
u197,u133,1,directed
u285,u225,3,directed
u410,u268,3,directed
u082,u225,3,directed
u018,u042,1,directed
u081,u410,1,directed
u216,u382,1,directed
u158,u387,1,directed
u046,u007,0.5,undirected
u320,u102,1,directed
u018,u055,1,directed
u018,u299,1,directed
u293,u225,1,directed
u172,u289,1,directed
u052,u288,1,directed
u319,u215,1,directed
u320,u324,1,directed
u187,u115,0.5,undirected
u158,u123,0.5,undirected
u026,u119,1,directed
u121,u176,1,directed
u090,u018,1,directed
u262,u136,1,directed
u018,u136,1,directed
u302,u293,3,directed
u007,u215,3,directed
u073,u115,1,directed
u158,u282,3,directed
u382,u089,1,directed
u076,u018,0.5,undirected
u324,u061,1,directed
u059,u288,0.5,undirected
u365,u333,1,directed
u193,u018,3,directed
u337,u170,0.5,undirected
u200,u242,3,directed
u277,u291,1,directed
u081,u225,1,directed
u409,u276,1,directed
u417,u357,0.5,undirected
u115,u007,3,directed
u225,u289,0.5,undirected
u198,u018,1,directed
u308,u200,1,directed
u121,u375,0.5,undirected
u225,u372,1,directed
u202,u160,3,directed
u121,u324,1,directed
u107,u018,0.5,undirected
u225,u341,1,directed
u069,u223,1,directed
u036,u225,1,directed
u289,u225,0.5,undirected
u018,u113,3,directed
u288,u119,1,directed
u332,u123,1,directed
u287,u142,3,directed
u318,u007,1,directed
u225,u293,1,directed
u324,u018,1,directed
u412,u174,0.5,undirected
u016,u081,1,directed
u272,u237,0.5,undirected
u225,u082,0.5,undirected
u007,u225,1,directed
u158,u131,0.5,undirected
u047,u332,3,directed
u182,u346,1,directed
u117,u088,1,directed
u097,u152,1,directed
u330,u007,1,directed
u184,u018,1,directed
u230,u171,1,directed
u003,u382,1,directed
u225,u022,0.5,undirected
u078,u187,3,directed
u187,u018,1,directed
u299,u018,3,directed
u082,u225,0.5,undirected
u216,u330,3,directed
u330,u141,1,directed
u258,u225,1,directed
u105,u120,1,directed
u225,u289,1,directed
u082,u293,1,directed
u380,u283,1,directed
u276,u382,0.5,undirected
u211,u105,1,directed
u161,u391,1,directed
u007,u250,3,directed
u279,u383,1,directed
u277,u392,1,directed
u051,u119,1,directed
u410,u209,3,directed
u016,u364,3,directed
u019,u018,3,directed
u176,u069,3,directed
u158,u076,1,directed
u069,u237,1,directed
u180,u069,1,directed
u259,u348,1,directed
u043,u383,0.5,undirected
u319,u225,1,directed
u412,u348,1,directed
u046,u007,1,directed
u233,u211,1,directed
u293,u082,1,directed
u239,u043,3,directed
u018,u136,1,directed
u069,u121,1,directed
u259,u223,0.5,undirected
u007,u333,3,directed
u081,u171,1,directed
u354,u064,1,directed
u225,u317,1,directed
u200,u018,1,directed
u202,u321,1,directed
u387,u110,1,directed
u286,u157,1,directed
u289,u370,1,directed
u412,u069,1,directed
u102,u232,0.5,undirected
u324,u276,3,directed
u064,u200,0.5,undirected
u095,u121,1,directed
u216,u288,0.5,undirected
u129,u331,1,directed
u197,u246,3,directed
u018,u187,1,directed
u171,u081,1,directed
u171,u286,1,directed
u225,u382,0.5,undirected
u150,u339,1,directed
u051,u381,3,directed
u408,u234,0.5,undirected
u196,u387,0.5,undirected
u072,u378,1,directed
u225,u319,0.5,undirected
u387,u158,0.5,undirected
u072,u008,1,directed
u288,u139,1,directed
u387,u158,1,directed
u018,u019,3,directed
u400,u386,1,directed
u324,u293,1,directed
u225,u188,1,directed
u233,u105,1,directed
u051,u018,3,directed
u205,u313,0.5,undirected
u377,u111,1,directed
u126,u410,0.5,undirected
u392,u311,1,directed
u060,u158,3,directed
u171,u392,1,directed
u187,u276,0.5,undirected
u018,u123,0.5,undirected
u367,u392,1,directed
u279,u265,0.5,undirected
u212,u118,3,directed
u018,u100,1,directed
u197,u112,3,directed
u008,u333,1,directed
u392,u300,0.5,undirected
u402,u372,1,directed
u124,u018,1,directed
u225,u018,1,directed
u249,u120,1,directed
u380,u062,1,directed
u293,u319,0.5,undirected
u121,u069,1,directed
u063,u380,1,directed
u288,u333,1,directed
u372,u018,0.5,undirected
u018,u333,1,directed
u135,u160,0.5,undirected
u145,u234,3,directed
u380,u101,0.5,undirected
u289,u293,3,directed
u337,u133,1,directed
u366,u105,1,directed
u383,u081,1,directed
u041,u383,1,directed
u099,u299,1,directed
u215,u222,3,directed
u384,u391,3,directed
u353,u212,1,directed
u101,u022,1,directed
u069,u161,3,directed
u069,u220,3,directed
u016,u383,1,directed
u216,u014,1,directed
u386,u158,3,directed
u141,u081,0.5,undirected
u049,u033,0.5,undirected
u018,u034,1,directed
u245,u358,1,directed
u006,u329,0.5,undirected
u081,u171,0.5,undirected
u321,u118,1,directed
u251,u043,0.5,undirected
u321,u075,1,directed
u250,u119,1,directed
u115,u332,1,directed
u255,u016,3,directed
u386,u275,1,directed
u164,u300,1,directed
u198,u355,1,directed
u225,u160,1,directed
u387,u380,1,directed
u021,u225,0.5,undirected
u091,u021,1,directed
u245,u101,1,directed
u010,u090,3,directed
u242,u320,1,directed
u018,u116,3,directed
u158,u188,1,directed
u210,u007,0.5,undirected
u386,u158,1,directed
u213,u121,1,directed
u372,u275,1,directed
u280,u249,1,directed
u233,u245,1,directed
u346,u170,1,directed
u061,u242,1,directed
u138,u385,1,directed
u139,u101,1,directed
u412,u111,1,directed
u372,u018,1,directed
u095,u281,1,directed
u338,u356,1,directed
u193,u294,1,directed
u157,u081,0.5,undirected
u059,u365,1,directed
u171,u387,3,directed
u018,u320,3,directed
u232,u233,0.5,undirected
u090,u232,3,directed
u404,u372,1,directed
u018,u400,1,directed
u058,u141,1,directed
u178,u242,3,directed
u115,u324,0.5,undirected
u081,u406,0.5,undirected
u022,u333,3,directed
u382,u324,3,directed
u039,u229,1,directed
u225,u116,3,directed
u259,u111,3,directed
u119,u250,1,directed
u003,u100,1,directed
u387,u158,1,directed
u280,u322,1,directed
u171,u043,1,directed
u210,u266,0.5,undirected
u115,u061,0.5,undirected
u416,u328,0.5,undirected
u288,u293,3,directed
u291,u081,1,directed
u270,u353,1,directed
u288,u318,1,directed
u015,u354,1,directed
u083,u355,1,directed
u384,u353,1,directed
u187,u184,3,directed
u018,u382,0.5,undirected
u018,u276,3,directed
u213,u272,0.5,undirected
u324,u018,1,directed
u210,u049,0.5,undirected
u181,u160,3,directed
u259,u078,1,directed
u410,u171,1,directed
u307,u288,1,directed
u007,u250,1,directed
u399,u345,1,directed
u320,u090,1,directed
u397,u196,0.5,undirected
u282,u158,1,directed
u245,u309,1,directed
u052,u059,1,directed
u129,u412,1,directed
u018,u254,1,directed
u412,u338,1,directed
u387,u143,3,directed
u138,u309,1,directed
u071,u245,0.5,undirected
u277,u410,0.5,undirected
u019,u242,1,directed
u034,u018,0.5,undirected
u144,u121,3,directed
u302,u225,1,directed
u298,u068,1,directed
u108,u399,0.5,undirected
u392,u251,1,directed
u020,u007,1,directed
u100,u379,1,directed
u380,u296,0.5,undirected
u203,u291,1,directed
u018,u100,0.5,undirected
u160,u114,0.5,undirected
u069,u275,0.5,undirected
u324,u081,1,directed
u116,u123,0.5,undirected
u223,u112,3,directed
u160,u302,0.5,undirected
u342,u275,1,directed
u007,u417,3,directed
u342,u060,3,directed
u170,u159,3,directed
u016,u058,1,directed
u245,u234,1,directed
u052,u074,3,directed
u171,u300,1,directed
u333,u330,1,directed
u145,u235,1,directed
u216,u052,3,directed
u115,u018,1,directed
u069,u009,1,directed
u349,u007,1,directed
u325,u293,0.5,undirected
u082,u324,1,directed
u077,u171,1,directed
u113,u171,3,directed
u130,u225,1,directed
u353,u418,0.5,undirected
u043,u035,1,directed
u380,u110,1,directed
u105,u154,3,directed
u121,u253,1,directed
u105,u169,0.5,undirected
u384,u090,1,directed
u176,u069,3,directed
u225,u388,1,directed
u119,u046,0.5,undirected
u364,u158,1,directed
u145,u105,3,directed
u396,u344,1,directed
u413,u101,1,directed
u282,u110,0.5,undirected
u380,u158,3,directed
u198,u385,1,directed
u035,u367,0.5,undirected
u413,u043,1,directed
u193,u158,1,directed
u016,u391,3,directed
u116,u086,1,directed
u341,u061,1,directed
u302,u021,1,directed
u252,u224,1,directed
u402,u018,1,directed
u199,u018,3,directed
u015,u318,3,directed
u119,u052,0.5,undirected
u069,u176,3,directed
u288,u052,1,directed
u340,u158,3,directed
u379,u115,3,directed
u287,u234,1,directed
u257,u200,1,directed
u255,u171,1,directed
u016,u279,0.5,undirected
u410,u139,1,directed
u171,u024,1,directed
u177,u288,0.5,undirected
u340,u068,1,directed
u225,u165,3,directed
u051,u052,1,directed
u141,u058,1,directed
u202,u160,3,directed
u341,u334,1,directed
u048,u062,1,directed
u081,u035,0.5,undirected
u157,u329,1,directed
u176,u223,1,directed
u250,u152,1,directed
u018,u324,1,directed
u265,u157,1,directed
u311,u016,1,directed
u387,u062,3,directed
u137,u044,1,directed
u158,u183,0.5,undirected
u380,u158,1,directed
u345,u210,1,directed
u116,u324,1,directed
u036,u018,1,directed
u177,u014,0.5,undirected
u126,u141,1,directed
u253,u069,3,directed
u276,u100,1,directed
u380,u364,1,directed
u216,u354,1,directed
u058,u255,1,directed
u321,u018,3,directed
u369,u391,1,directed
u132,u225,3,directed
u377,u069,3,directed
u408,u326,3,directed
u111,u375,1,directed
u251,u301,1,directed
u018,u384,1,directed
u380,u282,1,directed
u134,u412,1,directed
u245,u127,3,directed
u319,u225,3,directed
u158,u351,0.5,undirected
u293,u225,1,directed
u100,u299,1,directed
u324,u018,1,directed
u081,u392,1,directed
u162,u341,1,directed
u212,u271,1,directed
u018,u005,1,directed
u316,u362,0.5,undirected
u018,u402,1,directed
u380,u158,1,directed
u147,u283,0.5,undirected
u158,u148,1,directed
u214,u288,1,directed
u106,u333,1,directed
u341,u202,1,directed
u160,u350,3,directed
u279,u392,1,directed
u233,u101,1,directed
u258,u229,1,directed
u078,u353,1,directed
u187,u276,1,directed
u135,u225,1,directed
u225,u299,0.5,undirected
u225,u004,1,directed
u417,u152,0.5,undirected
u081,u276,0.5,undirected
u158,u380,3,directed
u004,u158,0.5,undirected
u158,u380,3,directed
u081,u239,0.5,undirected
u334,u293,1,directed
u097,u318,3,directed
u406,u081,0.5,undirected
u018,u141,3,directed
u347,u119,0.5,undirected
u176,u396,1,directed
u081,u385,1,directed
u384,u018,3,directed
u412,u069,1,directed
u141,u171,1,directed
u365,u288,3,directed
u036,u225,1,directed
u381,u007,0.5,undirected
u225,u082,1,directed
u158,u365,0.5,undirected
u160,u171,1,directed
u097,u359,1,directed
u250,u125,1,directed
u157,u035,1,directed
u240,u105,3,directed
u380,u062,1,directed
u360,u285,0.5,undirected
u072,u069,1,directed
u009,u349,0.5,undirected
u111,u050,1,directed
u055,u200,1,directed
u121,u225,1,directed
u033,u007,1,directed
u416,u245,0.5,undirected
u242,u018,1,directed
u018,u028,3,directed
u385,u153,1,directed
u372,u090,3,directed
u069,u353,3,directed
u218,u389,0.5,undirected
u018,u295,1,directed
u111,u310,1,directed
u355,u379,1,directed
u069,u310,1,directed
u293,u319,1,directed
u233,u236,1,directed
u415,u156,0.5,undirected
u323,u209,3,directed
u171,u058,1,directed
u327,u016,0.5,undirected
u349,u134,1,directed
u293,u102,3,directed
u372,u099,3,directed
u293,u225,0.5,undirected
u062,u148,1,directed
u171,u119,1,directed
u202,u135,1,directed
u356,u069,1,directed
u018,u007,1,directed
u302,u225,0.5,undirected
u340,u110,1,directed
u279,u269,0.5,undirected
u223,u403,0.5,undirected
u018,u124,3,directed
u284,u416,3,directed
u293,u415,1,directed
u046,u152,0.5,undirected
u076,u090,1,directed
u340,u380,3,directed
u007,u155,1,directed
u154,u101,3,directed
u101,u011,1,directed
u012,u141,1,directed
u372,u026,1,directed
u341,u267,0.5,undirected
u375,u069,1,directed
u018,u379,1,directed
u153,u295,1,directed
u111,u008,1,directed
u018,u055,1,directed
u242,u073,1,directed
u214,u216,0.5,undirected
u007,u345,3,directed
u371,u237,0.5,undirected
u410,u081,1,directed
u410,u173,3,directed
u255,u391,1,directed
u123,u262,1,directed
u158,u204,1,directed
u353,u053,3,directed
u204,u380,1,directed
u367,u411,0.5,undirected
u386,u382,1,directed
u263,u182,1,directed
u138,u018,1,directed
u333,u288,0.5,undirected
u372,u018,1,directed
u255,u114,0.5,undirected
u407,u045,1,directed
u022,u305,1,directed
u293,u341,1,directed
u069,u338,0.5,undirected
u276,u200,3,directed
u075,u043,1,directed
u241,u225,1,directed
u225,u302,1,directed
u250,u152,1,directed
u115,u295,1,directed
u339,u018,1,directed
u158,u386,1,directed
u401,u357,1,directed
u081,u126,3,directed
u386,u400,1,directed
u410,u081,0.5,undirected
u175,u023,0.5,undirected
u007,u278,1,directed
u386,u131,0.5,undirected
u018,u115,1,directed
u046,u179,1,directed
u168,u019,1,directed
u380,u076,1,directed
u179,u163,3,directed
u287,u101,3,directed
u018,u093,1,directed
u296,u380,1,directed
u171,u332,1,directed
u391,u115,1,directed
u158,u298,1,directed
u353,u069,3,directed
u333,u318,3,directed
u335,u158,0.5,undirected
u111,u237,1,directed
u158,u340,1,directed
u111,u259,0.5,undirected
u069,u403,1,directed
u158,u265,1,directed
u372,u061,1,directed
u293,u225,0.5,undirected
u158,u110,3,directed
u110,u223,3,directed
u119,u113,1,directed
u213,u069,1,directed
u203,u367,3,directed
u028,u398,0.5,undirected
u082,u160,1,directed
u225,u018,1,directed
u075,u166,1,directed
u044,u116,1,directed
u119,u333,1,directed
u087,u007,0.5,undirected
u251,u392,0.5,undirected
u376,u023,0.5,undirected
u198,u018,1,directed
u035,u283,0.5,undirected
u145,u027,3,directed
u132,u225,3,directed
u090,u005,1,directed
u282,u045,1,directed
u158,u372,1,directed
u394,u387,0.5,undirected
u153,u093,0.5,undirected
u392,u081,1,directed
u069,u140,1,directed
u287,u235,1,directed
u069,u288,1,directed
u048,u389,1,directed
u119,u250,0.5,undirected
u352,u181,1,directed
u050,u111,1,directed
u153,u339,3,directed
u100,u336,1,directed
u342,u394,1,directed
u286,u267,0.5,undirected
u354,u152,0.5,undirected
u151,u119,1,directed
u206,u353,0.5,undirected
u081,u141,3,directed
u155,u007,0.5,undirected
u236,u096,1,directed
u212,u095,3,directed
u282,u314,1,directed
u011,u053,1,directed
u349,u419,1,directed
u288,u333,3,directed
u235,u133,1,directed
u158,u296,1,directed
u321,u016,1,directed
u294,u283,0.5,undirected
u138,u366,1,directed
u418,u324,1,directed
u317,u367,1,directed
u069,u271,0.5,undirected
u171,u141,1,directed
u305,u020,3,directed
u176,u377,0.5,undirected
u193,u386,3,directed
u225,u036,0.5,undirected
u157,u081,1,directed
u338,u223,0.5,undirected
u018,u090,0.5,undirected
u115,u018,1,directed
u400,u158,1,directed
u160,u145,1,directed
u028,u105,3,directed
u121,u118,1,directed
u046,u288,1,directed
u193,u063,0.5,undirected
u225,u117,1,directed
u322,u374,3,directed
u032,u354,1,directed
u048,u335,1,directed
u348,u134,1,directed
u197,u225,1,directed
u187,u385,3,directed
u243,u333,1,directed
u139,u365,3,directed
u110,u340,3,directed
u405,u018,1,directed
u338,u271,1,directed
u169,u245,1,directed
u158,u322,1,directed
u382,u384,1,directed
u115,u140,1,directed
u225,u029,1,directed
u355,u018,1,directed
u119,u258,1,directed
u313,u333,3,directed
u090,u018,1,directed
u318,u032,1,directed
u171,u376,1,directed
u131,u158,1,directed
u386,u085,0.5,undirected
u012,u251,3,directed
u106,u333,3,directed
u112,u146,1,directed
u225,u302,1,directed
u237,u111,1,directed
u403,u069,1,directed
u158,u380,0.5,undirected
u242,u026,0.5,undirected
u330,u020,1,directed
u011,u328,3,directed
u349,u069,0.5,undirected
u396,u069,1,directed
u367,u038,1,directed
u202,u341,1,directed
u215,u288,3,directed
u348,u144,0.5,undirected
u275,u147,1,directed
u021,u370,1,directed
u119,u250,0.5,undirected
u387,u158,1,directed
u069,u111,1,directed
u225,u251,1,directed
u205,u210,1,directed
u387,u158,1,directed
u185,u091,3,directed
u059,u405,1,directed
u016,u023,0.5,undirected
u035,u157,1,directed
u282,u158,1,directed
u245,u219,3,directed
u255,u171,0.5,undirected
u160,u092,1,directed
u250,u380,1,directed
u136,u372,3,directed
u216,u297,3,directed
u022,u318,1,directed
u122,u299,1,directed
u387,u158,3,directed
u100,u379,1,directed
u171,u203,1,directed
u293,u304,1,directed
u119,u288,3,directed
u016,u171,1,directed
u232,u018,1,directed
u150,u273,1,directed
u018,u200,1,directed
u072,u161,1,directed
u208,u176,1,directed
u157,u255,0.5,undirected
u323,u158,1,directed
u158,u380,3,directed
u176,u270,1,directed
u250,u288,3,directed
u187,u090,1,directed
u152,u032,3,directed
u251,u333,1,directed
u121,u397,0.5,undirected
u115,u018,0.5,undirected
u216,u007,1,directed
u372,u324,1,directed
u225,u415,3,directed
u018,u099,1,directed
u141,u269,1,directed
u326,u133,1,directed
u380,u323,3,directed
u288,u354,1,directed
u012,u016,1,directed
u220,u120,1,directed
u015,u314,0.5,undirected
u069,u299,3,directed
u154,u284,3,directed
u011,u248,0.5,undirected
u035,u410,1,directed
u333,u330,0.5,undirected
u026,u090,3,directed
u005,u018,1,directed
u072,u121,0.5,undirected
u119,u399,1,directed
u048,u394,1,directed
u332,u018,1,directed
u081,u035,1,directed
u026,u123,1,directed
u191,u223,1,directed
u018,u372,1,directed
u293,u202,1,directed
u069,u378,1,directed
u212,u255,1,directed
u070,u408,0.5,undirected
u165,u396,0.5,undirected
u131,u330,3,directed
u367,u251,1,directed
u251,u018,0.5,undirected
u039,u007,1,directed
u319,u293,0.5,undirected
u243,u022,0.5,undirected
u081,u016,1,directed
u324,u018,1,directed
u371,u069,3,directed
u090,u061,1,directed
u136,u175,0.5,undirected
u152,u385,0.5,undirected
u212,u121,1,directed
u018,u070,1,directed
u324,u018,1,directed
u225,u160,1,directed
u302,u289,1,directed
u324,u018,0.5,undirected
u372,u071,1,directed
u315,u121,1,directed
u316,u236,1,directed
u018,u184,0.5,undirected
u263,u346,1,directed
u279,u265,0.5,undirected
u225,u289,1,directed
u171,u058,0.5,undirected
u018,u160,1,directed
u081,u367,0.5,undirected
u141,u303,0.5,undirected
u100,u332,0.5,undirected
u018,u081,3,directed
u183,u048,0.5,undirected
u236,u250,1,directed
u338,u121,3,directed
u284,u016,1,directed
u018,u115,1,directed
u121,u008,1,directed
u026,u076,1,directed
u324,u115,1,directed
u391,u018,1,directed
u160,u176,1,directed
u175,u018,0.5,undirected
u202,u160,1,directed
u018,u369,3,directed
u236,u287,0.5,undirected
u107,u018,3,directed
u288,u007,1,directed
u046,u243,1,directed
u185,u225,1,directed
u133,u377,1,directed
u387,u167,3,directed
u046,u163,1,directed
u225,u069,1,directed
u106,u216,3,directed
u380,u062,1,directed
u069,u352,1,directed
u157,u286,0.5,undirected
u202,u018,1,directed
u236,u169,1,directed
u326,u248,1,directed
u385,u083,1,directed
u026,u073,1,directed
u018,u100,3,directed
u160,u302,1,directed
u124,u386,3,directed
u016,u056,3,directed
u293,u251,1,directed
u220,u326,3,directed
u081,u141,0.5,undirected
u096,u127,0.5,undirected
u018,u153,0.5,undirected
u141,u410,1,directed
u069,u161,1,directed
u025,u007,0.5,undirected
u141,u186,3,directed
u160,u225,3,directed
u069,u089,3,directed
u386,u060,1,directed
u332,u018,3,directed
u174,u161,1,directed
u095,u018,1,directed
u328,u235,1,directed
u298,u387,1,directed
u410,u081,1,directed
u225,u317,1,directed
u230,u255,1,directed
u396,u069,0.5,undirected
u250,u216,1,directed
u319,u158,1,directed
u160,u082,1,directed
u051,u266,0.5,undirected
u188,u275,1,directed
u302,u293,1,directed
u310,u259,1,directed
u260,u387,3,directed
u333,u177,1,directed
u341,u029,3,directed
u385,u318,0.5,undirected
u139,u014,3,directed
u018,u137,1,directed
u144,u380,1,directed
u198,u018,0.5,undirected
u225,u360,1,directed
u158,u141,0.5,undirected
u383,u081,1,directed
u018,u081,1,directed
u356,u076,1,directed
u251,u056,3,directed
u410,u203,3,directed
u319,u225,1,directed
u081,u279,1,directed
u020,u354,0.5,undirected
u219,u028,1,directed
u165,u084,1,directed
u170,u363,1,directed
u372,u136,3,directed
u396,u144,1,directed
u005,u293,1,directed
u171,u410,1,directed
u089,u069,3,directed
u160,u289,1,directed
u141,u114,1,directed
u116,u324,1,directed
u171,u077,0.5,undirected
u085,u158,3,directed
u148,u380,3,directed
u138,u280,0.5,undirected
u367,u058,3,directed
u018,u372,0.5,undirected
u200,u026,1,directed
u409,u018,1,directed
u049,u333,1,directed
u018,u372,1,directed
u375,u253,3,directed
u164,u380,1,directed
u019,u391,1,directed
u278,u333,1,directed
u044,u324,1,directed
u111,u371,1,directed
u392,u081,1,directed
u062,u158,0.5,undirected
u011,u244,0.5,undirected
u380,u340,0.5,undirected
u415,u239,3,directed
u069,u419,3,directed
u104,u013,0.5,undirected
u018,u232,3,directed
u016,u239,0.5,undirected
u233,u028,1,directed
u367,u069,1,directed
u404,u391,1,directed
u069,u337,1,directed
u276,u242,3,directed
u057,u288,1,directed
u206,u406,0.5,undirected
u233,u312,1,directed
u100,u109,1,directed
u398,u333,0.5,undirected
u236,u028,1,directed
u195,u158,3,directed
u410,u279,3,directed
u115,u172,0.5,undirected
u105,u337,1,directed
u245,u309,3,directed
u387,u158,1,directed
u138,u263,0.5,undirected
u149,u081,0.5,undirected
u251,u152,0.5,undirected
u145,u070,0.5,undirected
u018,u324,1,directed
u122,u254,1,directed
u386,u193,1,directed
u353,u161,3,directed
u139,u308,1,directed
u058,u081,1,directed
u153,u116,0.5,undirected
u043,u081,1,directed
u018,u115,1,directed
u209,u091,1,directed
u081,u279,1,directed
u018,u292,0.5,undirected
u380,u158,1,directed
u225,u160,1,directed
u081,u016,1,directed
u354,u007,1,directed
u306,u211,3,directed
u016,u046,1,directed
u082,u392,1,directed
u202,u036,1,directed
u316,u105,1,directed
u372,u115,1,directed
u335,u380,1,directed
u322,u101,1,directed
u018,u276,1,directed
u212,u396,3,directed
u014,u152,1,directed
u008,u069,1,directed
u252,u153,1,directed
u184,u018,1,directed
u271,u387,1,directed
u061,u384,1,directed
u119,u333,1,directed
u131,u380,1,directed
u126,u201,1,directed
u236,u328,0.5,undirected
u087,u007,1,directed
u018,u276,1,directed
u064,u128,1,directed
u252,u018,3,directed
u232,u094,0.5,undirected
u141,u081,0.5,undirected
u223,u352,1,directed
u255,u171,1,directed
u327,u018,3,directed
u187,u242,0.5,undirected
u380,u062,1,directed
u069,u134,1,directed
u311,u035,1,directed
u069,u259,3,directed
u310,u212,0.5,undirected
u171,u109,1,directed
u225,u082,1,directed
u386,u016,1,directed
u233,u101,3,directed
u034,u018,0.5,undirected
u196,u208,1,directed
u324,u018,1,directed
u026,u231,0.5,undirected
u271,u212,1,directed
u380,u158,1,directed
u364,u386,1,directed
u143,u342,0.5,undirected
u136,u018,0.5,undirected
u141,u190,1,directed
u018,u124,1,directed
u061,u242,3,directed
u280,u236,3,directed
u134,u333,1,directed
u139,u018,1,directed
u115,u109,3,directed
u259,u412,3,directed
u187,u369,1,directed
u115,u207,1,directed
u225,u395,1,directed
u225,u036,3,directed
u144,u111,3,directed
u418,u201,3,directed
u156,u242,0.5,undirected
u018,u076,1,directed
u039,u229,3,directed
u052,u387,0.5,undirected
u095,u197,0.5,undirected
u234,u244,0.5,undirected
u333,u354,1,directed
u171,u158,1,directed
u279,u251,1,directed
u245,u101,0.5,undirected
u372,u292,0.5,undirected
u069,u095,1,directed
u380,u275,1,directed
u322,u000,1,directed
u056,u343,1,directed
u171,u157,0.5,undirected
u171,u277,0.5,undirected
u391,u100,1,directed
u410,u255,1,directed
u372,u018,1,directed
u251,u171,1,directed
u008,u069,1,directed
u250,u007,1,directed
u301,u081,1,directed
u355,u324,1,directed
u293,u285,3,directed
u069,u160,1,directed
u372,u018,0.5,undirected
u018,u231,1,directed
u300,u367,1,directed
u088,u096,1,directed
u289,u414,1,directed
u372,u324,3,directed
u321,u361,1,directed
u018,u333,1,directed
u158,u275,1,directed
u288,u229,1,directed
u269,u255,0.5,undirected
u018,u391,3,directed
u172,u341,1,directed
u069,u048,1,directed
u018,u299,3,directed
u387,u193,1,directed
u293,u082,1,directed
u098,u384,0.5,undirected
u071,u249,3,directed
u384,u372,1,directed
u110,u176,3,directed
u225,u293,1,directed
u119,u288,1,directed
u069,u016,1,directed
u225,u293,3,directed
u152,u333,1,directed
u241,u066,1,directed
u308,u030,0.5,undirected
u158,u195,1,directed
u353,u072,0.5,undirected
u311,u141,1,directed
u017,u396,0.5,undirected
u043,u081,1,directed
u197,u310,3,directed
u054,u189,1,directed
u165,u212,1,directed
u063,u171,1,directed
u341,u160,1,directed
u090,u018,1,directed
u162,u092,3,directed
u043,u230,1,directed
u072,u310,1,directed
u076,u372,1,directed
u018,u124,0.5,undirected
u417,u255,1,directed
u115,u018,1,directed
u326,u182,3,directed
u175,u018,1,directed
u110,u298,1,directed
u158,u340,3,directed
u111,u069,0.5,undirected
u221,u018,0.5,undirected
u160,u225,1,directed
u141,u121,1,directed
u255,u171,3,directed
u016,u308,1,directed
u160,u225,1,directed
u412,u310,1,directed
u069,u212,1,directed
u121,u089,1,directed
u382,u018,0.5,undirected
u237,u050,1,directed
u069,u111,1,directed
u380,u158,1,directed
u234,u374,1,directed
u311,u043,3,directed
u044,u232,0.5,undirected
u280,u178,1,directed
u118,u412,3,directed
u233,u070,1,directed
u392,u141,0.5,undirected
u229,u032,1,directed
u158,u188,1,directed
u317,u225,1,directed
u175,u031,1,directed
u093,u018,1,directed
u139,u007,3,directed
u158,u085,3,directed
u380,u158,0.5,undirected
u125,u014,0.5,undirected
u111,u121,1,directed
u374,u234,1,directed
u180,u353,1,directed
u310,u121,1,directed
u353,u180,1,directed
u043,u392,1,directed
u085,u387,0.5,undirected
u248,u284,0.5,undirected
u372,u324,0.5,undirected
u380,u335,1,directed
u217,u406,3,directed
u283,u390,1,directed
u289,u304,1,directed
u112,u174,1,directed
u007,u229,1,directed
u277,u081,1,directed
u016,u180,1,directed
u225,u037,3,directed
u274,u018,1,directed
u139,u399,1,directed
u062,u380,1,directed
u276,u355,3,directed
u316,u284,0.5,undirected
u380,u148,1,directed
u019,u295,1,directed
u105,u413,1,directed
u176,u300,0.5,undirected
u341,u036,1,directed
u101,u027,1,directed
u269,u141,3,directed
u159,u337,1,directed
u106,u257,1,directed
u294,u394,1,directed
u289,u162,1,directed
u321,u160,1,directed
u018,u164,0.5,undirected
u179,u214,1,directed
u158,u380,1,directed
u320,u385,1,directed
u217,u346,3,directed
u234,u322,3,directed
u324,u372,3,directed
u288,u007,0.5,undirected
u333,u288,1,directed
u250,u106,1,directed
u293,u081,1,directed
u412,u176,1,directed
u121,u348,1,directed
u008,u111,3,directed
u158,u275,3,directed
u016,u157,0.5,undirected
u052,u381,0.5,undirected
u288,u258,0.5,undirected
u366,u145,3,directed
u356,u349,3,directed
u233,u280,3,directed
u380,u193,0.5,undirected
u265,u320,1,directed
u160,u104,3,directed
u279,u410,1,directed
u157,u018,3,directed
u286,u081,0.5,undirected
u110,u380,1,directed
u039,u007,1,directed
u006,u361,0.5,undirected
u018,u332,1,directed
u197,u069,1,directed
u067,u387,1,directed
u348,u223,1,directed
u043,u081,0.5,undirected
u121,u069,1,directed
u380,u283,1,directed
u119,u007,1,directed
u255,u171,0.5,undirected
u158,u275,0.5,undirected
u293,u270,1,directed
u158,u387,1,directed
u223,u069,1,directed
u069,u176,1,directed
u072,u377,1,directed
u134,u069,1,directed
u018,u225,1,directed
u205,u069,1,directed
u018,u178,1,directed
u160,u202,1,directed
u093,u018,3,directed
u029,u225,1,directed
u176,u089,3,directed
u275,u158,1,directed
u084,u371,0.5,undirected
u409,u018,1,directed
u394,u062,1,directed
u348,u397,3,directed
u038,u058,1,directed
u380,u158,1,directed
u058,u081,3,directed
u276,u299,1,directed
u151,u354,1,directed
u165,u315,0.5,undirected
u216,u250,1,directed
u341,u361,1,directed
u197,u057,3,directed
u058,u141,3,directed
u171,u038,1,directed
u069,u223,1,directed
u070,u233,0.5,undirected
u110,u380,1,directed
u324,u242,0.5,undirected
u171,u016,1,directed
u171,u286,1,directed
u276,u083,1,directed
u288,u039,3,directed
u225,u160,0.5,undirected
u130,u208,1,directed
u074,u318,0.5,undirected
u006,u141,1,directed
u170,u225,1,directed
u121,u378,0.5,undirected
u410,u157,1,directed
u362,u312,3,directed
u279,u082,0.5,undirected
u069,u095,1,directed
u336,u076,1,directed
u141,u201,1,directed
u081,u157,3,directed
u100,u178,1,directed
u410,u251,1,directed
u193,u341,1,directed
u057,u078,1,directed
u155,u032,1,directed
u334,u141,1,directed
u215,u333,0.5,undirected
u145,u234,1,directed
u319,u013,0.5,undirected
u229,u119,0.5,undirected
u309,u245,3,directed
u076,u324,0.5,undirected
u307,u046,1,directed
u239,u141,0.5,undirected
u018,u276,1,directed
u341,u225,3,directed
u350,u111,0.5,undirected
u129,u111,1,directed
u024,u410,0.5,undirected
u160,u225,1,directed
u333,u216,1,directed
u099,u343,1,directed
u356,u069,0.5,undirected
u399,u033,1,directed
u319,u176,1,directed
u354,u007,1,directed
u287,u413,1,directed
u069,u111,3,directed
u396,u121,0.5,undirected
u341,u152,3,directed
u225,u302,0.5,undirected
u315,u136,3,directed
u221,u061,3,directed
u141,u247,1,directed
u171,u043,0.5,undirected
u350,u241,1,directed
u225,u160,1,directed
u069,u008,3,directed
u415,u018,0.5,undirected
u023,u367,1,directed
u136,u094,1,directed
u217,u261,1,directed
u152,u119,1,directed
u255,u081,3,directed
u014,u302,0.5,undirected
u314,u347,1,directed
u176,u069,1,directed
u046,u007,3,directed
u167,u158,1,directed
u027,u233,1,directed
u249,u133,1,directed
u354,u258,0.5,undirected
u348,u111,1,directed
u324,u225,1,directed
u154,u287,1,directed
u134,u111,1,directed
u293,u225,1,directed
u077,u410,1,directed
u266,u139,3,directed
u345,u087,1,directed
u069,u129,0.5,undirected
u119,u333,0.5,undirected
u092,u182,0.5,undirected
u198,u276,1,directed
u036,u160,1,directed
u111,u356,1,directed
u052,u258,0.5,undirected
u158,u018,0.5,undirected
u049,u007,1,directed
u152,u042,1,directed
u078,u181,1,directed
u016,u190,1,directed
u409,u018,3,directed
u029,u092,1,directed
u048,u386,0.5,undirected
u335,u068,1,directed
u180,u368,0.5,undirected
u121,u356,1,directed
u392,u081,1,directed
u069,u018,3,directed
u069,u174,3,directed
u185,u021,1,directed
u101,u287,0.5,undirected
u081,u343,3,directed
u081,u141,1,directed
u384,u010,1,directed
u153,u018,1,directed
u229,u030,3,directed
u293,u225,1,directed
u321,u082,1,directed
u024,u410,0.5,undirected
u250,u216,1,directed
u399,u305,1,directed
u028,u333,1,directed
u081,u007,3,directed
u324,u242,1,directed
u220,u374,1,directed
u034,u200,3,directed
u314,u399,1,directed
u153,u324,1,directed
u069,u372,3,directed
u232,u018,3,directed
u329,u035,1,directed
u069,u335,3,directed
u226,u267,1,directed
u341,u225,0.5,undirected
u007,u163,3,directed
u113,u340,3,directed
u240,u219,1,directed
u254,u200,0.5,undirected
u018,u199,0.5,undirected
u158,u412,1,directed
u043,u113,3,directed
u157,u225,0.5,undirected
u069,u371,0.5,undirected
u250,u354,1,directed
u135,u007,0.5,undirected
u136,u372,1,directed
u288,u040,0.5,undirected
u158,u412,1,directed
u141,u302,0.5,undirected
u081,u141,1,directed
u115,u018,0.5,undirected
u260,u158,1,directed
u363,u158,0.5,undirected
u135,u075,1,directed
u318,u007,1,directed
u158,u204,0.5,undirected
u042,u399,3,directed
u045,u380,1,directed
u171,u410,1,directed
u119,u152,1,directed
u111,u353,0.5,undirected
u335,u133,3,directed
u158,u048,0.5,undirected
u018,u140,0.5,undirected
u257,u324,3,directed
u007,u020,1,directed
u392,u247,3,directed
u341,u225,1,directed
u398,u245,3,directed
u018,u402,1,directed
u101,u236,1,directed
u293,u158,1,directed
u387,u158,1,directed
u141,u297,1,directed
u111,u126,1,directed
u352,u237,1,directed
u148,u012,1,directed
u036,u082,3,directed
u232,u372,1,directed
u411,u203,1,directed
u069,u008,3,directed
u069,u018,0.5,undirected
u031,u387,1,directed
u383,u090,1,directed
u174,u078,3,directed
u355,u372,3,directed
u154,u287,1,directed
u099,u061,1,directed
u098,u018,1,directed
u225,u160,1,directed
u031,u094,1,directed
u032,u049,1,directed
u078,u069,1,directed
u387,u275,1,directed
u354,u288,1,directed
u234,u072,1,directed
u402,u254,0.5,undirected
u014,u152,1,directed
u236,u170,3,directed
u333,u119,1,directed
u318,u333,1,directed
u248,u372,0.5,undirected
u293,u414,0.5,undirected
u018,u001,1,directed
u090,u164,1,directed
u174,u358,1,directed
u018,u090,0.5,undirected
u148,u060,1,directed
u364,u158,3,directed
u393,u028,1,directed
u358,u065,1,directed
u135,u082,1,directed
u394,u232,3,directed
u018,u202,3,directed
u069,u072,1,directed
u119,u288,0.5,undirected
u018,u391,1,directed
u001,u133,1,directed
u223,u069,1,directed
u380,u351,1,directed
u323,u158,3,directed
u018,u019,1,directed
u077,u141,1,directed
u289,u350,1,directed
u352,u121,1,directed
u008,u352,3,directed
u310,u176,3,directed
u250,u007,1,directed
u018,u391,1,directed
u144,u069,1,directed
u293,u162,0.5,undirected
u384,u018,1,directed
u372,u402,1,directed
u018,u198,3,directed
u160,u021,1,directed
u330,u385,0.5,undirected
u158,u380,0.5,undirected
u380,u387,3,directed
u158,u048,1,directed
u026,u286,3,directed
u018,u153,3,directed
u339,u010,0.5,undirected
u264,u198,1,directed
u415,u243,1,directed
u007,u288,1,directed
u078,u118,1,directed
u225,u135,1,directed
u018,u140,1,directed
u027,u340,3,directed
u321,u293,1,directed
u293,u160,0.5,undirected
u140,u232,3,directed
u202,u160,3,directed
u139,u046,1,directed
u112,u069,0.5,undirected
u158,u380,1,directed
u177,u357,0.5,undirected
u302,u293,0.5,undirected
u018,u090,1,directed
u281,u089,1,directed
u008,u270,1,directed
u194,u067,1,directed
u412,u069,1,directed
u135,u225,1,directed
u121,u412,1,directed
u225,u415,3,directed
u119,u288,1,directed
u119,u046,1,directed
u176,u014,0.5,undirected
u166,u367,1,directed
u039,u318,3,directed
u115,u061,0.5,undirected
u007,u354,1,directed
u198,u231,1,directed
u225,u036,0.5,undirected
u158,u204,1,directed
u081,u230,3,directed
u303,u364,1,directed
u225,u325,1,directed
u232,u018,0.5,undirected
u357,u007,1,directed
u333,u007,1,directed
u119,u007,1,directed
u245,u133,3,directed
u093,u123,1,directed
u224,u115,1,directed
u208,u225,1,directed
u064,u007,3,directed
u387,u193,1,directed
u007,u386,1,directed
u016,u251,1,directed
u200,u018,1,directed
u254,u055,1,directed
u275,u335,1,directed
u266,u314,1,directed
u049,u056,1,directed
u251,u158,1,directed
u340,u131,1,directed
u058,u367,1,directed
u234,u133,1,directed
u069,u112,3,directed
u361,u302,0.5,undirected
u069,u075,1,directed
u293,u249,0.5,undirected
u154,u235,1,directed
u089,u111,1,directed
u371,u276,1,directed
u377,u403,1,directed
u380,u158,1,directed
u288,u305,0.5,undirected
u196,u348,1,directed
u158,u380,0.5,undirected
u202,u319,3,directed
u266,u007,1,directed
u341,u225,3,directed
u293,u289,0.5,undirected
u069,u197,1,directed
u248,u169,1,directed
u202,u361,3,directed
u076,u115,1,directed
u273,u289,3,directed
u225,u081,1,directed
u069,u078,3,directed
u100,u200,1,directed
u330,u064,3,directed
u119,u007,1,directed
u119,u014,1,directed
u018,u100,1,directed
u273,u036,1,directed
u025,u374,3,directed
u351,u387,1,directed
u069,u176,1,directed
u163,u081,3,directed
u069,u050,1,directed
u160,u225,1,directed
u152,u007,3,directed
u089,u331,1,directed
u352,u069,3,directed
u364,u158,3,directed
u248,u018,1,directed
u288,u020,1,directed
u168,u225,1,directed
u121,u069,0.5,undirected
u090,u207,0.5,undirected
u315,u026,3,directed
u225,u036,1,directed
u380,u158,1,directed
u075,u302,0.5,undirected
u018,u324,1,directed
u158,u394,1,directed
u007,u108,1,directed
u111,u069,1,directed
u114,u157,1,directed
u387,u085,1,directed
u225,u241,1,directed
u234,u060,0.5,undirected
u249,u182,1,directed
u386,u400,3,directed
u253,u353,3,directed
u412,u009,0.5,undirected
u396,u069,1,directed
u346,u240,1,directed
u119,u302,1,directed
u202,u341,3,directed
u152,u018,3,directed
u324,u136,3,directed
u105,u382,0.5,undirected
u043,u081,1,directed
u160,u225,1,directed
u084,u208,0.5,undirected
u225,u160,3,directed
u387,u249,1,directed
u154,u240,3,directed
u268,u418,1,directed
u198,u242,1,directed
u121,u058,3,directed
u160,u225,1,directed
u289,u135,3,directed
u036,u225,1,directed
u161,u176,3,directed
u341,u160,1,directed
u184,u391,1,directed
u180,u161,1,directed
u046,u354,1,directed
u141,u081,1,directed
u102,u267,1,directed
u225,u020,0.5,undirected
u251,u139,1,directed
u280,u138,1,directed
u097,u288,1,directed
u160,u166,1,directed
u158,u225,1,directed
u289,u341,0.5,undirected
u018,u060,3,directed
u348,u253,1,directed
u014,u030,1,directed
u171,u016,1,directed
u117,u048,0.5,undirected
u146,u192,3,directed
u111,u412,1,directed
u036,u076,3,directed
u007,u052,1,directed
u204,u193,0.5,undirected
u225,u018,3,directed
u343,u077,1,directed
u081,u058,3,directed
u069,u412,1,directed
u339,u200,3,directed
u097,u347,1,directed
u133,u413,1,directed
u333,u216,1,directed
u141,u380,1,directed
u243,u139,1,directed
u137,u200,1,directed
u084,u111,1,directed
u367,u251,1,directed
u098,u388,1,directed
u288,u365,1,directed
u309,u263,1,directed
u171,u157,3,directed
u019,u324,0.5,undirected
u402,u026,1,directed
u052,u399,3,directed
u333,u229,0.5,undirected
u092,u209,3,directed
u101,u249,1,directed
u417,u266,1,directed
u134,u348,1,directed
u008,u078,0.5,undirected
u018,u360,1,directed
u026,u384,0.5,undirected
u229,u250,0.5,undirected
u061,u018,3,directed
u100,u086,1,directed
u081,u171,1,directed
u199,u026,3,directed
u412,u223,1,directed
u333,u046,1,directed
u372,u099,1,directed
u288,u250,1,directed
u018,u010,0.5,undirected
u277,u171,3,directed
u326,u386,1,directed
u007,u052,1,directed
u090,u372,1,directed
u230,u289,1,directed
u268,u045,1,directed
u225,u046,0.5,undirected
u237,u069,0.5,undirected
u018,u372,1,directed
u154,u306,3,directed
u179,u278,1,directed
u288,u359,1,directed
u018,u372,3,directed
u341,u317,1,directed
u018,u123,3,directed
u318,u357,1,directed
u387,u214,1,directed
u319,u289,1,directed
u076,u005,0.5,undirected
u081,u016,0.5,undirected
u069,u128,1,directed
u115,u168,1,directed
u200,u198,1,directed
u396,u121,0.5,undirected
u101,u028,0.5,undirected
u332,u276,1,directed
u282,u117,1,directed
u121,u419,3,directed
u160,u395,0.5,undirected
u018,u339,0.5,undirected
u248,u234,1,directed
u013,u225,0.5,undirected
u215,u068,1,directed
u387,u380,1,directed
u288,u119,0.5,undirected
u172,u202,3,directed
u104,u293,0.5,undirected
u176,u089,1,directed
u018,u324,1,directed
u356,u036,1,directed
u226,u018,3,directed
u294,u148,1,directed
u128,u371,1,directed
u414,u225,1,directed
u231,u018,1,directed
u048,u394,1,directed
u171,u114,3,directed
u405,u042,1,directed
u018,u076,3,directed
u016,u081,3,directed
u288,u108,0.5,undirected
u158,u387,1,directed
u109,u018,3,directed
u245,u058,0.5,undirected
u236,u416,1,directed
u076,u198,1,directed
u141,u063,0.5,undirected
u324,u198,3,directed
u188,u386,1,directed
u139,u039,0.5,undirected
u335,u193,0.5,undirected
u341,u225,0.5,undirected
u212,u016,0.5,undirected
u392,u311,0.5,undirected
u105,u236,1,directed
u018,u123,1,directed
u302,u289,1,directed
u009,u355,3,directed
u212,u121,1,directed
u044,u018,1,directed
u410,u377,0.5,undirected
u100,u369,0.5,undirected
u398,u280,1,directed
u172,u090,3,directed
u410,u255,1,directed
u284,u170,0.5,undirected
u157,u392,1,directed
u119,u039,1,directed
u069,u197,1,directed
u158,u387,1,directed
u348,u090,1,directed
u069,u180,1,directed
u280,u198,1,directed
u279,u318,0.5,undirected
u069,u212,0.5,undirected
u236,u235,1,directed
u209,u341,1,directed
u296,u394,1,directed
u111,u353,3,directed
u177,u152,1,directed
u387,u275,0.5,undirected
u007,u046,3,directed
u119,u333,3,directed
u291,u006,3,directed
u018,u094,3,directed
u159,u070,1,directed
u233,u234,1,directed
u319,u147,0.5,undirected
u046,u059,3,directed
u250,u121,1,directed
u111,u197,1,directed
u340,u116,1,directed
u363,u328,1,directed
u095,u348,3,directed
u016,u081,3,directed
u304,u225,0.5,undirected
u374,u169,3,directed
u391,u018,1,directed
u293,u273,1,directed
u171,u392,1,directed
u114,u007,0.5,undirected
u308,u069,0.5,undirected
u036,u321,0.5,undirected
u098,u140,1,directed
u295,u018,1,directed
u182,u228,1,directed
u051,u250,1,directed
u216,u051,0.5,undirected
u153,u031,3,directed
u087,u014,0.5,undirected
u251,u410,1,directed
u207,u058,0.5,undirected
u362,u309,3,directed
u109,u372,3,directed
u279,u141,3,directed
u048,u158,3,directed
u183,u387,0.5,undirected
u202,u341,3,directed
u384,u200,1,directed
u341,u049,0.5,undirected
u310,u121,1,directed
u302,u225,1,directed
u069,u365,0.5,undirected
u333,u330,1,directed
u058,u410,1,directed
u121,u069,1,directed
u324,u090,3,directed
u051,u007,1,directed
u333,u152,1,directed
u062,u068,1,directed
u251,u264,0.5,undirected
u370,u225,1,directed
u407,u158,3,directed
u236,u133,3,directed
u262,u107,1,directed
u007,u242,0.5,undirected
u369,u324,1,directed
u251,u279,1,directed
u250,u007,1,directed
u333,u324,1,directed
u265,u023,1,directed
u115,u109,3,directed
u245,u324,3,directed
u289,u225,3,directed
u082,u395,3,directed
u046,u151,1,directed
u321,u293,0.5,undirected
u171,u392,1,directed
u312,u393,3,directed
u119,u007,0.5,undirected
u039,u119,3,directed
u228,u028,0.5,undirected
u324,u380,0.5,undirected
u081,u016,0.5,undirected
u121,u069,3,directed
u081,u367,0.5,undirected
u043,u073,0.5,undirected
u007,u288,1,directed
u267,u073,0.5,undirected
u021,u225,1,directed
u090,u018,1,directed
u210,u069,3,directed
u214,u039,1,directed
u016,u286,1,directed
u007,u051,1,directed
u398,u070,1,directed
u359,u119,1,directed
u021,u225,1,directed
u049,u250,3,directed
u119,u080,0.5,undirected
u216,u229,1,directed
u043,u392,1,directed
u146,u069,0.5,undirected
u101,u290,0.5,undirected
u125,u139,1,directed
u190,u141,1,directed
u018,u324,1,directed
u185,u225,3,directed
u361,u393,1,directed
u160,u225,3,directed
u081,u209,1,directed
u018,u333,1,directed
u212,u185,0.5,undirected
u081,u367,1,directed
u225,u415,1,directed
u214,u007,1,directed
u171,u081,3,directed
u352,u111,1,directed
u160,u341,3,directed
u018,u402,3,directed
u255,u171,3,directed
u003,u018,1,directed
u141,u396,1,directed
u160,u069,1,directed
u332,u018,1,directed
u371,u050,3,directed
u250,u410,1,directed
u249,u234,0.5,undirected
u289,u225,1,directed
u181,u293,0.5,undirected
u310,u008,1,directed
u018,u061,0.5,undirected
u377,u212,3,directed
u043,u171,3,directed
u193,u110,3,directed
u225,u319,0.5,undirected
u058,u279,1,directed
u175,u242,1,directed
u158,u387,3,directed
u018,u198,1,directed
u164,u372,1,directed
u250,u040,1,directed
u214,u216,0.5,undirected
u101,u133,0.5,undirected
u069,u051,1,directed
u356,u223,3,directed
u156,u225,1,directed
u418,u410,1,directed
u382,u076,1,directed
u139,u119,1,directed
u007,u359,1,directed
u005,u018,3,directed
u289,u293,1,directed
u225,u033,0.5,undirected
u081,u277,1,directed
u269,u081,1,directed
u372,u046,1,directed
u265,u041,1,directed
u115,u021,1,directed
u155,u152,3,directed
u131,u387,1,directed
u018,u061,1,directed
u380,u386,1,directed
u225,u135,0.5,undirected
u290,u393,0.5,undirected
u413,u248,3,directed
u100,u198,1,directed
u274,u115,0.5,undirected
u414,u132,3,directed
u353,u212,1,directed
u216,u026,0.5,undirected
u355,u323,0.5,undirected
u159,u025,0.5,undirected
u069,u111,1,directed
u069,u196,0.5,undirected
u284,u393,3,directed
u251,u114,1,directed
u141,u035,3,directed
u386,u158,3,directed
u158,u387,0.5,undirected
u302,u293,0.5,undirected
u372,u391,3,directed
u114,u141,1,directed
u395,u293,1,directed
u064,u313,3,directed
u265,u141,1,directed
u292,u099,0.5,undirected
u317,u081,0.5,undirected
u360,u181,0.5,undirected
u233,u101,0.5,undirected
u157,u274,1,directed
u392,u081,1,directed
u380,u068,1,directed
u289,u225,1,directed
u081,u384,1,directed
u071,u233,1,directed
u069,u146,0.5,undirected
u121,u022,0.5,undirected
u333,u250,1,directed
u105,u133,1,directed
u317,u150,1,directed
u141,u367,0.5,undirected
u263,u127,0.5,undirected
u016,u081,0.5,undirected
u048,u380,1,directed
u156,u225,1,directed
u121,u237,0.5,undirected
u136,u140,3,directed
u322,u245,1,directed
u299,u031,1,directed
u158,u048,1,directed
u007,u106,1,directed
u147,u158,0.5,undirected
u413,u398,1,directed
u158,u380,0.5,undirected
u158,u171,1,directed
u018,u226,1,directed
u028,u216,1,directed
u274,u372,3,directed
u185,u225,3,directed
u111,u396,1,directed
u348,u069,1,directed
u288,u333,1,directed
u090,u242,3,directed
u121,u310,3,directed
u250,u049,3,directed
u237,u086,3,directed
u105,u139,3,directed
u293,u160,1,directed
u232,u018,1,directed
u086,u341,1,directed
u225,u386,1,directed
u110,u048,1,directed
u338,u396,1,directed
u101,u245,3,directed
u152,u052,3,directed
u121,u348,1,directed
u257,u242,3,directed
u236,u393,1,directed
u158,u380,3,directed
u081,u188,3,directed
u155,u333,1,directed
u055,u018,1,directed
u107,u018,3,directed
u163,u007,1,directed
u208,u378,3,directed
u007,u040,1,directed
u121,u069,1,directed
u410,u081,1,directed
u018,u410,1,directed
u081,u069,1,directed
u081,u383,1,directed
u158,u045,3,directed
u141,u171,1,directed
u171,u157,3,directed
u133,u096,1,directed
u043,u255,1,directed
u167,u324,1,directed
u187,u356,3,directed
u250,u337,0.5,undirected
u164,u134,1,directed
u153,u242,1,directed
u145,u233,1,directed
u225,u160,0.5,undirected
u230,u169,1,directed
u330,u343,1,directed
u158,u387,1,directed
u007,u177,1,directed
u105,u018,3,directed
u325,u225,3,directed
u018,u036,3,directed
u085,u394,0.5,undirected
u171,u251,0.5,undirected
u047,u333,0.5,undirected
u151,u314,0.5,undirected
u225,u161,3,directed
u204,u338,0.5,undirected
u076,u250,0.5,undirected
u018,u372,0.5,undirected
u190,u171,1,directed
u372,u242,1,directed
u332,u252,3,directed
u152,u314,3,directed
u090,u018,1,directed
u039,u216,0.5,undirected
u051,u250,1,directed
u022,u015,1,directed
u070,u225,1,directed
u302,u185,1,directed
u346,u001,1,directed
u166,u036,1,directed
u307,u139,1,directed
u250,u059,3,directed
u250,u022,0.5,undirected
u288,u347,1,directed
u386,u158,1,directed
u202,u225,1,directed
u018,u324,1,directed
u211,u413,1,directed
u360,u170,0.5,undirected
u087,u202,3,directed
u065,u095,3,directed
u260,u282,3,directed
u167,u048,1,directed
u059,u106,1,directed
u069,u128,3,directed
u135,u251,1,directed
u129,u134,0.5,undirected
u158,u407,0.5,undirected
u335,u158,1,directed
u046,u040,1,directed
u359,u007,0.5,undirected
u069,u371,0.5,undirected
u018,u005,0.5,undirected
u372,u257,1,directed
u152,u250,1,directed
u027,u233,1,directed
u362,u071,1,directed
u016,u277,3,directed
u064,u399,3,directed
u225,u350,1,directed
u333,u354,1,directed
u225,u341,1,directed
u113,u081,1,directed
u081,u056,1,directed
u340,u386,3,directed
u131,u158,3,directed
u201,u160,1,directed
u367,u264,0.5,undirected
u237,u011,3,directed
u083,u354,1,directed
u007,u387,1,directed
u018,u332,1,directed
u225,u341,3,directed
u115,u018,1,directed
u387,u197,1,directed
u355,u018,1,directed
u324,u187,1,directed
u176,u375,1,directed
u221,u086,0.5,undirected
u396,u192,0.5,undirected
u069,u008,1,directed
u122,u018,1,directed
u332,u390,1,directed
u272,u069,1,directed
u133,u220,1,directed
u277,u016,1,directed
u233,u240,1,directed
u392,u277,1,directed
u111,u375,1,directed
u122,u098,1,directed
u137,u232,3,directed
u209,u036,1,directed
u160,u225,1,directed
u324,u232,0.5,undirected
u370,u225,0.5,undirected
u158,u323,1,directed
u234,u096,1,directed
u235,u088,3,directed
u081,u016,1,directed
u321,u410,3,directed
u081,u367,0.5,undirected
u374,u353,1,directed
u090,u109,0.5,undirected
u152,u018,1,directed
u121,u356,1,directed
u264,u058,3,directed
u171,u297,3,directed
u251,u113,1,directed
u070,u284,1,directed
u105,u380,3,directed
u023,u081,1,directed
u018,u176,0.5,undirected
u220,u120,1,directed
u148,u340,3,directed
u212,u161,1,directed
u288,u307,1,directed
u392,u035,1,directed
u229,u297,1,directed
u119,u205,1,directed
u411,u141,1,directed
u069,u125,0.5,undirected
u212,u412,1,directed
u280,u081,1,directed
u367,u077,1,directed
u380,u282,1,directed
u333,u314,3,directed
u198,u158,1,directed
u161,u141,0.5,undirected
u236,u362,3,directed
u160,u360,1,directed
u372,u136,0.5,undirected
u042,u333,0.5,undirected
u222,u029,3,directed
u249,u393,3,directed
u392,u255,3,directed
u321,u225,0.5,undirected
u046,u007,1,directed
u348,u069,1,directed
u335,u060,1,directed
u018,u232,0.5,undirected
u232,u175,1,directed
u081,u345,1,directed
u160,u156,3,directed
u333,u288,3,directed
u171,u006,1,directed
u111,u069,0.5,undirected
u216,u347,3,directed
u377,u120,1,directed
u386,u394,1,directed
u341,u293,1,directed
u158,u057,3,directed
u011,u337,1,directed
u206,u171,0.5,undirected
u003,u391,1,directed
u200,u385,1,directed
u103,u018,1,directed
u131,u275,3,directed
u052,u288,3,directed
u392,u206,3,directed
u287,u366,1,directed
u293,u317,1,directed
u208,u084,3,directed
u380,u060,3,directed
u123,u018,1,directed
u348,u009,0.5,undirected
u090,u018,1,directed
u111,u161,1,directed
u081,u318,3,directed
u064,u216,1,directed
u050,u134,3,directed
u320,u410,1,directed
u051,u177,1,directed
u105,u069,1,directed
u198,u061,3,directed
u158,u296,1,directed
u255,u259,1,directed
u380,u183,1,directed
u147,u323,1,directed
u252,u018,1,directed
u250,u171,1,directed
u165,u065,3,directed
u289,u225,3,directed
u069,u128,0.5,undirected
u333,u305,1,directed
u075,u293,1,directed
u160,u319,1,directed
u276,u274,0.5,undirected
u158,u323,1,directed
u266,u250,1,directed
u367,u081,1,directed
u332,u090,1,directed
u357,u152,3,directed
u382,u276,3,directed
u050,u371,3,directed
u321,u289,1,directed
u100,u267,1,directed
u418,u392,1,directed
u237,u069,0.5,undirected
u073,u320,1,directed
u158,u380,1,directed
u067,u158,0.5,undirected
u288,u333,1,directed
u233,u028,0.5,undirected
u171,u333,0.5,undirected
u288,u056,1,directed
u367,u171,1,directed
u069,u225,1,directed
u160,u225,1,directed
u313,u216,3,directed
u090,u282,0.5,undirected
u336,u098,1,directed
u040,u016,1,directed
u193,u158,1,directed
u261,u287,0.5,undirected
u123,u252,1,directed
u289,u415,1,directed
u016,u376,0.5,undirected
u209,u150,1,directed
u232,u198,0.5,undirected
u386,u158,1,directed
u204,u068,1,directed
u046,u119,0.5,undirected
u314,u046,3,directed
u105,u398,1,directed
u008,u072,3,directed
u036,u225,3,directed
u121,u412,1,directed
u244,u234,1,directed
u082,u341,1,directed
u141,u024,1,directed
u018,u393,3,directed
u328,u071,0.5,undirected
u018,u367,0.5,undirected
u153,u404,1,directed
u176,u333,1,directed
u254,u270,1,directed
u069,u072,1,directed
u316,u326,0.5,undirected
u268,u406,1,directed
u090,u384,1,directed
u031,u090,0.5,undirected
u236,u316,3,directed
u111,u158,0.5,undirected
u396,u412,1,directed
u387,u158,3,directed
u380,u275,3,directed
u257,u200,3,directed
u002,u259,3,directed
u158,u068,1,directed
u160,u360,3,directed
u290,u236,0.5,undirected
u081,u113,1,directed
u274,u153,3,directed
u013,u160,1,directed
u016,u230,3,directed
u412,u396,1,directed
u076,u069,0.5,undirected
u376,u410,1,directed
u088,u326,1,directed
u380,u260,3,directed
u125,u139,0.5,undirected
u060,u380,0.5,undirected
u156,u293,1,directed
u061,u100,1,directed
u072,u403,1,directed
u293,u036,0.5,undirected
u170,u412,0.5,undirected
u018,u256,0.5,undirected
u386,u048,1,directed
u126,u016,3,directed
u202,u225,1,directed
u158,u194,1,directed
u008,u069,0.5,undirected
u139,u313,1,directed
u081,u410,1,directed
u330,u016,3,directed
u043,u077,0.5,undirected
u260,u158,1,directed
u225,u135,1,directed
u234,u133,1,directed
u272,u121,1,directed
u293,u150,1,directed
u320,u158,3,directed
u158,u229,1,directed
u016,u126,1,directed
u121,u072,1,directed
u251,u392,1,directed
u069,u377,1,directed
u140,u099,0.5,undirected
u380,u158,1,directed
u007,u365,3,directed
u069,u412,3,directed
u287,u346,3,directed
u111,u095,1,directed
u090,u018,1,directed
u018,u115,1,directed
u245,u018,1,directed
u018,u367,1,directed
u069,u129,1,directed
u324,u061,0.5,undirected
u225,u341,0.5,undirected
u236,u200,1,directed
u371,u065,0.5,undirected
u200,u040,1,directed
u410,u171,3,directed
u356,u111,1,directed
u030,u046,1,directed
u018,u158,3,directed
u384,u018,0.5,undirected
u057,u192,1,directed
u112,u069,1,directed
u246,u375,3,directed
u115,u018,3,directed
u184,u093,1,directed
u045,u158,1,directed
u295,u131,1,directed
u167,u158,1,directed
u069,u403,1,directed
u249,u016,1,directed
u339,u061,1,directed
u171,u141,1,directed
u097,u288,3,directed
u220,u309,1,directed
u349,u352,1,directed
u131,u077,1,directed
u152,u258,1,directed
u394,u148,1,directed
u018,u198,1,directed
u250,u007,0.5,undirected
u289,u225,1,directed
u115,u339,3,directed
u018,u299,1,directed
u205,u200,1,directed
u216,u052,3,directed
u255,u081,1,directed
u375,u348,3,directed
u201,u173,3,directed
u018,u115,1,directed
u413,u044,1,directed
u048,u117,1,directed
u236,u025,1,directed
u076,u115,1,directed
u016,u141,1,directed
u287,u134,1,directed
u149,u081,1,directed
u034,u119,1,directed
u412,u112,0.5,undirected
u069,u212,0.5,undirected
u160,u225,1,directed
u072,u103,1,directed
u202,u225,1,directed
u410,u035,0.5,undirected
u214,u399,1,directed
u380,u387,1,directed
u371,u174,3,directed
u134,u069,1,directed
u158,u188,1,directed
u324,u076,3,directed
u392,u150,1,directed
u384,u217,1,directed
u365,u319,1,directed
u280,u025,0.5,undirected
u171,u203,1,directed
u225,u304,0.5,undirected
u160,u225,3,directed
u396,u008,1,directed
u081,u277,0.5,undirected
u280,u290,3,directed
u098,u187,1,directed
u225,u302,3,directed
u166,u289,1,directed
u380,u364,1,directed
u024,u043,3,directed
u101,u133,3,directed
u055,u336,1,directed
u293,u160,3,directed
u317,u018,1,directed
u160,u225,3,directed
u275,u380,1,directed
u225,u293,3,directed
u069,u008,1,directed
u328,u366,1,directed
u127,u280,0.5,undirected
u069,u134,3,directed
u392,u158,3,directed
u018,u038,1,directed
u018,u324,1,directed
u366,u234,1,directed
u231,u200,1,directed
u135,u225,3,directed
u408,u236,1,directed
u200,u018,1,directed
u119,u258,1,directed
u054,u041,1,directed
u289,u162,1,directed
u202,u225,3,directed
u197,u225,1,directed
u171,u141,1,directed
u169,u127,3,directed
u367,u193,1,directed
u272,u419,0.5,undirected
u191,u412,1,directed
u018,u098,1,directed
u168,u136,3,directed
u019,u018,0.5,undirected
u033,u007,1,directed
u018,u332,3,directed
u406,u311,1,directed
u158,u380,1,directed
u286,u141,1,directed
u263,u236,1,directed
u353,u237,1,directed
u356,u191,3,directed
u333,u125,1,directed
u324,u018,1,directed
u002,u212,3,directed
u018,u384,0.5,undirected
u284,u416,1,directed
u413,u290,3,directed
u031,u069,3,directed
u018,u081,3,directed
u414,u360,1,directed
u333,u046,0.5,undirected
u123,u018,1,directed
u022,u243,0.5,undirected
u248,u217,1,directed
u334,u202,1,directed
u128,u197,1,directed
u090,u229,1,directed
u136,u372,0.5,undirected
u189,u251,3,directed
u069,u348,1,directed
u119,u152,3,directed
u121,u084,3,directed
u243,u340,1,directed
u018,u178,1,directed
u221,u018,1,directed
u146,u112,3,directed
u081,u058,0.5,undirected
u152,u059,1,directed
u387,u183,1,directed
u069,u111,0.5,undirected
u008,u095,3,directed
u332,u010,1,directed
u036,u414,1,directed
u160,u166,3,directed
u069,u353,1,directed
u119,u049,1,directed
u386,u165,3,directed
u299,u292,0.5,undirected
u058,u054,1,directed
u125,u381,1,directed
u375,u259,1,directed
u415,u202,3,directed
u117,u110,1,directed
u096,u362,1,directed
u278,u205,0.5,undirected
u044,u047,0.5,undirected
u240,u416,1,directed
u319,u081,1,directed
u396,u069,1,directed
u003,u184,1,directed
u018,u124,0.5,undirected
u161,u284,1,directed
u043,u171,3,directed
u225,u328,3,directed
u392,u286,1,directed
u356,u118,1,directed
u081,u069,1,directed
u387,u195,1,directed
u083,u262,1,directed
u053,u219,0.5,undirected
u001,u248,0.5,undirected
u380,u158,1,directed
u115,u012,1,directed
u304,u225,1,directed
u004,u135,0.5,undirected
u147,u068,1,directed
u160,u166,3,directed
u332,u390,1,directed
u275,u158,0.5,undirected
u225,u360,1,directed
u288,u152,1,directed
u160,u225,1,directed
u242,u018,0.5,undirected
u072,u069,1,directed
u180,u398,1,directed
u260,u204,1,directed
u128,u095,1,directed
u136,u184,1,directed
u354,u163,1,directed
u396,u259,1,directed
u244,u027,1,directed
u289,u225,3,directed
u324,u198,1,directed
u141,u077,0.5,undirected
u202,u225,3,directed
u275,u298,3,directed
u069,u093,1,directed
u131,u111,1,directed
u340,u204,3,directed
u290,u280,1,directed
u018,u153,0.5,undirected
u106,u007,3,directed
u044,u093,3,directed
u211,u346,1,directed
u163,u007,1,directed
u133,u233,0.5,undirected
u205,u152,0.5,undirected
u333,u042,3,directed
u175,u019,1,directed
u186,u255,1,directed
u092,u036,1,directed
u081,u268,3,directed
u018,u175,1,directed
u014,u250,1,directed
u176,u069,1,directed
u055,u299,1,directed
u182,u416,1,directed
u008,u338,0.5,undirected
u028,u105,1,directed
u007,u333,0.5,undirected
u007,u323,1,directed
u286,u058,1,directed
u136,u061,0.5,undirected
u302,u069,1,directed
u400,u380,0.5,undirected
u272,u203,1,directed
u324,u018,3,directed
u412,u069,1,directed
u101,u053,1,directed
u363,u064,1,directed
u181,u018,1,directed
u073,u010,1,directed
u150,u004,0.5,undirected
u031,u332,0.5,undirected
u225,u293,3,directed
u319,u225,1,directed
u081,u056,0.5,undirected
u000,u309,1,directed
u419,u069,1,directed
u236,u154,1,directed
u248,u053,3,directed
u135,u225,1,directed
u018,u107,3,directed
u015,u216,0.5,undirected
u324,u390,3,directed
u083,u382,1,directed
u254,u061,0.5,undirected
u341,u121,1,directed
u225,u269,1,directed
u007,u402,3,directed
u203,u035,3,directed
u367,u251,1,directed
u178,u123,3,directed
u069,u115,1,directed
u018,u223,0.5,undirected
u044,u018,1,directed
u298,u394,0.5,undirected
u125,u333,1,directed
u344,u353,0.5,undirected
u221,u018,3,directed
u340,u387,0.5,undirected
u243,u165,0.5,undirected
u135,u341,3,directed
u069,u403,3,directed
u377,u396,1,directed
u011,u234,1,directed
u020,u216,3,directed
u101,u332,1,directed
u052,u007,1,directed
u225,u319,1,directed
u069,u112,1,directed
u134,u353,1,directed
u251,u077,1,directed
u381,u319,1,directed
u231,u180,3,directed
u290,u236,1,directed
u221,u184,3,directed
u256,u112,1,directed
u242,u076,1,directed
u018,u136,1,directed
u231,u402,1,directed
u380,u282,1,directed
u386,u118,1,directed
u324,u175,1,directed
u077,u418,1,directed
u370,u341,1,directed
u238,u219,1,directed
u152,u288,1,directed
u027,u374,1,directed
u293,u317,1,directed
u396,u111,1,directed
u394,u158,1,directed
u171,u058,1,directed
u035,u171,3,directed
u158,u380,1,directed
u052,u042,1,directed
u364,u167,0.5,undirected
u018,u093,3,directed
u276,u324,1,directed
u280,u220,3,directed
u114,u277,1,directed
u007,u033,1,directed
u028,u154,1,directed
u380,u387,1,directed
u069,u237,1,directed
u301,u081,3,directed
u345,u125,3,directed
u176,u121,1,directed
u235,u169,1,directed
u046,u167,1,directed
u212,u069,0.5,undirected
u216,u100,1,directed
u219,u366,1,directed
u236,u233,1,directed
u016,u279,1,directed
u392,u023,0.5,undirected
u158,u282,3,directed
u094,u324,1,directed
u080,u152,1,directed
u069,u095,0.5,undirected
u157,u242,1,directed
u018,u115,1,directed
u171,u277,1,directed
u387,u158,1,directed
u233,u211,1,directed
u008,u069,3,directed
u290,u393,3,directed
u108,u233,3,directed
u188,u293,0.5,undirected
u063,u016,1,directed
u026,u339,1,directed
u018,u175,0.5,undirected
u103,u225,3,directed
u213,u419,1,directed
u324,u018,1,directed
u046,u318,1,directed
u245,u018,0.5,undirected
u217,u027,3,directed
u387,u275,1,directed
u214,u163,3,directed
u313,u288,1,directed
u380,u158,1,directed
u069,u072,3,directed
u134,u111,0.5,undirected
u039,u225,1,directed
u246,u176,1,directed
u387,u380,1,directed
u128,u176,3,directed
u061,u164,1,directed
u018,u093,1,directed
u331,u223,1,directed
u111,u119,3,directed
u115,u336,1,directed
u213,u069,0.5,undirected
u111,u089,0.5,undirected
u396,u225,1,directed
u018,u393,3,directed
u275,u386,0.5,undirected
u081,u171,1,directed
u121,u331,1,directed
u409,u018,1,directed
u099,u018,3,directed
u225,u135,1,directed
u000,u142,1,directed
u235,u105,1,directed
u171,u081,3,directed
u020,u413,1,directed
u171,u043,3,directed
u092,u302,1,directed
u057,u018,1,directed
u286,u171,1,directed
u187,u140,1,directed
u018,u372,0.5,undirected
u123,u099,1,directed
u288,u216,1,directed
u101,u182,1,directed
u281,u348,1,directed
u277,u016,3,directed
u018,u379,1,directed
u048,u158,1,directed
u356,u338,1,directed
u250,u051,1,directed
u398,u070,1,directed
u251,u247,0.5,undirected
u376,u329,1,directed
u372,u018,3,directed
u279,u251,1,directed
u324,u385,3,directed
u346,u228,1,directed
u396,u069,0.5,undirected
u018,u396,1,directed
u062,u277,3,directed
u106,u243,3,directed
u341,u293,1,directed
u016,u410,1,directed
u018,u026,1,directed
u023,u056,1,directed
u289,u132,1,directed
u030,u359,0.5,undirected
u225,u185,1,directed
u324,u254,1,directed
u145,u234,1,directed
u141,u081,3,directed
u323,u260,1,directed
u116,u018,0.5,undirected
u403,u018,3,directed
u410,u418,0.5,undirected
u016,u141,0.5,undirected
u018,u324,0.5,undirected
u152,u119,1,directed
u119,u051,1,directed
u158,u380,1,directed
u119,u345,1,directed
u225,u235,0.5,undirected
u153,u115,1,directed
u318,u399,1,directed
u105,u236,1,directed
u018,u052,3,directed
u069,u111,1,directed
u070,u280,0.5,undirected
u197,u069,1,directed
u378,u352,1,directed
u221,u276,3,directed
u319,u111,3,directed
u018,u187,3,directed
u289,u265,3,directed
u093,u044,1,directed
u141,u081,0.5,undirected
u233,u240,1,directed
u101,u228,1,directed
u089,u009,1,directed
u259,u111,1,directed
u154,u028,0.5,undirected
u359,u333,0.5,undirected
u045,u158,0.5,undirected
u090,u122,1,directed
u171,u126,1,directed
u089,u144,1,directed
u069,u223,1,directed
u077,u141,1,directed
u231,u116,1,directed
u279,u412,1,directed
u275,u380,1,directed
u322,u071,3,directed
u333,u399,1,directed
u135,u225,1,directed
u376,u356,0.5,undirected
u293,u160,0.5,undirected
u052,u308,3,directed
u145,u225,3,directed
u100,u018,0.5,undirected
u200,u018,3,directed
u341,u285,0.5,undirected
u128,u397,3,directed
u388,u289,3,directed
u131,u340,3,directed
u316,u101,1,directed
u250,u333,1,directed
u341,u132,1,directed
u018,u384,1,directed
u313,u152,1,directed
u014,u216,0.5,undirected
u185,u077,0.5,undirected
u158,u068,0.5,undirected
u168,u280,1,directed
u092,u150,1,directed
u069,u396,1,directed
u356,u377,1,directed
u135,u317,1,directed
u244,u245,1,directed
u117,u325,0.5,undirected
u131,u204,3,directed
u333,u139,1,directed
u341,u225,1,directed
u333,u007,0.5,undirected
u196,u130,3,directed
u278,u059,3,directed
u093,u018,1,directed
u007,u288,1,directed
u090,u232,1,directed
u187,u090,1,directed
u021,u366,3,directed
u254,u242,1,directed
u265,u141,1,directed
u146,u356,1,directed
u022,u288,1,directed
u055,u018,1,directed
u353,u198,1,directed
u018,u324,1,directed
u225,u293,3,directed
u160,u341,3,directed
u225,u293,0.5,undirected
u148,u323,1,directed
u250,u354,1,directed
u212,u180,1,directed
u343,u279,0.5,undirected
u133,u245,3,directed
u408,u051,1,directed
u413,u366,3,directed
u117,u158,3,directed
u251,u081,1,directed
u310,u111,1,directed
u380,u158,1,directed
u007,u354,1,directed
u018,u026,1,directed
u330,u288,1,directed
u286,u081,1,directed
u246,u111,1,directed
u314,u225,1,directed
u080,u007,1,directed
u406,u176,1,directed
u210,u333,1,directed
u154,u244,0.5,undirected
u255,u171,1,directed
u148,u387,3,directed
u225,u082,0.5,undirected
u253,u397,1,directed
u225,u037,1,directed
u324,u090,0.5,undirected
u409,u061,0.5,undirected
u142,u027,3,directed
u234,u145,1,directed
u069,u072,1,directed
u069,u057,0.5,undirected
u016,u343,1,directed
u138,u413,1,directed
u037,u360,1,directed
u036,u004,3,directed
u169,u284,1,directed
u031,u092,1,directed
u142,u234,1,directed
u184,u324,0.5,undirected
u372,u018,0.5,undirected
u044,u018,1,directed
u076,u324,0.5,undirected
u273,u341,1,directed
u320,u115,1,directed
u101,u028,1,directed
u333,u022,1,directed
u085,u176,1,directed
u303,u386,1,directed
u412,u128,1,directed
u324,u076,3,directed
u257,u018,1,directed
u158,u380,1,directed
u119,u288,1,directed
u350,u135,3,directed
u067,u359,3,directed
u330,u308,1,directed
u240,u284,1,directed
u123,u232,0.5,undirected
u119,u022,1,directed
u158,u110,1,directed
u101,u393,1,directed
u121,u069,1,directed
u007,u152,0.5,undirected
u302,u202,1,directed
u321,u366,1,directed
u283,u024,0.5,undirected
u280,u105,1,directed
u225,u160,1,directed
u369,u198,0.5,undirected
u160,u395,0.5,undirected
u341,u160,0.5,undirected
u293,u225,1,directed
u354,u288,1,directed
u171,u392,0.5,undirected
u115,u232,1,directed
u198,u324,1,directed
u270,u069,1,directed
u230,u141,3,directed
u402,u018,3,directed
u335,u158,1,directed
u018,u200,1,directed
u242,u018,0.5,undirected
u092,u319,1,directed
u141,u058,1,directed
u142,u101,0.5,undirected
u310,u069,1,directed
u297,u333,1,directed
u112,u111,1,directed
u407,u063,1,directed
u108,u030,1,directed
u152,u354,1,directed
u025,u393,3,directed
u032,u007,3,directed
u225,u004,1,directed
u333,u007,3,directed
u090,u018,1,directed
u276,u402,3,directed
u324,u083,1,directed
u263,u009,1,directed
u380,u091,1,directed
u028,u245,0.5,undirected
u323,u158,0.5,undirected
u101,u145,1,directed
u289,u273,1,directed
u239,u063,1,directed
u221,u131,3,directed
u066,u128,0.5,undirected
u014,u214,0.5,undirected
u225,u202,0.5,undirected
u155,u288,1,directed
u223,u069,1,directed
u081,u018,1,directed
u293,u092,0.5,undirected
u119,u007,1,directed
u049,u250,1,directed
u341,u013,3,directed
u016,u171,1,directed
u332,u175,3,directed
u069,u403,0.5,undirected
u018,u419,1,directed
u355,u209,3,directed
u200,u379,1,directed
u269,u081,1,directed
u340,u333,0.5,undirected
u411,u171,1,directed
u038,u016,1,directed
u158,u323,1,directed
u243,u119,1,directed
u096,u128,0.5,undirected
u214,u119,0.5,undirected
u277,u018,3,directed
u354,u297,0.5,undirected
u158,u387,0.5,undirected
u412,u353,1,directed
u064,u087,1,directed
u018,u122,0.5,undirected
u111,u165,3,directed
u269,u325,1,directed
u083,u200,1,directed
u283,u158,0.5,undirected
u160,u029,1,directed
u160,u008,3,directed
u299,u107,1,directed
u187,u324,1,directed
u105,u225,0.5,undirected
u163,u046,1,directed
u354,u409,1,directed
u132,u289,0.5,undirected
u171,u311,3,directed
u212,u069,1,directed
u277,u035,1,directed
u069,u112,1,directed
u089,u403,1,directed
u251,u189,1,directed
u105,u408,1,directed
u370,u082,3,directed
u124,u276,1,directed
u318,u046,3,directed
u372,u382,1,directed
u145,u322,3,directed
u353,u078,1,directed
u225,u160,1,directed
u160,u225,1,directed
u135,u225,0.5,undirected
u158,u380,3,directed
u356,u245,0.5,undirected
u178,u116,0.5,undirected
u212,u069,0.5,undirected
u288,u333,3,directed
u256,u081,1,directed
u354,u187,1,directed
u232,u242,3,directed
u036,u225,0.5,undirected
u323,u148,0.5,undirected
u277,u058,1,directed
u081,u367,1,directed
u160,u319,3,directed
u233,u236,3,directed
u225,u319,1,directed
u087,u210,1,directed
u158,u389,1,directed
u046,u370,3,directed
u358,u161,1,directed
u151,u205,0.5,undirected
u107,u321,1,directed
u164,u372,1,directed
u129,u121,1,directed
u394,u380,1,directed
u040,u305,1,directed
u387,u340,0.5,undirected
u198,u086,3,directed
u325,u225,1,directed
u276,u018,1,directed
u123,u093,1,directed
u035,u141,0.5,undirected
u268,u353,3,directed
u354,u405,0.5,undirected
u250,u216,3,directed
u216,u333,0.5,undirected
u416,u337,1,directed
u367,u016,1,directed
u073,u018,3,directed
u016,u081,1,directed
u341,u380,0.5,undirected
u046,u119,0.5,undirected
u208,u412,1,directed
u165,u412,1,directed
u069,u348,1,directed
u069,u129,3,directed
u341,u317,3,directed
u043,u058,1,directed
u035,u319,1,directed
u275,u380,1,directed
u341,u323,1,directed
u172,u415,0.5,undirected
u006,u012,1,directed
u068,u380,0.5,undirected
u330,u229,1,directed
u242,u184,0.5,undirected
u348,u095,1,directed
u234,u236,1,directed
u141,u287,3,directed
u160,u044,3,directed
u243,u125,0.5,undirected
u321,u325,1,directed
u181,u150,3,directed
u279,u410,1,directed
u113,u251,0.5,undirected
u229,u222,1,directed
u387,u048,1,directed
u247,u336,3,directed
u013,u341,1,directed
u394,u012,1,directed
u141,u329,1,directed
u018,u372,0.5,undirected
u176,u197,1,directed
u410,u141,1,directed
u262,u187,1,directed
u344,u084,0.5,undirected
u210,u015,1,directed
u032,u333,1,directed
u333,u007,0.5,undirected
u007,u214,1,directed
u241,u293,1,directed
u016,u058,0.5,undirected
u324,u018,1,directed
u072,u111,1,directed
u076,u031,0.5,undirected
u093,u018,0.5,undirected
u141,u082,0.5,undirected
u251,u265,1,directed
u196,u192,3,directed
u301,u058,1,directed
u389,u400,1,directed
u333,u229,1,directed
u205,u288,0.5,undirected
u095,u121,1,directed
u324,u200,1,directed
u278,u039,1,directed
u052,u216,1,directed
u018,u339,1,directed
u095,u043,0.5,undirected
u018,u083,1,directed
u119,u181,1,directed
u069,u380,0.5,undirected
u008,u069,3,directed
u135,u209,1,directed
u225,u032,1,directed
u234,u366,1,directed
u091,u202,1,directed
u208,u371,1,directed
u018,u052,1,directed
u018,u076,3,directed
u108,u139,0.5,undirected
u176,u348,1,directed
u045,u147,1,directed
u198,u367,1,directed
u069,u302,1,directed
u082,u302,0.5,undirected
u158,u257,3,directed
u018,u187,3,directed
u041,u255,0.5,undirected
u157,u392,1,directed
u416,u248,1,directed
u041,u081,1,directed
u016,u392,1,directed
u258,u357,1,directed
u332,u018,0.5,undirected
u069,u340,1,directed
u225,u258,0.5,undirected
u387,u294,1,directed
u225,u018,3,directed
u111,u176,1,directed
u364,u048,1,directed
u221,u018,1,directed
u069,u018,3,directed
u212,u018,0.5,undirected
u366,u233,3,directed
u392,u141,1,directed
u323,u158,0.5,undirected
u400,u380,1,directed
u016,u023,3,directed
u069,u300,1,directed
u116,u369,3,directed
u069,u356,1,directed
u230,u171,3,directed
u163,u250,3,directed
u139,u020,1,directed
u073,u140,1,directed
u389,u067,3,directed
u007,u014,1,directed
u396,u130,3,directed
u044,u307,1,directed
u174,u212,1,directed
u158,u386,1,directed
u160,u415,3,directed
u293,u209,1,directed
u016,u251,1,directed
u201,u016,1,directed
u105,u170,1,directed
u133,u398,3,directed
u324,u018,1,directed
u329,u265,3,directed
u217,u154,0.5,undirected
u028,u372,1,directed
u131,u158,1,directed
u160,u391,1,directed
u099,u276,1,directed
u004,u319,1,directed
u392,u277,1,directed
u014,u097,0.5,undirected
u333,u015,0.5,undirected
u311,u016,1,directed
u101,u240,3,directed
u176,u371,1,directed
u101,u366,1,directed
u312,u028,1,directed
u160,u302,1,directed
u332,u251,0.5,undirected
u119,u354,1,directed
u202,u319,1,directed
u160,u225,3,directed
u402,u242,3,directed
u324,u402,1,directed
u066,u331,3,directed
u050,u069,1,directed
u353,u358,3,directed
u242,u409,1,directed
u171,u081,3,directed
u240,u337,1,directed
u237,u212,1,directed
u016,u300,3,directed
u333,u313,1,directed
u187,u026,3,directed
u225,u325,3,directed
u016,u141,3,directed
u115,u018,1,directed
u233,u245,1,directed
u062,u158,1,directed
u380,u387,1,directed
u019,u031,3,directed
u100,u034,1,directed
u039,u016,1,directed
u334,u225,1,directed
u286,u081,1,directed
u380,u341,3,directed
u366,u322,1,directed
u344,u180,1,directed
u249,u145,3,directed
u160,u350,3,directed
u310,u069,0.5,undirected
u117,u158,1,directed
u036,u075,0.5,undirected
u262,u410,1,directed
u018,u402,3,directed
u225,u202,1,directed
u168,u200,0.5,undirected
u333,u229,3,directed
u145,u380,0.5,undirected
u121,u310,3,directed
u293,u365,3,directed
u018,u262,1,directed
u267,u384,1,directed
u380,u394,3,directed
u200,u018,1,directed
u332,u295,1,directed
u094,u198,1,directed
u008,u310,1,directed
u323,u340,1,directed
u346,u236,1,directed
u070,u234,0.5,undirected
u318,u069,0.5,undirected
u069,u043,3,directed
u386,u079,1,directed
u119,u314,0.5,undirected
u232,u083,1,directed
u370,u289,1,directed
u198,u320,1,directed
u286,u016,1,directed
u118,u018,1,directed
u101,u366,0.5,undirected
u251,u141,3,directed
u259,u072,1,directed
u415,u142,0.5,undirected
u171,u081,3,directed
u158,u131,1,directed
u076,u176,1,directed
u256,u396,3,directed
u135,u092,3,directed
u289,u293,1,directed
u387,u217,1,directed
u319,u117,1,directed
u018,u115,0.5,undirected
u113,u171,1,directed
u158,u079,0.5,undirected
u018,u355,1,directed
u223,u146,0.5,undirected
u007,u250,1,directed
u124,u299,0.5,undirected
u081,u286,1,directed
u089,u008,0.5,undirected
u018,u391,1,directed
u293,u289,1,directed
u081,u007,1,directed
u293,u321,1,directed
u163,u314,1,directed
u173,u018,1,directed
u067,u194,1,directed
u063,u024,3,directed
u274,u018,3,directed
u016,u171,1,directed
u225,u293,3,directed
u279,u063,1,directed
u310,u266,1,directed
u144,u112,0.5,undirected
u256,u069,0.5,undirected
u401,u015,1,directed
u081,u157,1,directed
u372,u018,3,directed
u410,u269,1,directed
u090,u324,0.5,undirected
u214,u052,1,directed
u351,u167,1,directed
u289,u333,0.5,undirected
u225,u360,0.5,undirected
u175,u320,1,directed
u333,u051,0.5,undirected
u148,u216,3,directed
u406,u081,0.5,undirected
u097,u314,0.5,undirected
u209,u013,0.5,undirected
u043,u141,1,directed
u288,u119,3,directed
u387,u193,1,directed
u333,u152,1,directed
u141,u043,1,directed
u235,u236,3,directed
u225,u160,1,directed
u231,u379,1,directed
u067,u380,1,directed
u202,u037,1,directed
u394,u225,3,directed
u100,u018,1,directed
u367,u016,1,directed
u081,u333,1,directed
u171,u392,1,directed
u324,u123,1,directed
u206,u016,1,directed
u226,u123,3,directed
u081,u251,1,directed
u157,u041,1,directed
u394,u380,0.5,undirected
u293,u069,1,directed
u288,u205,1,directed
u080,u007,1,directed
u171,u410,1,directed
u276,u369,1,directed
u333,u014,3,directed
u007,u171,3,directed
u324,u018,1,directed
u081,u366,1,directed
u007,u080,1,directed
u007,u163,1,directed
u386,u364,1,directed
u265,u141,1,directed
u148,u380,1,directed
u225,u156,1,directed
u276,u350,1,directed
u091,u225,1,directed
u081,u367,1,directed
u225,u206,0.5,undirected
u171,u141,0.5,undirected
u069,u129,1,directed
u391,u199,1,directed
u277,u041,3,directed
u121,u349,1,directed
u162,u092,1,directed
u251,u113,0.5,undirected
u333,u364,1,directed
u319,u069,0.5,undirected
u226,u200,1,directed
u115,u175,1,directed
u160,u016,3,directed
u234,u244,3,directed
u225,u172,1,directed
u396,u069,0.5,undirected
u111,u301,1,directed
u068,u380,0.5,undirected
u072,u396,3,directed
u403,u277,1,directed
u358,u176,1,directed
u317,u160,3,directed
u213,u111,1,directed
u413,u101,0.5,undirected
u156,u160,0.5,undirected
u141,u171,1,directed
u268,u297,1,directed
u069,u394,1,directed
u202,u160,1,directed
u082,u135,1,directed
u258,u040,1,directed
u250,u007,3,directed
u340,u158,1,directed
u258,u119,1,directed
u140,u324,1,directed
u383,u141,0.5,undirected
u110,u079,1,directed
u131,u018,1,directed
u339,u324,1,directed
u080,u119,0.5,undirected
u136,u019,1,directed
u212,u396,1,directed
u192,u180,1,directed
u265,u111,0.5,undirected
u412,u193,3,directed
u158,u066,1,directed
u413,u172,0.5,undirected
u333,u288,0.5,undirected
u276,u018,0.5,undirected
u111,u069,3,directed
u405,u014,1,directed
u158,u204,0.5,undirected
u267,u324,1,directed
u169,u236,0.5,undirected
u007,u059,1,directed
u121,u112,1,directed
u172,u341,3,directed
u082,u029,0.5,undirected
u011,u088,0.5,undirected
u069,u181,0.5,undirected
u213,u412,1,directed
u358,u050,0.5,undirected
u018,u099,3,directed
u275,u038,0.5,undirected
u324,u119,1,directed
u171,u141,1,directed
u027,u028,1,directed
u028,u299,3,directed
u081,u141,3,directed
u081,u016,0.5,undirected
u326,u235,3,directed
u016,u171,1,directed
u117,u067,1,directed
u158,u204,1,directed
u141,u058,1,directed
u192,u069,0.5,undirected
u069,u112,0.5,undirected
u069,u144,1,directed
u267,u061,3,directed
u158,u275,1,directed
u276,u254,3,directed
u202,u341,0.5,undirected
u346,u133,0.5,undirected
u413,u105,1,directed
u401,u152,0.5,undirected
u022,u333,1,directed
u402,u372,1,directed
u025,u000,1,directed
u060,u394,0.5,undirected
u225,u091,3,directed
u084,u130,3,directed
u234,u133,1,directed
u200,u090,1,directed
u036,u225,1,directed
u250,u191,3,directed
u058,u081,0.5,undirected
u069,u333,1,directed
u158,u387,1,directed
u323,u064,0.5,undirected
u018,u267,1,directed
u333,u318,1,directed
u332,u018,0.5,undirected
u093,u409,3,directed
u181,u225,3,directed
u046,u258,1,directed
u127,u233,1,directed
u349,u069,0.5,undirected
u366,u316,1,directed
u353,u069,1,directed
u069,u187,1,directed
u045,u081,1,directed
u235,u000,1,directed
u305,u007,1,directed
u344,u067,1,directed
u280,u199,1,directed
u234,u138,1,directed
u000,u145,1,directed
u090,u200,1,directed
u393,u346,1,directed
u281,u069,0.5,undirected
u367,u119,1,directed
u321,u360,1,directed
u409,u018,1,directed
u324,u018,3,directed
u319,u414,1,directed
u320,u324,0.5,undirected
u282,u131,1,directed
u018,u334,1,directed
u200,u018,0.5,undirected
u075,u341,1,directed
u366,u170,3,directed
u276,u384,3,directed
u163,u033,0.5,undirected
u018,u133,1,directed
u158,u380,3,directed
u380,u158,1,directed
u206,u171,1,directed
u024,u041,0.5,undirected
u349,u121,1,directed
u063,u141,1,directed
u187,u242,3,directed
u387,u067,0.5,undirected
u234,u287,3,directed
u340,u394,1,directed
u171,u411,3,directed
u140,u026,1,directed
u289,u410,0.5,undirected
u335,u158,1,directed
u393,u374,0.5,undirected
u225,u293,3,directed
u200,u295,1,directed
u058,u081,1,directed
u007,u333,1,directed
u048,u380,3,directed
u251,u171,0.5,undirected
u051,u357,1,directed
u242,u372,1,directed
u232,u320,1,directed
u136,u100,1,directed
u308,u417,0.5,undirected
u302,u130,0.5,undirected
u326,u337,1,directed
u268,u406,3,directed
u203,u255,1,directed
u195,u158,1,directed
u365,u313,3,directed
u332,u320,1,directed
u121,u310,3,directed
u319,u225,1,directed
u171,u016,0.5,undirected
u176,u368,0.5,undirected
u333,u139,1,directed
u016,u277,1,directed
u402,u100,3,directed
u056,u286,0.5,undirected
u213,u310,1,directed
u116,u384,1,directed
u276,u018,3,directed
u356,u009,1,directed
u287,u326,1,directed
u141,u196,1,directed
u225,u319,0.5,undirected
u335,u158,3,directed
u339,u010,0.5,undirected
u084,u111,1,directed
u408,u145,3,directed
u046,u152,1,directed
u026,u031,3,directed
u151,u152,1,directed
u007,u333,1,directed
u105,u170,0.5,undirected
u354,u333,1,directed
u115,u323,3,directed
u158,u282,1,directed
u069,u191,1,directed
u372,u018,3,directed
u380,u141,1,directed
u158,u062,0.5,undirected
u225,u004,0.5,undirected
u140,u324,1,directed
u092,u370,1,directed
u007,u297,0.5,undirected
u013,u232,1,directed
u082,u004,0.5,undirected
u158,u195,0.5,undirected
u176,u089,1,directed
u093,u123,1,directed
u405,u330,1,directed
u384,u372,1,directed
u069,u176,1,directed
u111,u069,1,directed
u382,u402,1,directed
u321,u225,3,directed
u058,u081,1,directed
u335,u283,3,directed
u091,u289,1,directed
u333,u270,1,directed
u171,u081,0.5,undirected
u411,u268,1,directed
u026,u332,1,directed
u274,u384,1,directed
u056,u166,1,directed
u018,u026,1,directed
u225,u202,1,directed
u058,u016,0.5,undirected
u293,u225,3,directed
u380,u158,0.5,undirected
u169,u398,0.5,undirected
u131,u057,1,directed
u201,u410,3,directed
u131,u380,0.5,undirected
u154,u330,3,directed
u316,u217,0.5,undirected
u391,u259,1,directed
u160,u325,1,directed
u157,u016,1,directed
u288,u119,1,directed
u233,u217,1,directed
u348,u069,1,directed
u285,u160,1,directed
u176,u121,3,directed
u198,u018,1,directed
u090,u380,1,directed
u018,u262,1,directed
u007,u052,3,directed
u220,u374,1,directed
u072,u128,1,directed
u020,u040,3,directed
u037,u319,3,directed
u225,u395,1,directed
u375,u396,1,directed
u115,u018,3,directed
u334,u202,1,directed
u332,u198,0.5,undirected
u366,u101,1,directed
u216,u032,3,directed
u340,u193,1,directed
u233,u184,3,directed
u302,u251,1,directed
u307,u106,0.5,undirected
u396,u412,1,directed
u016,u406,1,directed
u378,u293,3,directed
u285,u160,0.5,undirected
u174,u412,1,directed
u394,u158,3,directed
u267,u324,1,directed
u341,u225,3,directed
u130,u410,1,directed
u384,u257,1,directed
u366,u248,3,directed
u081,u410,1,directed
u103,u216,1,directed
u006,u018,3,directed
u050,u256,1,directed
u353,u271,1,directed
u250,u042,1,directed
u387,u158,1,directed
u352,u356,1,directed
u177,u007,1,directed
u288,u007,3,directed
u089,u111,0.5,undirected
u081,u058,0.5,undirected
u415,u293,1,directed
u018,u137,3,directed
u058,u018,3,directed
u409,u200,1,directed
u061,u116,1,directed
u088,u249,3,directed
u279,u171,3,directed
u158,u374,1,directed
u391,u324,1,directed
u341,u162,0.5,undirected
u341,u135,1,directed
u340,u323,1,directed
u156,u225,3,directed
u277,u081,3,directed
u237,u069,1,directed
u158,u193,0.5,undirected
u026,u018,1,directed
u158,u148,1,directed
u176,u111,3,directed
u073,u076,1,directed
u222,u288,1,directed
u311,u230,1,directed
u061,u379,1,directed
u134,u069,3,directed
u141,u016,1,directed
u314,u266,3,directed
u242,u123,1,directed
u054,u171,0.5,undirected
u160,u197,1,directed
u212,u072,3,directed
u324,u115,3,directed
u223,u069,1,directed
u046,u214,1,directed
u303,u296,1,directed
u111,u281,1,directed
u332,u175,0.5,undirected
u013,u321,1,directed
u340,u380,0.5,undirected
u075,u293,1,directed
u018,u076,1,directed
u125,u333,3,directed
u250,u229,1,directed
u307,u333,1,directed
u225,u176,1,directed
u258,u119,3,directed
u135,u091,1,directed
u380,u158,1,directed
u018,u031,1,directed
u333,u171,1,directed
u069,u095,0.5,undirected
u225,u092,1,directed
u318,u119,1,directed
u402,u115,3,directed
u366,u159,0.5,undirected
u413,u337,1,directed
u289,u225,1,directed
u171,u158,0.5,undirected
u028,u053,0.5,undirected
u345,u064,1,directed
u341,u302,3,directed
u340,u380,0.5,undirected
u018,u382,1,directed
u220,u105,1,directed
u016,u171,1,directed
u018,u115,3,directed
u021,u321,0.5,undirected
u414,u160,1,directed
u141,u189,0.5,undirected
u046,u059,0.5,undirected
u267,u257,1,directed
u208,u072,3,directed
u280,u413,3,directed
u293,u273,1,directed
u279,u081,1,directed
u007,u097,1,directed
u278,u151,1,directed
u188,u158,1,directed
u187,u398,1,directed
u319,u158,0.5,undirected
u333,u052,3,directed
u333,u007,3,directed
u225,u388,0.5,undirected
u232,u402,0.5,undirected
u158,u364,1,directed
u069,u212,3,directed
u331,u057,1,directed
u220,u287,1,directed
u081,u127,0.5,undirected
u346,u413,1,directed
u115,u093,3,directed
u152,u110,0.5,undirected
u211,u393,1,directed
u361,u160,1,directed
u095,u121,1,directed
u250,u007,0.5,undirected
u242,u384,0.5,undirected
u132,u282,1,directed
u046,u333,0.5,undirected
u069,u248,3,directed
u039,u014,3,directed
u225,u172,1,directed
u097,u014,1,directed
u399,u141,1,directed
u111,u372,0.5,undirected
u069,u165,0.5,undirected
u028,u416,0.5,undirected
u402,u018,3,directed
u171,u081,1,directed
u241,u160,1,directed
u140,u402,1,directed
u158,u386,3,directed
u418,u329,1,directed
u048,u158,1,directed
u069,u396,1,directed
u359,u007,1,directed
u003,u018,1,directed
u232,u018,3,directed
u382,u100,1,directed
u239,u016,1,directed
u018,u090,1,directed
u324,u257,3,directed
u058,u111,1,directed
u264,u392,3,directed
u176,u259,1,directed
u145,u346,0.5,undirected
u007,u131,1,directed
u135,u082,1,directed
u354,u107,0.5,undirected
u171,u081,1,directed
u328,u154,1,directed
u157,u265,0.5,undirected
u255,u376,3,directed
u244,u145,1,directed
u173,u157,1,directed
u115,u086,3,directed
u333,u018,0.5,undirected
u021,u319,1,directed
u125,u278,1,directed
u189,u171,1,directed
u016,u157,1,directed
u392,u324,1,directed
u159,u380,1,directed
u081,u372,3,directed
u171,u158,3,directed
u180,u130,0.5,undirected
u307,u015,1,directed
u133,u354,3,directed
u277,u141,0.5,undirected
u276,u177,3,directed
u273,u225,1,directed
u018,u295,1,directed
u333,u163,1,directed
u121,u161,1,directed
u234,u236,1,directed
u289,u380,0.5,undirected
u288,u080,1,directed
u014,u278,1,directed
u271,u069,1,directed
u081,u038,1,directed
u081,u016,1,directed
u160,u251,3,directed
u225,u361,1,directed
u245,u234,1,directed
u293,u092,0.5,undirected
u158,u386,1,directed
u081,u016,3,directed
u069,u160,1,directed
u046,u052,0.5,undirected
u225,u321,1,directed
u364,u048,1,directed
u275,u386,3,directed
u215,u250,1,directed
u141,u277,3,directed
u363,u276,1,directed
u018,u324,1,directed
u288,u074,3,directed
u387,u183,0.5,undirected
u155,u404,1,directed
u312,u111,3,directed
u267,u200,1,directed
u321,u293,1,directed
u237,u315,1,directed
u302,u225,1,directed
u161,u111,0.5,undirected
u043,u081,3,directed
u046,u288,1,directed
u170,u346,1,directed
u258,u064,1,directed
u185,u156,0.5,undirected
u242,u098,1,directed
u141,u367,1,directed
u396,u310,3,directed
u395,u135,1,directed
u309,u233,1,directed
u238,u197,0.5,undirected
u380,u260,0.5,undirected
u046,u222,0.5,undirected
u069,u089,1,directed
u158,u323,1,directed
u160,u225,3,directed
u380,u141,0.5,undirected
u393,u396,1,directed
u069,u225,0.5,undirected
u069,u095,1,directed
u134,u121,1,directed
u004,u293,1,directed
u176,u208,3,directed
u277,u203,3,directed
u255,u149,3,directed
u349,u368,1,directed
u052,u333,1,directed
u249,u280,1,directed
u225,u082,0.5,undirected
u321,u225,1,directed
u287,u171,1,directed
u415,u404,1,directed
u216,u318,1,directed
u072,u281,0.5,undirected
u031,u324,1,directed
u089,u069,3,directed
u383,u160,0.5,undirected
u158,u188,0.5,undirected
u276,u018,0.5,undirected
u317,u150,1,directed
u332,u232,1,directed
u333,u007,1,directed
u018,u200,3,directed
u197,u371,1,directed
u319,u106,3,directed
u255,u081,1,directed
u209,u341,3,directed
u257,u044,1,directed
u225,u160,0.5,undirected
u386,u158,1,directed
u367,u058,1,directed
u153,u198,0.5,undirected
u157,u069,0.5,undirected
u225,u293,3,directed
u384,u018,1,directed
u382,u099,1,directed
u007,u026,1,directed
u313,u333,1,directed
u269,u230,3,directed
u287,u133,0.5,undirected
u205,u119,1,directed
u348,u069,1,directed
u121,u197,1,directed
u018,u372,0.5,undirected
u052,u039,0.5,undirected
u171,u141,1,directed
u116,u382,1,directed
u324,u379,1,directed
u090,u292,0.5,undirected
u072,u121,1,directed
u268,u141,1,directed
u057,u128,1,directed
u045,u158,0.5,undirected
u069,u176,1,directed
u236,u261,1,directed
u031,u076,1,directed
u165,u121,3,directed
u412,u050,0.5,undirected
u106,u400,1,directed
u201,u255,1,directed
u180,u161,1,directed
u177,u119,1,directed
u289,u225,1,directed
u393,u105,1,directed
u366,u028,3,directed
u160,u289,1,directed
u380,u387,3,directed
u256,u008,1,directed
u020,u007,1,directed
u267,u090,3,directed
u130,u007,1,directed
u311,u058,1,directed
u327,u377,0.5,undirected
u396,u213,1,directed
u158,u060,3,directed
u251,u394,1,directed
u016,u081,3,directed
u351,u394,1,directed
u293,u225,3,directed
u065,u270,0.5,undirected
u105,u138,1,directed
u082,u341,1,directed
u319,u225,1,directed
u090,u018,1,directed
u058,u141,1,directed
u289,u225,1,directed
u310,u259,1,directed
u223,u310,1,directed
u158,u079,1,directed
u277,u367,1,directed
u158,u275,3,directed
u235,u393,1,directed
u354,u288,0.5,undirected
u338,u069,1,directed
u042,u022,1,directed
u158,u110,1,directed
u088,u105,0.5,undirected
u149,u287,1,directed
u039,u111,0.5,undirected
u367,u410,1,directed
u316,u101,3,directed
u415,u225,1,directed
u028,u413,1,directed
u116,u161,1,directed
u158,u387,1,directed
u089,u069,3,directed
u061,u404,1,directed
u018,u402,1,directed
u387,u158,1,directed
u069,u176,1,directed
u072,u128,0.5,undirected
u069,u111,1,directed
u333,u417,3,directed
u193,u364,1,directed
u191,u069,1,directed
u022,u354,3,directed
u342,u046,1,directed
u198,u018,1,directed
u016,u158,1,directed
u163,u007,0.5,undirected
u216,u007,3,directed
u212,u270,3,directed
u277,u081,1,directed
u386,u387,1,directed
u360,u225,0.5,undirected
u080,u318,1,directed
u419,u069,1,directed
u175,u105,0.5,undirected
u096,u105,1,directed
u384,u100,0.5,undirected
u124,u076,3,directed
u189,u171,0.5,undirected
u018,u076,3,directed
u332,u090,3,directed
u275,u158,0.5,undirected
u289,u135,3,directed
u263,u306,1,directed
u171,u016,3,directed
u225,u319,0.5,undirected
u242,u018,1,directed
u250,u405,1,directed
u337,u233,1,directed
u175,u090,1,directed
u018,u047,1,directed
u242,u299,1,directed
u069,u176,3,directed
u285,u181,1,directed
u380,u387,3,directed
u018,u202,3,directed
u198,u224,0.5,undirected
u388,u293,1,directed
u115,u061,1,directed
u305,u139,1,directed
u081,u171,1,directed
u153,u061,1,directed
u160,u069,3,directed
u158,u386,0.5,undirected
u290,u236,1,directed
u343,u247,1,directed
u058,u288,1,directed
u288,u018,1,directed
u028,u125,1,directed
u018,u047,3,directed
u018,u293,1,directed
u171,u239,1,directed
u158,u282,1,directed
u410,u171,3,directed
u141,u171,0.5,undirected
u018,u034,1,directed
u158,u204,0.5,undirected
u102,u372,1,directed
u343,u043,1,directed
u341,u304,1,directed
u379,u226,0.5,undirected
u100,u018,3,directed
u013,u185,1,directed
u007,u039,1,directed
u018,u225,1,directed
u258,u279,1,directed
u371,u069,0.5,undirected
u380,u387,3,directed
u005,u018,1,directed
u236,u387,3,directed
u160,u225,1,directed
u011,u158,3,directed
u018,u076,1,directed
u197,u176,1,directed
u063,u376,1,directed
u152,u266,1,directed
u324,u200,1,directed
u276,u336,1,directed
u069,u058,1,directed
u101,u235,1,directed
u175,u018,1,directed
u053,u028,3,directed
u190,u063,1,directed
u119,u097,1,directed
u075,u293,1,directed
u121,u111,1,directed
u213,u375,3,directed
u166,u225,1,directed
u092,u374,1,directed
u016,u081,3,directed
u402,u034,3,directed
u259,u069,0.5,undirected
u051,u007,1,directed
u111,u197,3,directed
u333,u250,1,directed
u378,u002,3,directed
u375,u069,0.5,undirected
u245,u413,1,directed
u324,u390,1,directed
u237,u069,3,directed
u276,u226,1,directed
u018,u219,3,directed
u153,u372,1,directed
u202,u293,1,directed
u018,u090,1,directed
u353,u358,3,directed
u392,u279,1,directed
u409,u018,3,directed
u341,u319,3,directed
u153,u115,3,directed
u377,u185,3,directed
u146,u129,1,directed
u186,u081,1,directed
u352,u213,1,directed
u286,u141,1,directed
u018,u252,3,directed
u367,u392,1,directed
u197,u069,1,directed
u324,u402,1,directed
u375,u069,3,directed
u121,u090,1,directed
u375,u061,0.5,undirected
u012,u367,3,directed
u061,u069,1,directed
u112,u174,3,directed
u058,u056,1,directed
u313,u380,0.5,undirected
u225,u289,1,directed
u007,u032,1,directed
u090,u224,1,directed
u406,u126,1,directed
u150,u413,3,directed
u152,u280,1,directed
u010,u385,1,directed
u277,u265,3,directed
u332,u402,1,directed
u007,u139,1,directed
u225,u289,3,directed
u340,u193,1,directed
u393,u169,0.5,undirected
u223,u310,1,directed
u225,u293,1,directed
u158,u360,3,directed
u294,u158,3,directed
u387,u158,1,directed
u171,u255,1,directed
u373,u069,0.5,undirected
u119,u288,1,directed
u205,u007,1,directed
u165,u338,3,directed
u249,u077,0.5,undirected
u072,u069,0.5,undirected
u075,u387,1,directed
u380,u158,0.5,undirected
u128,u111,1,directed
u158,u298,0.5,undirected
u158,u041,1,directed
u175,u115,0.5,undirected
u145,u088,0.5,undirected
u012,u264,1,directed
u236,u387,1,directed
u141,u090,1,directed
u111,u017,0.5,undirected
u158,u380,1,directed
u355,u299,1,directed
u171,u043,3,directed
u034,u076,1,directed
u380,u167,1,directed
u005,u018,1,directed
u255,u111,1,directed
u343,u329,1,directed
u225,u081,1,directed
u277,u383,0.5,undirected
u121,u069,3,directed
u081,u255,1,directed
u069,u375,1,directed
u016,u157,3,directed
u366,u053,1,directed
u064,u394,3,directed
u225,u341,1,directed
u101,u142,0.5,undirected
u386,u388,1,directed
u225,u185,3,directed
u223,u333,3,directed
u318,u288,1,directed
u195,u018,3,directed
u161,u212,0.5,undirected
u352,u237,1,directed
u018,u031,1,directed
u328,u105,1,directed
u334,u225,0.5,undirected
u247,u277,3,directed
u132,u225,1,directed
u225,u046,1,directed
u324,u018,1,directed
u293,u225,3,directed
u303,u342,3,directed
u087,u007,1,directed
u324,u018,0.5,undirected
u253,u412,1,directed
u048,u364,3,directed
u022,u288,3,directed
u066,u069,0.5,undirected
u386,u158,1,directed
u413,u159,1,directed
u158,u090,3,directed
u102,u018,1,directed
u250,u046,1,directed
u367,u141,3,directed
u034,u242,1,directed
u157,u043,1,directed
u139,u302,0.5,undirected
u234,u236,1,directed
u007,u040,1,directed
u016,u255,0.5,undirected
u058,u101,1,directed
u356,u130,3,directed
u101,u284,1,directed
u223,u069,0.5,undirected
u303,u158,3,directed
u366,u096,0.5,undirected
u007,u333,1,directed
u289,u341,3,directed
u012,u410,0.5,undirected
u124,u018,0.5,undirected
u202,u162,0.5,undirected
u175,u153,1,directed
u355,u198,1,directed
u069,u238,1,directed
u210,u152,3,directed
u402,u279,1,directed
u060,u218,3,directed
u380,u323,0.5,undirected
u392,u410,1,directed
u158,u218,0.5,undirected
u341,u202,0.5,undirected
u121,u371,0.5,undirected
u371,u352,1,directed
u216,u333,1,directed
u234,u306,1,directed
u225,u289,3,directed
u099,u018,0.5,undirected
u225,u026,1,directed
u354,u119,0.5,undirected
u293,u111,0.5,undirected
u255,u081,3,directed
u169,u248,0.5,undirected
u197,u008,0.5,undirected
u046,u250,1,directed
u135,u319,0.5,undirected
u372,u153,1,directed
u018,u242,3,directed
u073,u257,1,directed
u069,u182,1,directed
u056,u141,1,directed
u303,u158,3,directed
u412,u069,1,directed
u153,u026,3,directed
u081,u277,3,directed
u158,u294,0.5,undirected
u029,u414,1,directed
u166,u293,3,directed
u026,u232,1,directed
u367,u069,1,directed
u225,u160,1,directed
u275,u340,1,directed
u131,u338,3,directed
u293,u225,1,directed
u121,u100,1,directed
u048,u260,1,directed
u302,u388,1,directed
u404,u100,1,directed
u272,u348,1,directed
u139,u007,3,directed
u069,u196,1,directed
u117,u143,0.5,undirected
u237,u331,1,directed
u379,u279,1,directed
u367,u251,0.5,undirected
u376,u230,1,directed
u328,u234,1,directed
u054,u016,3,directed
u341,u241,1,directed
u284,u319,0.5,undirected
u289,u319,0.5,undirected
u222,u415,1,directed
u081,u279,1,directed
u061,u090,0.5,undirected
u018,u226,1,directed
u319,u225,1,directed
u158,u380,1,directed
u209,u150,0.5,undirected
u177,u119,1,directed
u225,u302,3,directed
u234,u105,3,directed
u157,u299,0.5,undirected
u380,u386,1,directed
u136,u005,0.5,undirected
u098,u199,3,directed
u069,u348,1,directed
u158,u387,3,directed
u287,u326,1,directed
u058,u410,1,directed
u038,u255,0.5,undirected
u048,u275,1,directed
u324,u018,1,directed
u111,u180,1,directed
u084,u018,0.5,undirected
u380,u323,1,directed
u354,u250,3,directed
u000,u105,1,directed
u198,u225,0.5,undirected
u039,u139,1,directed
u216,u119,1,directed
u028,u007,0.5,undirected
u255,u187,1,directed
u406,u190,3,directed
u068,u275,3,directed
u018,u090,1,directed
u080,u308,1,directed
u148,u282,1,directed
u331,u069,0.5,undirected
u335,u303,1,directed
u348,u233,1,directed
u065,u069,1,directed
u148,u282,1,directed
u348,u392,1,directed
u152,u023,1,directed
u361,u160,3,directed
u011,u416,1,directed
u069,u009,1,directed
u036,u344,3,directed
u073,u100,1,directed
u058,u341,3,directed
u380,u386,1,directed
u249,u011,1,directed
u042,u163,1,directed
u215,u330,1,directed
u158,u018,1,directed
u279,u081,1,directed
u158,u389,0.5,undirected
u410,u171,0.5,undirected
u394,u351,1,directed
u288,u258,1,directed
u121,u348,0.5,undirected
u101,u290,1,directed
u228,u011,0.5,undirected
u266,u365,1,directed
u412,u271,1,directed
u018,u372,3,directed
u295,u198,1,directed
u007,u074,0.5,undirected
u116,u069,0.5,undirected
u202,u132,3,directed
u280,u027,1,directed
u156,u081,1,directed
u157,u251,1,directed
u033,u032,1,directed
u279,u171,0.5,undirected
u380,u390,3,directed
u372,u274,0.5,undirected
u373,u141,1,directed
u392,u255,0.5,undirected
u242,u070,0.5,undirected
u046,u314,1,directed
u280,u133,0.5,undirected
u007,u052,1,directed
u395,u275,0.5,undirected
u389,u188,1,directed
u317,u171,1,directed
u333,u401,1,directed
u284,u287,1,directed
u242,u292,1,directed
u356,u069,1,directed
u018,u402,0.5,undirected
u167,u230,0.5,undirected
u058,u279,1,directed
u296,u131,0.5,undirected
u225,u319,0.5,undirected
u216,u020,1,directed
u115,u242,1,directed
u068,u387,3,directed
u242,u153,1,directed
u286,u410,3,directed
u364,u380,1,directed
u225,u293,1,directed
u141,u392,0.5,undirected
u280,u335,1,directed
u356,u069,1,directed
u331,u069,3,directed
u189,u180,1,directed
u121,u069,1,directed
u379,u123,1,directed
u152,u042,1,directed
u390,u093,1,directed
u293,u158,1,directed
u180,u069,1,directed
u280,u127,1,directed
u141,u043,1,directed
u164,u061,3,directed
u119,u333,0.5,undirected
u272,u259,0.5,undirected
u085,u048,0.5,undirected
u081,u392,1,directed
u115,u018,3,directed
u010,u324,3,directed
u061,u018,0.5,undirected
u198,u018,0.5,undirected
u341,u154,1,directed
u261,u262,3,directed
u069,u007,1,directed
u361,u225,1,directed
u121,u084,1,directed
u412,u356,3,directed
u157,u171,1,directed
u308,u151,1,directed
u007,u243,3,directed
u367,u158,1,directed
u018,u216,0.5,undirected
u410,u141,3,directed
u300,u081,0.5,undirected
u253,u008,1,directed
u018,u384,0.5,undirected
u007,u250,1,directed
u097,u333,1,directed
u110,u018,1,directed
u332,u018,1,directed
u048,u400,1,directed
u251,u063,1,directed
u395,u021,1,directed
u111,u237,1,directed
u176,u069,1,directed
u065,u310,1,directed
u081,u293,0.5,undirected
u100,u010,3,directed
u324,u391,3,directed
u261,u219,3,directed
u007,u097,1,directed
u046,u250,3,directed
u410,u058,1,directed
u282,u079,1,directed
u243,u313,3,directed
u031,u007,0.5,undirected
u008,u246,1,directed
u323,u389,1,directed
u392,u141,1,directed
u355,u018,1,directed
u255,u418,1,directed
u396,u036,1,directed
u109,u018,3,directed
u403,u161,1,directed
u018,u257,3,directed
u232,u090,0.5,undirected
u107,u076,1,directed
u232,u018,0.5,undirected
u067,u158,1,directed
u380,u282,1,directed
u288,u333,1,directed
u242,u010,1,directed
u093,u102,1,directed
u204,u158,1,directed
u370,u235,1,directed
u072,u200,0.5,undirected
u221,u324,0.5,undirected
u180,u009,1,directed
u049,u006,3,directed
u041,u406,1,directed
u081,u251,1,directed
u323,u380,0.5,undirected
u368,u371,3,directed
u354,u119,1,directed
u079,u204,1,directed
u410,u225,3,directed
u380,u158,0.5,undirected
u279,u141,0.5,undirected
u122,u123,1,directed
u302,u225,3,directed
u251,u081,1,directed
u137,u069,1,directed
u081,u255,1,directed
u324,u018,0.5,undirected
u364,u275,1,directed
u048,u074,1,directed
u341,u200,1,directed
u314,u250,3,directed
u069,u072,1,directed
u093,u115,1,directed
u160,u162,1,directed
u274,u039,3,directed
u141,u171,3,directed
u152,u210,3,directed
u368,u246,0.5,undirected
u210,u258,1,directed
u018,u115,0.5,undirected
u298,u323,1,directed
u418,u081,0.5,undirected
u301,u141,1,directed
u367,u300,1,directed
u250,u309,1,directed
u380,u193,1,directed
u090,u018,1,directed
u176,u084,1,directed
u333,u022,3,directed
u219,u236,1,directed
u171,u410,1,directed
u413,u131,1,directed
u225,u115,1,directed
u324,u115,1,directed
u081,u141,1,directed
u090,u103,1,directed
u171,u203,0.5,undirected
u113,u286,0.5,undirected
u341,u225,1,directed
u319,u285,3,directed
u214,u333,1,directed
u372,u267,0.5,undirected
u392,u251,1,directed
u227,u333,1,directed
u160,u029,0.5,undirected
u225,u302,1,directed
u225,u166,0.5,undirected
u164,u018,1,directed
u410,u223,1,directed
u333,u052,1,directed
u245,u236,1,directed
u145,u219,0.5,undirected
u302,u415,1,directed
u013,u358,3,directed
u290,u069,3,directed
u115,u168,1,directed
u113,u239,1,directed
u081,u106,1,directed
u034,u115,1,directed
u245,u244,3,directed
u348,u008,0.5,undirected
u250,u042,3,directed
u158,u248,3,directed
u294,u158,3,directed
u362,u280,0.5,undirected
u158,u337,1,directed
u056,u171,1,directed
u295,u026,1,directed
u354,u266,1,directed
u410,u081,3,directed
u255,u016,3,directed
u333,u021,1,directed
u160,u341,0.5,undirected
u225,u324,0.5,undirected
u371,u271,0.5,undirected
u233,u234,1,directed
u092,u162,1,directed
u018,u274,1,directed
u380,u110,3,directed
u081,u171,0.5,undirected
u299,u018,0.5,undirected
u206,u041,1,directed
u081,u043,0.5,undirected
u333,u215,1,directed
u242,u292,1,directed
u183,u387,0.5,undirected
u290,u398,1,directed
u230,u157,0.5,undirected
u144,u165,1,directed
u003,u140,1,directed
u225,u160,3,directed
u171,u255,1,directed
u176,u223,1,directed
u143,u158,1,directed
u321,u225,3,directed
u171,u016,1,directed
u364,u380,1,directed
u051,u019,1,directed
u016,u367,1,directed
u069,u396,0.5,undirected
u141,u081,0.5,undirected
u396,u016,0.5,undirected
u113,u141,1,directed
u014,u119,1,directed
u387,u242,3,directed
u279,u113,1,directed
u043,u081,1,directed
u061,u115,1,directed
u286,u268,1,directed
u324,u075,1,directed
u018,u055,3,directed
u008,u069,1,directed
u063,u373,3,directed
u225,u158,1,directed
u394,u068,1,directed
u157,u269,3,directed
u341,u075,1,directed
u364,u158,1,directed
u365,u319,1,directed
u366,u133,3,directed
u418,u255,3,directed
u160,u321,3,directed
u157,u063,1,directed
u320,u339,1,directed
u101,u133,1,directed
u225,u341,1,directed
u115,u168,3,directed
u119,u097,0.5,undirected
u086,u018,1,directed
u131,u380,3,directed
u016,u054,1,directed
u174,u158,1,directed
u026,u324,1,directed
u145,u393,1,directed
u158,u372,0.5,undirected
u310,u353,1,directed
u130,u379,1,directed
u081,u157,3,directed
u111,u371,3,directed
u158,u393,1,directed
u048,u110,1,directed
u293,u321,1,directed
u191,u377,1,directed
u394,u364,3,directed
u234,u413,1,directed
u223,u121,1,directed
u065,u121,0.5,undirected
u335,u048,1,directed
u346,u159,1,directed
u387,u033,0.5,undirected
u068,u158,3,directed
u176,u396,1,directed
u018,u052,0.5,undirected
u333,u214,0.5,undirected
u267,u018,3,directed
u069,u223,3,directed
u008,u259,3,directed
u293,u131,1,directed
u412,u069,0.5,undirected
u141,u251,1,directed
u081,u392,0.5,undirected
u349,u396,3,directed
u309,u233,1,directed
u064,u119,1,directed
u233,u170,1,directed
u043,u141,0.5,undirected
u034,u384,0.5,undirected
u338,u121,3,directed
u277,u052,0.5,undirected
u235,u322,1,directed
u270,u069,3,directed
u293,u225,1,directed
u356,u176,0.5,undirected
u275,u380,0.5,undirected
u276,u099,1,directed
u341,u185,1,directed
u158,u345,0.5,undirected
u018,u232,1,directed
u320,u267,1,directed
u069,u160,1,directed
u372,u018,3,directed
u289,u075,1,directed
u160,u127,1,directed
u225,u051,1,directed
u173,u081,3,directed
u225,u160,1,directed
u339,u153,3,directed
u186,u265,1,directed
u030,u119,1,directed
u289,u225,0.5,undirected
u310,u176,1,directed
u026,u341,1,directed
u140,u018,3,directed
u387,u294,1,directed
u372,u018,1,directed
u058,u392,1,directed
u255,u279,1,directed
u141,u058,1,directed
u311,u018,0.5,undirected
u399,u119,0.5,undirected
u224,u395,1,directed
u376,u367,0.5,undirected
u119,u399,1,directed
u160,u225,1,directed
u262,u136,1,directed
u310,u111,3,directed
u232,u076,1,directed
u039,u250,1,directed
u018,u187,1,directed
u225,u162,1,directed
u412,u069,1,directed
u293,u150,3,directed
u372,u274,1,directed
u223,u058,3,directed
u337,u145,3,directed
u242,u099,1,directed
u141,u058,1,directed
u021,u225,1,directed
u007,u288,0.5,undirected
u069,u174,1,directed
u274,u098,1,directed
u381,u119,0.5,undirected
u018,u221,3,directed
u160,u293,0.5,undirected
u258,u139,3,directed
u412,u225,1,directed
u216,u333,1,directed
u393,u069,0.5,undirected
u333,u313,1,directed
u081,u251,1,directed
u237,u069,1,directed
u111,u158,3,directed
u284,u008,0.5,undirected
u158,u387,3,directed
u176,u396,1,directed
u276,u115,1,directed
u018,u019,1,directed
u356,u165,1,directed
u058,u355,0.5,undirected
u275,u158,3,directed
u298,u365,1,directed
u044,u133,3,directed
u200,u018,3,directed
u208,u225,0.5,undirected
u200,u109,1,directed
u235,u170,1,directed
u015,u069,1,directed
u007,u139,1,directed
u197,u356,3,directed
u018,u102,1,directed
u200,u250,1,directed
u171,u279,3,directed
u069,u287,1,directed
u261,u169,3,directed
u412,u008,1,directed
u410,u367,1,directed
u160,u092,1,directed
u157,u407,3,directed
u338,u375,1,directed
u073,u018,1,directed
u141,u410,3,directed
u174,u111,3,directed
u363,u226,1,directed
u221,u372,3,directed
u236,u393,1,directed
u018,u187,1,directed
u410,u141,1,directed
u056,u171,0.5,undirected
u412,u165,3,directed
u391,u221,1,directed
u046,u106,1,directed
u240,u138,0.5,undirected
u293,u225,1,directed
u025,u408,1,directed
u069,u272,0.5,undirected
u014,u119,3,directed
u043,u199,0.5,undirected
u281,u121,1,directed
u119,u215,3,directed
u372,u018,1,directed
u081,u157,1,directed
u115,u369,1,directed
u396,u348,0.5,undirected
u216,u249,1,directed
u396,u310,1,directed
u290,u244,3,directed
u018,u324,3,directed
u333,u318,1,directed
u046,u152,0.5,undirected
u127,u158,0.5,undirected
u018,u299,1,directed
u018,u124,1,directed
u407,u068,1,directed
u276,u310,1,directed
u387,u067,1,directed
u020,u195,1,directed
u413,u182,1,directed
u225,u273,1,directed
u277,u265,1,directed
u204,u045,3,directed
u060,u158,0.5,undirected
u061,u026,0.5,undirected
u229,u307,3,directed
u287,u070,1,directed
u169,u287,1,directed
u236,u235,0.5,undirected
u212,u057,0.5,undirected
u141,u251,1,directed
u043,u255,3,directed
u069,u396,3,directed
u018,u086,1,directed
u380,u282,1,directed
u397,u253,1,directed
u334,u293,3,directed
u295,u018,3,directed
u319,u069,1,directed
u185,u293,1,directed
u419,u358,1,directed
u058,u141,1,directed
u165,u091,1,directed
u069,u253,1,directed
u075,u225,3,directed
u399,u288,1,directed
u141,u251,3,directed
u269,u023,1,directed
u380,u202,1,directed
u286,u006,3,directed
u289,u171,1,directed
u073,u018,0.5,undirected
u412,u397,0.5,undirected
u141,u023,1,directed
u018,u109,0.5,undirected
u111,u375,1,directed
u198,u355,1,directed
u198,u324,1,directed
u060,u380,3,directed
u243,u007,1,directed
u069,u174,1,directed
u286,u367,1,directed
u081,u332,3,directed
u158,u335,3,directed
u272,u352,1,directed
u153,u409,3,directed
u016,u141,0.5,undirected
u216,u039,1,directed
u348,u069,1,directed
u253,u128,1,directed
u008,u112,1,directed
u216,u357,0.5,undirected
u319,u018,1,directed
u385,u018,1,directed
u069,u352,1,directed
u380,u364,3,directed
u158,u076,1,directed
u288,u399,1,directed
u280,u284,1,directed
u388,u289,1,directed
u007,u018,1,directed
u026,u200,0.5,undirected
u246,u009,0.5,undirected
u386,u380,1,directed
u133,u234,1,directed
u225,u350,3,directed
u081,u171,1,directed
u086,u018,0.5,undirected
u288,u333,0.5,undirected
u018,u320,1,directed
u242,u164,0.5,undirected
u403,u310,0.5,undirected
u081,u186,3,directed
u069,u349,1,directed
u135,u289,3,directed
u081,u230,3,directed
u014,u333,1,directed
u225,u160,0.5,undirected
u318,u359,0.5,undirected
u372,u018,1,directed
u293,u156,1,directed
u016,u081,1,directed
u113,u141,1,directed
u242,u299,0.5,undirected
u158,u340,1,directed
u380,u158,1,directed
u324,u123,0.5,undirected
u036,u172,1,directed
u311,u077,0.5,undirected
u156,u100,1,directed
u079,u294,3,directed
u414,u395,1,directed
u276,u098,1,directed
u140,u332,1,directed
u410,u081,1,directed
u200,u019,1,directed
u133,u245,1,directed
u090,u061,1,directed
u353,u348,1,directed
u293,u160,1,directed
u180,u256,0.5,undirected
u242,u018,1,directed
u341,u160,1,directed
u158,u335,1,directed
u036,u225,1,directed
u081,u186,0.5,undirected
u370,u293,1,directed
u018,u153,1,directed
u158,u283,3,directed
u125,u108,1,directed
u291,u141,1,directed
u262,u372,1,directed
u162,u225,1,directed
u184,u018,1,directed
u384,u236,0.5,undirected
u160,u415,3,directed
u119,u074,3,directed
u135,u172,1,directed
u377,u145,3,directed
u397,u277,1,directed
u372,u018,0.5,undirected
u062,u158,1,directed
u380,u158,1,directed
u026,u055,1,directed
u340,u380,1,directed
u202,u271,1,directed
u364,u340,3,directed
u152,u177,1,directed
u279,u171,1,directed
u245,u170,1,directed
u233,u337,1,directed
u301,u041,1,directed
u018,u353,1,directed
u144,u121,1,directed
u391,u198,3,directed
u018,u254,1,directed
u354,u387,1,directed
u289,u334,0.5,undirected
u225,u198,3,directed
u289,u209,1,directed
u007,u288,1,directed
u041,u069,1,directed
u256,u069,1,directed
u293,u225,1,directed
u018,u047,1,directed
u119,u151,1,directed
u097,u381,1,directed
u225,u172,1,directed
u331,u069,1,directed
u324,u200,1,directed
u158,u194,0.5,undirected
u121,u008,0.5,undirected
u081,u058,1,directed
u007,u278,1,directed
u274,u214,3,directed
u249,u018,1,directed
u380,u183,0.5,undirected
u348,u065,1,directed
u119,u210,1,directed
u323,u387,1,directed
u396,u121,1,directed
u277,u317,1,directed
u160,u225,1,directed
u089,u353,1,directed
u286,u081,1,directed
u236,u284,1,directed
u380,u194,1,directed
u141,u251,3,directed
u387,u183,1,directed
u324,u225,1,directed
u178,u153,3,directed
u310,u368,0.5,undirected
u081,u058,1,directed
u387,u068,3,directed
u261,u120,0.5,undirected
u136,u324,1,directed
u339,u276,0.5,undirected
u185,u162,1,directed
u016,u367,1,directed
u007,u119,1,directed
u316,u182,0.5,undirected
u157,u141,1,directed
u232,u402,1,directed
u018,u390,1,directed
u119,u007,1,directed
u020,u139,0.5,undirected
u081,u230,1,directed
u133,u263,1,directed
u052,u046,0.5,undirected
u072,u259,1,directed
u273,u225,3,directed
u302,u069,0.5,undirected
u386,u364,1,directed
u380,u323,3,directed
u163,u405,0.5,undirected
u126,u081,0.5,undirected
u028,u000,0.5,undirected
u080,u064,0.5,undirected
u139,u333,0.5,undirected
u223,u069,0.5,undirected
u158,u400,0.5,undirected
u322,u306,1,directed
u069,u111,0.5,undirected
u000,u328,1,directed
u105,u018,0.5,undirected
u338,u112,1,directed
u310,u072,1,directed
u101,u306,1,directed
u158,u394,0.5,undirected
u333,u288,1,directed
u081,u247,1,directed
u018,u232,3,directed
u170,u290,0.5,undirected
u086,u402,0.5,undirected
u225,u317,1,directed
u115,u061,0.5,undirected
u081,u251,1,directed
u260,u085,1,directed
u158,u387,1,directed
u387,u386,1,directed
u395,u132,1,directed
u371,u069,1,directed
u290,u070,0.5,undirected
u318,u216,3,directed
u375,u366,1,directed
u018,u184,1,directed
u041,u035,0.5,undirected
u090,u018,1,directed
u141,u018,1,directed
u117,u188,1,directed
u157,u056,3,directed
u069,u111,1,directed
u239,u081,1,directed
u064,u216,0.5,undirected
u018,u391,1,directed
u069,u063,1,directed
u041,u239,0.5,undirected
u158,u112,1,directed
u242,u257,0.5,undirected
u045,u158,1,directed
u375,u084,3,directed
u293,u367,1,directed
u256,u176,0.5,undirected
u007,u216,1,directed
u299,u031,3,directed
u171,u020,1,directed
u386,u188,1,directed
u069,u212,1,directed
u093,u018,3,directed
u311,u012,3,directed
u051,u007,1,directed
u067,u380,0.5,undirected
u135,u092,1,directed
u002,u174,0.5,undirected
u225,u160,0.5,undirected
u277,u043,1,directed
u255,u157,1,directed
u202,u225,3,directed
u236,u247,1,directed
u327,u158,1,directed
u172,u258,1,directed
u277,u201,1,directed
u160,u321,1,directed
u141,u157,1,directed
u018,u391,0.5,undirected
u200,u327,0.5,undirected
u288,u020,1,directed
u076,u363,0.5,undirected
u160,u302,1,directed
u101,u236,3,directed
u020,u119,1,directed
u410,u056,1,directed
u141,u410,1,directed
u081,u264,1,directed
u163,u370,0.5,undirected
u051,u243,3,directed
u362,u244,1,directed
u042,u318,1,directed
u115,u122,3,directed
u231,u061,1,directed
u279,u081,0.5,undirected
u333,u177,3,directed
u160,u119,1,directed
u175,u116,0.5,undirected
u158,u380,3,directed
u193,u275,1,directed
u147,u400,1,directed
u171,u056,0.5,undirected
u212,u028,1,directed
u152,u048,1,directed
u269,u016,1,directed
u082,u225,1,directed
u244,u219,1,directed
u367,u268,3,directed
u112,u069,1,directed
u158,u131,1,directed
u276,u018,3,directed
u083,u115,1,directed
u075,u302,1,directed
u343,u016,3,directed
u345,u308,3,directed
u216,u297,0.5,undirected
u158,u341,1,directed
u018,u386,3,directed
u202,u021,1,directed
u314,u007,1,directed
u276,u393,1,directed
u121,u338,1,directed
u251,u340,1,directed
u396,u069,1,directed
u245,u225,1,directed
u250,u097,0.5,undirected
u069,u331,0.5,undirected
u021,u317,1,directed
u158,u303,1,directed
u255,u251,3,directed
u119,u333,1,directed
u380,u081,1,directed
u121,u396,3,directed
u007,u014,3,directed
u323,u380,1,directed
u085,u275,1,directed
u043,u279,0.5,undirected
u121,u069,0.5,undirected
u056,u171,0.5,undirected
u069,u233,1,directed
u078,u197,3,directed
u386,u048,0.5,undirected
u181,u225,1,directed
u225,u209,1,directed
u366,u236,1,directed
u272,u270,3,directed
u250,u333,3,directed
u387,u390,1,directed
u289,u325,1,directed
u236,u169,1,directed
u069,u134,0.5,undirected
u068,u364,3,directed
u069,u325,0.5,undirected
u250,u160,1,directed
u090,u018,3,directed
u132,u388,3,directed
u077,u158,1,directed
u250,u210,1,directed
u376,u113,3,directed
u329,u157,3,directed
u271,u069,0.5,undirected
u400,u380,1,directed
u294,u225,1,directed
u333,u046,1,directed
u293,u225,1,directed
u298,u380,1,directed
u075,u225,0.5,undirected
u125,u206,1,directed
u063,u230,1,directed
u031,u103,3,directed
u005,u018,1,directed
u148,u158,0.5,undirected
u225,u172,1,directed
u171,u383,1,directed
u018,u415,3,directed
u333,u042,1,directed
u058,u255,1,directed
u182,u228,3,directed
u152,u250,1,directed
u288,u357,1,directed
u392,u268,1,directed
u069,u130,3,directed
u141,u209,0.5,undirected
u020,u111,1,directed
u380,u048,1,directed
u266,u119,1,directed
u288,u314,1,directed
u377,u069,1,directed
u216,u250,1,directed
u242,u355,1,directed
u335,u158,0.5,undirected
u012,u255,1,directed
u171,u081,1,directed
u333,u372,1,directed
u092,u324,0.5,undirected
u380,u081,3,directed
u289,u273,0.5,undirected
u119,u333,3,directed
u035,u410,1,directed
u225,u321,1,directed
u225,u160,1,directed
u206,u396,1,directed
u115,u090,0.5,undirected
u048,u193,0.5,undirected
u324,u402,1,directed
u375,u192,3,directed
u107,u076,1,directed
u101,u293,1,directed
u033,u183,0.5,undirected
u386,u068,1,directed
u225,u415,1,directed
u313,u108,1,directed
u279,u392,1,directed
u035,u016,1,directed
u018,u140,1,directed
u135,u397,1,directed
u321,u360,0.5,undirected
u321,u132,1,directed
u166,u160,0.5,undirected
u343,u268,3,directed
u132,u321,1,directed
u132,u285,1,directed
u335,u380,1,directed
u289,u104,1,directed
u419,u368,3,directed
u226,u061,3,directed
u290,u027,1,directed
u141,u277,3,directed
u158,u148,3,directed
u250,u333,1,directed
u293,u225,3,directed
u289,u319,1,directed
u171,u392,3,directed
u279,u410,1,directed
u111,u212,1,directed
u186,u081,1,directed
u417,u007,1,directed
u085,u333,1,directed
u007,u288,1,directed
u348,u039,1,directed
u250,u026,0.5,undirected
u336,u372,1,directed
u250,u288,0.5,undirected
u333,u020,0.5,undirected
u387,u131,3,directed
u157,u251,1,directed
u141,u291,1,directed
u279,u173,1,directed
u316,u419,1,directed
u056,u081,3,directed
u105,u337,1,directed
u176,u069,1,directed
u111,u397,1,directed
u307,u331,1,directed
u110,u387,1,directed
u176,u069,3,directed
u387,u148,0.5,undirected
u188,u323,0.5,undirected
u115,u140,1,directed
u286,u058,0.5,undirected
u121,u353,1,directed
u018,u136,1,directed
u170,u249,1,directed
u313,u216,1,directed
u288,u333,0.5,undirected
u111,u191,1,directed
u225,u209,1,directed
u030,u042,1,directed
u251,u058,3,directed
u059,u007,1,directed
u073,u018,1,directed
u071,u065,1,directed
u250,u007,1,directed
u380,u159,1,directed
u069,u353,3,directed
u018,u382,3,directed
u067,u386,1,directed
u167,u296,0.5,undirected
u007,u119,1,directed
u373,u418,1,directed
u222,u333,0.5,undirected
u121,u069,1,directed
u225,u075,0.5,undirected
u323,u282,1,directed
u384,u276,1,directed
u010,u299,0.5,undirected
u269,u367,0.5,undirected
u356,u223,1,directed
u196,u253,1,directed
u016,u367,0.5,undirected
u302,u387,1,directed
u350,u289,0.5,undirected
u250,u069,1,directed
u410,u081,0.5,undirected
u101,u133,0.5,undirected
u319,u018,1,directed
u375,u155,1,directed
u413,u145,1,directed
u063,u149,1,directed
u414,u148,0.5,undirected
u379,u018,1,directed
u279,u171,3,directed
u266,u258,1,directed
u387,u007,0.5,undirected
u119,u177,1,directed
u379,u034,0.5,undirected
u152,u340,1,directed
u186,u035,1,directed
u034,u116,1,directed
u026,u372,3,directed
u225,u319,3,directed
u018,u391,3,directed
u231,u018,1,directed
u322,u001,0.5,undirected
u014,u152,1,directed
u022,u216,1,directed
u095,u078,1,directed
u372,u262,1,directed
u238,u057,3,directed
u007,u064,1,directed
u194,u380,0.5,undirected
u360,u415,1,directed
u160,u082,1,directed
u393,u293,1,directed
u199,u382,1,directed
u299,u324,1,directed
u121,u412,0.5,undirected
u081,u171,1,directed
u016,u018,1,directed
u018,u198,3,directed
u171,u410,0.5,undirected
u216,u042,1,directed
u375,u192,1,directed
u024,u251,3,directed
u333,u354,0.5,undirected
u046,u018,1,directed
u080,u359,1,directed
u156,u319,3,directed
u216,u399,1,directed
u137,u018,1,directed
u115,u175,0.5,undirected
u016,u081,0.5,undirected
u119,u313,3,directed
u114,u035,0.5,undirected
u294,u386,1,directed
u255,u286,1,directed
u234,u366,3,directed
u136,u115,0.5,undirected
u400,u158,1,directed
u031,u187,1,directed
u199,u068,0.5,undirected
u248,u101,0.5,undirected
u333,u359,1,directed
u029,u160,1,directed
u158,u380,1,directed
u225,u414,0.5,undirected
u293,u395,1,directed
u200,u107,1,directed
u324,u412,3,directed
u158,u195,1,directed
u061,u242,3,directed
u225,u317,0.5,undirected
u341,u166,1,directed
u279,u367,1,directed
u354,u222,1,directed
u386,u119,1,directed
u333,u308,1,directed
u302,u036,3,directed
u225,u293,3,directed
u344,u008,1,directed
u242,u328,1,directed
u293,u225,1,directed
u011,u245,3,directed
u116,u262,1,directed
u276,u221,0.5,undirected
u007,u333,0.5,undirected
u075,u415,1,directed
u043,u081,1,directed
u090,u115,1,directed
u389,u387,1,directed
u141,u277,0.5,undirected
u319,u360,3,directed
u384,u018,3,directed
u289,u202,1,directed
u367,u056,1,directed
u318,u163,1,directed
u222,u308,0.5,undirected
u158,u400,1,directed
u285,u225,1,directed
u101,u280,1,directed
u141,u081,3,directed
u007,u354,1,directed
u141,u081,1,directed
u403,u375,1,directed
u380,u394,1,directed
u236,u144,1,directed
u260,u387,0.5,undirected
u019,u324,0.5,undirected
u401,u007,1,directed
u081,u157,1,directed
u370,u293,0.5,undirected
u378,u256,1,directed
u018,u380,1,directed
u380,u387,0.5,undirected
u314,u333,1,directed
u069,u223,1,directed
u412,u008,1,directed
u324,u018,1,directed
u197,u412,1,directed
u341,u036,0.5,undirected
u298,u386,1,directed
u277,u238,1,directed
u158,u387,1,directed
u072,u069,0.5,undirected
u043,u412,3,directed
u141,u206,1,directed
u305,u007,0.5,undirected
u007,u288,3,directed
u158,u380,1,directed
u313,u082,1,directed
u051,u087,1,directed
u413,u248,0.5,undirected
u160,u225,1,directed
u018,u327,3,directed
u007,u278,1,directed
u376,u160,1,directed
u366,u234,1,directed
u254,u324,1,directed
u018,u107,1,directed
u036,u341,1,directed
u121,u112,1,directed
u292,u387,1,directed
u090,u018,3,directed
u412,u069,3,directed
u204,u380,1,directed
u187,u299,3,directed
u043,u410,0.5,undirected
u069,u253,1,directed
u101,u138,1,directed
u018,u324,1,directed
u242,u107,3,directed
u008,u272,1,directed
u141,u016,1,directed
u259,u161,0.5,undirected
u036,u289,0.5,undirected
u283,u062,0.5,undirected
u160,u104,1,directed
u128,u260,3,directed
u218,u158,1,directed
u324,u061,3,directed
u293,u225,1,directed
u087,u018,1,directed
u140,u018,1,directed
u069,u412,1,directed
u160,u236,1,directed
u233,u280,0.5,undirected
u080,u022,3,directed
u139,u333,1,directed
u182,u312,3,directed
u225,u100,1,directed
u168,u200,1,directed
u158,u060,3,directed
u390,u073,0.5,undirected
u239,u081,1,directed
u303,u076,0.5,undirected
u396,u272,1,directed
u018,u122,1,directed
u022,u018,0.5,undirected
u095,u058,1,directed
u372,u187,0.5,undirected
u007,u040,1,directed
u163,u106,0.5,undirected
u332,u184,3,directed
u374,u127,1,directed
u112,u069,1,directed
u128,u419,1,directed
u412,u292,1,directed
u204,u380,1,directed
u160,u069,0.5,undirected
u419,u121,3,directed
u332,u355,0.5,undirected
u123,u372,0.5,undirected
u023,u248,3,directed
u039,u357,1,directed
u153,u184,1,directed
u396,u112,1,directed
u018,u271,1,directed
u198,u018,3,directed
u075,u415,1,directed
u018,u069,1,directed
u352,u121,0.5,undirected
u310,u058,1,directed
u171,u380,1,directed
u382,u018,1,directed
u135,u075,0.5,undirected
u327,u332,1,directed
u069,u130,0.5,undirected
u142,u211,1,directed
u023,u171,1,directed
u069,u046,3,directed
u085,u380,1,directed
u115,u198,3,directed
u245,u287,1,directed
u127,u416,1,directed
u387,u158,1,directed
u346,u001,1,directed
u225,u135,1,directed
u170,u398,0.5,undirected
u396,u069,1,directed
u383,u171,3,directed
u351,u158,3,directed
u090,u391,3,directed
u077,u081,0.5,undirected
u259,u119,1,directed
u403,u057,1,directed
u225,u018,3,directed
u277,u157,1,directed
u415,u225,3,directed
u158,u323,1,directed
u081,u410,3,directed
u160,u215,3,directed
u209,u319,3,directed
u184,u018,0.5,undirected
u212,u338,0.5,undirected
u141,u063,0.5,undirected
u280,u217,1,directed
u154,u234,0.5,undirected
u139,u080,3,directed
u170,u133,1,directed
u396,u069,0.5,undirected
u405,u069,3,directed
u340,u048,1,directed
u018,u372,1,directed
u310,u377,1,directed
u359,u333,3,directed
u216,u047,1,directed
u316,u139,1,directed
u279,u229,0.5,undirected
u405,u018,3,directed
u293,u160,1,directed
u067,u296,1,directed
u310,u072,1,directed
u037,u293,3,directed
u081,u171,1,directed
u225,u104,1,directed
u187,u320,1,directed
u058,u016,0.5,undirected
u107,u018,0.5,undirected
u016,u173,1,directed
u257,u200,0.5,undirected
u225,u289,0.5,undirected
u001,u170,1,directed
u417,u250,0.5,undirected
u293,u225,1,directed
u128,u134,3,directed
u394,u387,1,directed
u069,u412,0.5,undirected
u069,u130,3,directed
u278,u177,0.5,undirected
u212,u009,1,directed
u242,u276,1,directed
u058,u301,1,directed
u302,u202,3,directed
u413,u393,0.5,undirected
u293,u361,1,directed
u319,u013,1,directed
u016,u406,3,directed
u301,u016,1,directed
u412,u331,1,directed
u130,u412,1,directed
u042,u308,1,directed
u152,u359,1,directed
u396,u112,0.5,undirected
u304,u341,1,directed
u115,u372,1,directed
u208,u412,0.5,undirected
u198,u061,0.5,undirected
u233,u105,3,directed
u310,u250,3,directed
u048,u340,1,directed
u232,u402,1,directed
u016,u171,3,directed
u236,u326,3,directed
u102,u018,1,directed
u225,u166,1,directed
u037,u279,0.5,undirected
u319,u225,0.5,undirected
u007,u308,1,directed
u018,u332,3,directed
u333,u297,1,directed
u008,u237,1,directed
u158,u380,3,directed
u396,u069,1,directed
u316,u053,1,directed
u100,u242,1,directed
u018,u339,0.5,undirected
u090,u100,1,directed
u116,u213,3,directed
u386,u158,1,directed
u280,u245,1,directed
u167,u394,3,directed
u380,u386,1,directed
u171,u081,1,directed
u102,u090,1,directed
u288,u243,1,directed
u049,u250,0.5,undirected
u133,u071,1,directed
u287,u322,1,directed
u159,u145,0.5,undirected
u091,u160,3,directed
u036,u293,1,directed
u090,u372,0.5,undirected
u014,u007,1,directed
u384,u402,3,directed
u158,u387,1,directed
u081,u255,1,directed
u415,u160,0.5,undirected
u225,u181,1,directed
u158,u386,1,directed
u069,u396,1,directed
u392,u355,3,directed
u160,u302,1,directed
u215,u359,1,directed
u113,u392,3,directed
u293,u225,1,directed
u329,u141,1,directed
u157,u171,0.5,undirected
u299,u274,1,directed
u158,u380,1,directed
u110,u236,0.5,undirected
u097,u333,1,directed
u277,u141,1,directed
u392,u043,0.5,undirected
u392,u171,0.5,undirected
u160,u225,1,directed
u309,u158,1,directed
u052,u278,1,directed
u110,u386,1,directed
u393,u101,3,directed
u030,u007,1,directed
u379,u107,0.5,undirected
u020,u354,0.5,undirected
u185,u415,1,directed
u121,u008,1,directed
u225,u018,1,directed
u099,u168,0.5,undirected
u121,u111,3,directed
u290,u280,3,directed
u180,u176,1,directed
u355,u372,1,directed
u135,u133,1,directed
u387,u394,0.5,undirected
u391,u276,1,directed
u132,u150,0.5,undirected
u288,u179,1,directed
u245,u101,3,directed
u393,u088,1,directed
u259,u121,3,directed
u128,u277,3,directed
u014,u365,1,directed
u016,u171,1,directed
u152,u347,1,directed
u411,u286,1,directed
u116,u276,1,directed
u170,u182,3,directed
u007,u069,1,directed
u276,u107,3,directed
u038,u171,0.5,undirected
u076,u003,3,directed
u065,u069,1,directed
u250,u007,1,directed
u203,u286,0.5,undirected
u335,u296,1,directed
u058,u383,1,directed
u115,u090,0.5,undirected
u309,u316,1,directed
u305,u216,0.5,undirected
u203,u309,1,directed
u081,u119,1,directed
u276,u226,1,directed
u139,u250,1,directed
u187,u116,3,directed
u169,u053,3,directed
u052,u333,3,directed
u157,u081,1,directed
u335,u158,1,directed
u106,u007,3,directed
u016,u157,0.5,undirected
u141,u311,3,directed
u171,u251,1,directed
u069,u334,1,directed
u119,u058,1,directed
u111,u259,1,directed
u207,u225,0.5,undirected
u354,u119,3,directed
u018,u187,1,directed
u308,u242,0.5,undirected
u380,u283,1,directed
u323,u110,1,directed
u152,u151,0.5,undirected
u160,u166,1,directed
u141,u411,3,directed
u035,u279,1,directed
u005,u112,0.5,undirected
u412,u391,3,directed
u134,u069,3,directed
u007,u139,1,directed
u043,u016,1,directed
u020,u007,1,directed
u012,u171,0.5,undirected
u319,u156,1,directed
u224,u372,3,directed
u340,u380,1,directed
u334,u367,3,directed
u175,u262,1,directed
u314,u225,1,directed
u410,u081,1,directed
u116,u003,3,directed
u236,u263,3,directed
u118,u236,1,directed
u335,u158,0.5,undirected
u289,u004,3,directed
u158,u380,1,directed
u115,u073,1,directed
u184,u061,0.5,undirected
u410,u016,3,directed
u372,u115,1,directed
u143,u193,3,directed
u367,u188,1,directed
u198,u090,1,directed
u123,u018,1,directed
u328,u346,1,directed
u069,u412,0.5,undirected
u171,u311,1,directed
u160,u111,0.5,undirected
u120,u279,1,directed
u109,u402,3,directed
u299,u372,0.5,undirected
u225,u302,1,directed
u338,u008,1,directed
u160,u225,1,directed
u275,u365,1,directed
u081,u157,3,directed
u142,u046,1,directed
u394,u195,1,directed
u123,u018,1,directed
u356,u069,1,directed
u069,u412,1,directed
u269,u392,0.5,undirected
u121,u355,1,directed
u132,u293,1,directed
u018,u249,3,directed
u309,u344,1,directed
u069,u008,3,directed
u392,u016,3,directed
u160,u396,1,directed
u386,u158,1,directed
u324,u090,0.5,undirected
u288,u049,1,directed
u371,u412,1,directed
u100,u018,1,directed
u058,u277,1,directed
u380,u158,1,directed
u113,u269,1,directed
u225,u293,1,directed
u366,u096,3,directed
u169,u413,3,directed
u020,u345,3,directed
u276,u242,0.5,undirected
u176,u223,1,directed
u169,u170,1,directed
u205,u007,3,directed
u324,u339,1,directed
u393,u142,3,directed
u018,u170,3,directed
u016,u141,0.5,undirected
u255,u157,1,directed
u336,u123,1,directed
u076,u324,3,directed
u209,u118,1,directed
u354,u108,1,directed
u098,u018,1,directed
u387,u335,3,directed
u167,u282,1,directed
u242,u076,1,directed
u018,u324,1,directed
u216,u087,1,directed
u124,u018,1,directed
u359,u417,0.5,undirected
u018,u107,1,directed
u160,u225,3,directed
u335,u364,0.5,undirected
u342,u380,0.5,undirected
u225,u082,0.5,undirected
u132,u160,1,directed
u018,u175,1,directed
u106,u354,1,directed
u145,u393,1,directed
u417,u123,3,directed
u119,u069,1,directed
u353,u057,1,directed
u075,u202,1,directed
u169,u284,1,directed
u234,u237,1,directed
u162,u341,1,directed
u333,u270,3,directed
u387,u085,1,directed
u380,u383,3,directed
u081,u063,0.5,undirected
u333,u405,1,directed
u187,u324,1,directed
u123,u018,3,directed
u060,u260,1,directed
u341,u395,3,directed
u115,u076,0.5,undirected
u081,u293,3,directed
u402,u355,3,directed
u276,u372,1,directed
u145,u337,0.5,undirected
u086,u292,1,directed
u152,u051,1,directed
u410,u399,3,directed
u293,u225,1,directed
u367,u016,0.5,undirected
u160,u293,1,directed
u004,u225,3,directed
u372,u018,1,directed
u143,u380,1,directed
u280,u169,3,directed
u169,u133,0.5,undirected
u324,u018,0.5,undirected
u043,u171,3,directed
u257,u100,1,directed
u125,u250,3,directed
u018,u324,1,directed
u244,u028,3,directed
u152,u333,1,directed
u018,u178,1,directed
u264,u238,3,directed
u116,u018,1,directed
u332,u018,1,directed
u018,u389,1,directed
u288,u046,3,directed
u372,u018,3,directed
u123,u076,1,directed
u135,u293,3,directed
u193,u147,0.5,undirected
u096,u101,0.5,undirected
u140,u100,1,directed
u366,u028,1,directed
u069,u111,1,directed
u018,u232,1,directed
u076,u018,1,directed
u296,u195,1,directed
u088,u322,1,directed
u189,u171,3,directed
u105,u322,1,directed
u141,u009,1,directed
u158,u387,0.5,undirected
u401,u007,0.5,undirected
u324,u382,1,directed
u043,u171,1,directed
u402,u140,3,directed
u214,u127,1,directed
u075,u166,1,directed
u078,u237,1,directed
u288,u052,0.5,undirected
u371,u352,0.5,undirected
u288,u125,0.5,undirected
u007,u288,1,directed
u237,u269,1,directed
u089,u176,1,directed
u143,u387,1,directed
u158,u225,1,directed
u402,u175,1,directed
u039,u119,0.5,undirected
u225,u141,1,directed
u069,u272,3,directed
u410,u411,1,directed
u007,u080,1,directed
u160,u225,1,directed
u310,u412,0.5,undirected
u014,u007,0.5,undirected
u395,u341,1,directed
u069,u165,1,directed
u242,u115,1,directed
u410,u081,0.5,undirected
u158,u195,1,directed
u018,u391,1,directed
u091,u302,1,directed
u394,u046,1,directed
u160,u082,1,directed
u119,u051,1,directed
u062,u007,0.5,undirected
u258,u119,0.5,undirected
u380,u080,3,directed
u225,u325,1,directed
u216,u278,1,directed
u232,u072,3,directed
u229,u314,0.5,undirected
u069,u057,0.5,undirected
u100,u160,3,directed
u391,u276,1,directed
u118,u236,0.5,undirected
u275,u158,0.5,undirected
u076,u410,3,directed
u163,u014,1,directed
u362,u145,3,directed
u279,u311,1,directed
u229,u355,1,directed
u069,u008,1,directed
u016,u410,1,directed
u043,u081,0.5,undirected
u141,u380,1,directed
u016,u077,0.5,undirected
u105,u393,1,directed
u352,u128,0.5,undirected
u357,u007,0.5,undirected
u081,u277,1,directed
u090,u018,0.5,undirected
u250,u215,1,directed
u403,u353,1,directed
u391,u175,3,directed
u018,u321,1,directed
u158,u296,0.5,undirected
u018,u034,0.5,undirected
u293,u162,1,directed
u312,u182,1,directed
u332,u018,1,directed
u387,u259,1,directed
u284,u234,1,directed
u135,u225,1,directed
u128,u245,3,directed
u385,u260,1,directed
u372,u034,1,directed
u007,u365,1,directed
u284,u000,1,directed
u406,u016,1,directed
u232,u018,0.5,undirected
u225,u319,1,directed
u276,u102,1,directed
u121,u112,0.5,undirected
u294,u324,0.5,undirected
u245,u413,3,directed
u278,u333,1,directed
u383,u081,0.5,undirected
u310,u112,1,directed
u076,u355,3,directed
u289,u225,0.5,undirected
u260,u364,1,directed
u279,u367,1,directed
u110,u204,1,directed
u333,u097,0.5,undirected
u346,u220,1,directed
u111,u208,3,directed
u036,u289,1,directed
u280,u279,3,directed
u410,u081,0.5,undirected
u409,u355,0.5,undirected
u242,u116,0.5,undirected
u131,u158,1,directed
u044,u276,1,directed
u018,u026,3,directed
u107,u018,0.5,undirected
u400,u193,1,directed
u235,u240,3,directed
u228,u105,0.5,undirected
u366,u316,1,directed
u016,u171,0.5,undirected
u380,u077,1,directed
u288,u216,0.5,undirected
u048,u335,0.5,undirected
u158,u394,1,directed
u054,u081,3,directed
u340,u158,3,directed
u029,u289,3,directed
u055,u115,1,directed
u111,u069,1,directed
u415,u319,1,directed
u333,u225,0.5,undirected
u367,u171,0.5,undirected
u034,u187,1,directed
u018,u221,0.5,undirected
u387,u380,1,directed
u141,u416,3,directed
u158,u296,1,directed
u390,u369,1,directed
u100,u226,0.5,undirected
u020,u155,1,directed
u072,u192,1,directed
u103,u018,0.5,undirected
u136,u324,0.5,undirected
u288,u007,1,directed
u225,u007,1,directed
u134,u212,3,directed
u153,u395,1,directed
u194,u342,1,directed
u234,u235,1,directed
u288,u033,0.5,undirected
u018,u073,3,directed
u153,u372,1,directed
u012,u081,1,directed
u114,u018,1,directed
u225,u289,1,directed
u048,u060,1,directed
u327,u046,1,directed
u348,u366,1,directed
u141,u171,1,directed
u119,u205,1,directed
u069,u192,0.5,undirected
u288,u046,1,directed
u128,u069,1,directed
u135,u282,1,directed
u016,u392,1,directed
u317,u029,1,directed
u082,u225,3,directed
u187,u018,1,directed
u380,u062,0.5,undirected
u042,u064,1,directed
u176,u111,1,directed
u356,u080,3,directed
u217,u234,1,directed
u116,u379,0.5,undirected
u081,u251,1,directed
u380,u167,3,directed
u250,u163,1,directed
u076,u251,1,directed
u018,u187,1,directed
u358,u271,1,directed
u306,u115,1,directed
u066,u111,1,directed
u158,u386,1,directed
u069,u111,1,directed
u171,u081,3,directed
u275,u380,1,directed
u380,u048,1,directed
u016,u081,1,directed
u072,u118,3,directed
u410,u234,0.5,undirected
u401,u255,0.5,undirected
u324,u242,0.5,undirected
u333,u125,1,directed
u042,u119,1,directed
u267,u402,1,directed
u111,u281,3,directed
u386,u062,1,directed
u225,u036,1,directed
u169,u182,1,directed
u030,u250,0.5,undirected
u372,u018,1,directed
u081,u016,1,directed
u158,u018,1,directed
u069,u223,1,directed
u327,u007,1,directed
u324,u391,1,directed
u081,u016,0.5,undirected
u412,u403,1,directed
u064,u119,0.5,undirected
u076,u193,0.5,undirected
u028,u070,0.5,undirected
u380,u158,3,directed
u214,u313,1,directed
u018,u382,0.5,undirected
u049,u250,0.5,undirected
u338,u051,3,directed
u014,u020,1,directed
u200,u368,1,directed
u018,u200,1,directed
u018,u115,3,directed
u141,u277,1,directed
u133,u413,1,directed
u240,u372,0.5,undirected
u069,u250,1,directed
u402,u329,0.5,undirected
u158,u380,0.5,undirected
u113,u171,1,directed
u311,u081,1,directed
u223,u352,1,directed
u348,u396,1,directed
u171,u277,1,directed
u157,u276,1,directed
u007,u258,3,directed
u314,u243,1,directed
u158,u400,3,directed
u158,u204,1,directed
u119,u020,1,directed
u037,u293,1,directed
u065,u134,0.5,undirected
u018,u225,1,directed
u325,u028,1,directed
u287,u217,1,directed
u025,u127,1,directed
u106,u125,1,directed
u198,u018,1,directed
u082,u225,0.5,undirected
u243,u354,1,directed
u225,u285,1,directed
u355,u061,3,directed
u068,u387,1,directed
u141,u016,0.5,undirected
u165,u403,3,directed
u385,u295,0.5,undirected
u299,u018,1,directed
u090,u242,3,directed
u335,u067,1,directed
u007,u139,1,directed
u090,u369,1,directed
u195,u386,1,directed
u090,u018,1,directed
u380,u139,0.5,undirected
u230,u157,0.5,undirected
u392,u171,1,directed
u333,u046,1,directed
u090,u058,1,directed
u092,u018,1,directed
u047,u115,1,directed
u319,u160,0.5,undirected
u077,u018,1,directed
u161,u375,1,directed
u314,u080,1,directed
u018,u324,1,directed
u069,u180,0.5,undirected
u093,u217,1,directed
u193,u412,3,directed
u008,u250,0.5,undirected
u299,u044,3,directed
u417,u333,3,directed
u248,u027,0.5,undirected
u374,u053,1,directed
u234,u142,1,directed
u400,u380,0.5,undirected
u245,u236,3,directed
u081,u410,0.5,undirected
u386,u045,3,directed
u185,u275,1,directed
u141,u171,1,directed
u225,u321,1,directed
u016,u265,1,directed
u234,u287,1,directed
u181,u293,0.5,undirected
u416,u217,1,directed
u279,u203,1,directed
u240,u233,1,directed
u289,u395,1,directed
u276,u018,1,directed
u286,u058,0.5,undirected
u299,u184,0.5,undirected
u119,u069,0.5,undirected
u069,u375,1,directed
u195,u158,1,directed
u304,u360,1,directed
u171,u173,1,directed
u160,u293,1,directed
u121,u069,0.5,undirected
u160,u132,1,directed
u195,u167,1,directed
u372,u018,1,directed
u018,u118,0.5,undirected
u394,u062,0.5,undirected
u323,u183,1,directed
u067,u387,1,directed
u187,u324,1,directed
u324,u158,1,directed
u240,u287,3,directed
u391,u107,1,directed
u007,u347,0.5,undirected
u289,u225,0.5,undirected
u341,u160,1,directed
u141,u367,1,directed
u258,u333,3,directed
u282,u194,1,directed
u251,u329,1,directed
u077,u255,0.5,undirected
u230,u171,0.5,undirected
u373,u141,3,directed
u011,u154,0.5,undirected
u136,u018,1,directed
u018,u136,1,directed
u018,u276,3,directed
u337,u233,1,directed
u225,u395,1,directed
u115,u276,1,directed
u086,u044,1,directed
u380,u260,0.5,undirected
u367,u149,1,directed
u177,u214,1,directed
u341,u036,1,directed
u384,u018,1,directed
u117,u380,3,directed
u100,u276,1,directed
u141,u181,1,directed
u372,u034,3,directed
u379,u018,1,directed
u171,u392,0.5,undirected
u018,u242,1,directed
u206,u171,1,directed
u213,u069,1,directed
u069,u118,1,directed
u288,u333,0.5,undirected
u158,u085,1,directed
u187,u184,3,directed
u048,u380,0.5,undirected
u018,u076,0.5,undirected
u018,u207,1,directed
u052,u152,1,directed
u304,u018,0.5,undirected
u380,u260,1,directed
u352,u069,1,directed
u276,u332,3,directed
u063,u014,1,directed
u152,u160,0.5,undirected
u251,u171,3,directed
u324,u225,3,directed
u387,u407,3,directed
u171,u023,3,directed
u081,u197,0.5,undirected
u386,u062,3,directed
u368,u396,0.5,undirected
u248,u027,1,directed
u134,u197,1,directed
u048,u068,0.5,undirected
u402,u187,1,directed
u366,u228,1,directed
u333,u130,1,directed
u372,u115,0.5,undirected
u288,u111,1,directed
u158,u394,1,directed
u030,u243,3,directed
u236,u145,1,directed
u176,u065,1,directed
u101,u217,1,directed
u230,u242,1,directed
u101,u145,1,directed
u110,u260,1,directed
u160,u225,1,directed
u031,u018,1,directed
u148,u380,3,directed
u201,u016,1,directed
u073,u018,1,directed
u163,u052,1,directed
u231,u274,0.5,undirected
u380,u136,1,directed
u044,u175,1,directed
u419,u069,1,directed
u298,u387,3,directed
u225,u160,1,directed
u160,u415,1,directed
u248,u233,1,directed
u225,u202,1,directed
u356,u111,0.5,undirected
u184,u152,1,directed
u382,u187,1,directed
u160,u225,3,directed
u089,u223,1,directed
u324,u090,3,directed
u116,u320,1,directed
u332,u024,3,directed
u384,u137,1,directed
u356,u069,3,directed
u326,u393,0.5,undirected
u314,u031,1,directed
u007,u216,1,directed
u069,u353,1,directed
u339,u090,1,directed
u384,u372,1,directed
u249,u244,3,directed
u237,u121,1,directed
u225,u302,1,directed
u136,u076,0.5,undirected
u279,u286,3,directed
u225,u325,1,directed
u007,u051,1,directed
u057,u253,1,directed
u162,u293,1,directed
u007,u052,1,directed
u092,u293,0.5,undirected
u119,u288,3,directed
u189,u317,1,directed
u223,u212,0.5,undirected
u136,u132,1,directed
u332,u384,0.5,undirected
u112,u165,1,directed
u230,u133,1,directed
u023,u251,0.5,undirected
u008,u344,0.5,undirected
u160,u390,1,directed
u366,u219,1,directed
u144,u069,1,directed
u382,u086,1,directed
u081,u418,3,directed
u347,u108,1,directed
u171,u291,1,directed
u294,u158,1,directed
u364,u158,0.5,undirected
u225,u160,0.5,undirected
u410,u406,1,directed
u119,u354,0.5,undirected
u240,u221,1,directed
u069,u111,1,directed
u212,u190,1,directed
u111,u223,1,directed
u082,u394,1,directed
u043,u410,3,directed
u105,u028,1,directed
u228,u287,0.5,undirected
u069,u338,1,directed
u171,u081,1,directed
u081,u171,3,directed
u303,u060,1,directed
u018,u404,0.5,undirected
u310,u069,0.5,undirected
u158,u215,0.5,undirected
u043,u367,1,directed
u367,u149,3,directed
u333,u171,1,directed
u007,u018,3,directed
u121,u069,1,directed
u165,u180,0.5,undirected
u007,u401,3,directed
u372,u232,3,directed
u022,u399,1,directed
u284,u288,1,directed
u321,u225,1,directed
u052,u216,1,directed
u029,u293,1,directed
u245,u374,1,directed
u171,u301,1,directed
u121,u132,1,directed
u415,u225,0.5,undirected
u213,u111,3,directed
u008,u233,3,directed
u020,u046,3,directed
u016,u279,3,directed
u158,u110,3,directed
u228,u028,0.5,undirected
u018,u090,1,directed
u232,u372,0.5,undirected
u382,u200,3,directed
u378,u349,1,directed
u341,u377,1,directed
u152,u333,1,directed
u333,u279,1,directed
u316,u159,0.5,undirected
u321,u324,3,directed
u069,u271,1,directed
u098,u018,1,directed
u031,u372,1,directed
u251,u410,1,directed
u185,u319,3,directed
u158,u079,1,directed
u326,u219,1,directed
u069,u310,1,directed
u171,u081,3,directed
u167,u392,1,directed
u046,u216,3,directed
u387,u158,3,directed
u366,u408,1,directed
u125,u018,1,directed
u141,u251,0.5,undirected
u016,u171,1,directed
u184,u010,1,directed
u046,u297,1,directed
u413,u416,1,directed
u087,u250,3,directed
u384,u018,1,directed
u042,u356,1,directed
u160,u225,1,directed
u171,u157,1,directed
u079,u303,3,directed
u417,u288,0.5,undirected
u412,u272,1,directed
u372,u384,1,directed
u136,u198,1,directed
u158,u147,3,directed
u069,u331,1,directed
u038,u367,1,directed
u059,u152,1,directed
u332,u005,1,directed
u272,u089,1,directed
u171,u380,3,directed
u225,u341,1,directed
u081,u230,1,directed
u069,u375,1,directed
u171,u418,1,directed
u007,u214,1,directed
u159,u219,1,directed
u014,u250,1,directed
u383,u299,1,directed
u007,u119,0.5,undirected
u225,u228,1,directed
u014,u090,1,directed
u160,u209,0.5,undirected
u080,u288,3,directed
u186,u081,1,directed
u115,u136,1,directed
u125,u007,1,directed
u026,u195,1,directed
u277,u410,3,directed
u386,u051,1,directed
u158,u335,1,directed
u081,u265,1,directed
u018,u276,1,directed
u302,u321,3,directed
u310,u128,1,directed
u141,u383,0.5,undirected
u395,u319,1,directed
u050,u419,3,directed
u080,u016,3,directed
u171,u230,1,directed
u078,u276,0.5,undirected
u141,u119,1,directed
u016,u018,3,directed
u062,u380,3,directed
u316,u096,0.5,undirected
u333,u125,1,directed
u276,u409,0.5,undirected
u189,u077,3,directed
u417,u059,1,directed
u371,u069,1,directed
u288,u018,1,directed
u037,u082,1,directed
u225,u341,1,directed
u069,u016,0.5,undirected
u171,u081,1,directed
u223,u197,0.5,undirected
u158,u389,3,directed
u141,u410,1,directed
u326,u306,1,directed
u293,u150,3,directed
u220,u233,1,directed
u293,u135,3,directed
u394,u340,3,directed
u001,u280,1,directed
u280,u200,3,directed
u081,u141,1,directed
u330,u163,3,directed
u274,u111,0.5,undirected
u111,u057,1,directed
u158,u340,1,directed
u387,u340,0.5,undirected
u225,u360,1,directed
u018,u379,1,directed
u230,u016,1,directed
u225,u302,1,directed
u251,u171,0.5,undirected
u023,u018,1,directed
u302,u225,0.5,undirected
u112,u338,3,directed
u018,u103,1,directed
u013,u225,1,directed
u052,u163,1,directed
u299,u369,1,directed
u353,u158,1,directed
u194,u387,1,directed
u171,u043,3,directed
u387,u148,0.5,undirected
u284,u088,1,directed
u091,u181,0.5,undirected
u158,u380,1,directed
u018,u225,1,directed
u412,u050,3,directed
u370,u225,0.5,undirected
u416,u160,1,directed
u152,u305,0.5,undirected
u161,u396,1,directed
u407,u387,1,directed
u048,u294,0.5,undirected
u203,u251,0.5,undirected
u069,u377,1,directed
u374,u053,1,directed
u018,u198,1,directed
u007,u288,0.5,undirected
u158,u110,1,directed
u333,u074,1,directed
u324,u121,3,directed
u214,u347,1,directed
u007,u372,1,directed
u411,u301,1,directed
u061,u226,1,directed
u225,u150,0.5,undirected
u267,u031,1,directed
u338,u095,3,directed
u008,u412,1,directed
u345,u225,0.5,undirected
u071,u011,0.5,undirected
u133,u413,1,directed
u018,u076,1,directed
u237,u171,1,directed
u285,u013,0.5,undirected
u380,u394,1,directed
u187,u198,1,directed
u392,u018,3,directed
u336,u250,1,directed
u078,u069,1,directed
u046,u007,0.5,undirected
u385,u081,1,directed
u171,u126,1,directed
u396,u375,3,directed
u380,u354,1,directed
u016,u007,1,directed
u394,u387,3,directed
u158,u143,0.5,undirected
u333,u383,1,directed
u225,u410,1,directed
u163,u318,1,directed
u158,u046,0.5,undirected
u396,u223,3,directed
u412,u371,0.5,undirected
u202,u148,0.5,undirected
u334,u225,1,directed
u205,u152,0.5,undirected
u111,u246,1,directed
u377,u069,3,directed
u333,u040,1,directed
u265,u158,3,directed
u088,u045,1,directed
u160,u185,1,directed
u396,u196,1,directed
u081,u016,0.5,undirected
u347,u022,3,directed
u223,u121,3,directed
u316,u301,1,directed
u141,u373,1,directed
u007,u048,1,directed
u160,u036,0.5,undirected
u242,u327,1,directed
u333,u007,1,directed
u057,u087,1,directed
u018,u232,1,directed
u209,u225,1,directed
u130,u176,1,directed
u133,u220,1,directed
u378,u412,0.5,undirected
u225,u036,3,directed
u318,u214,3,directed
u340,u143,3,directed
u323,u287,0.5,undirected
u003,u198,3,directed
u411,u016,3,directed
u069,u176,0.5,undirected
u203,u141,1,directed
u387,u380,0.5,undirected
u225,u321,1,directed
u394,u158,1,directed
u018,u115,3,directed
u119,u014,0.5,undirected
u158,u062,1,directed
u386,u110,1,directed
u007,u357,0.5,undirected
u018,u123,3,directed
u030,u014,3,directed
u158,u387,0.5,undirected
u106,u288,1,directed
u081,u043,3,directed
u364,u147,1,directed
u236,u120,0.5,undirected
u288,u007,3,directed
u232,u044,1,directed
u067,u195,0.5,undirected
u086,u018,1,directed
u392,u334,3,directed
u141,u016,3,directed
u193,u158,1,directed
u101,u284,1,directed
u202,u319,0.5,undirected
u069,u399,1,directed
u371,u377,3,directed
u018,u372,0.5,undirected
u162,u092,1,directed
u007,u097,1,directed
u128,u271,1,directed
u392,u081,1,directed
u152,u344,3,directed
u081,u016,1,directed
u093,u115,3,directed
u339,u168,0.5,undirected
u225,u360,1,directed
u302,u021,1,directed
u001,u105,1,directed
u187,u136,3,directed
u319,u225,0.5,undirected
u115,u018,3,directed
u382,u276,3,directed
u036,u160,0.5,undirected
u069,u271,0.5,undirected
u249,u312,0.5,undirected
u386,u067,1,directed
u158,u387,1,directed
u324,u005,1,directed
u337,u235,1,directed
u387,u386,0.5,undirected
u034,u339,1,directed
u097,u266,1,directed
u141,u043,1,directed
u090,u302,1,directed
u043,u343,1,directed
u231,u116,1,directed
u333,u399,0.5,undirected
u415,u304,1,directed
u038,u171,3,directed
u225,u319,1,directed
u372,u073,0.5,undirected
u410,u171,1,directed
u330,u040,1,directed
u276,u324,0.5,undirected
u037,u119,3,directed
u225,u075,3,directed
u216,u345,1,directed
u037,u415,3,directed
u084,u080,0.5,undirected
u318,u347,1,directed
u392,u016,1,directed
u143,u389,1,directed
u319,u225,3,directed
u018,u099,1,directed
u141,u410,3,directed
u289,u350,1,directed
u225,u293,1,directed
u081,u255,3,directed
u270,u031,1,directed
u261,u105,0.5,undirected
u160,u036,1,directed
u059,u258,0.5,undirected
u293,u209,1,directed
u090,u098,1,directed
u123,u018,0.5,undirected
u324,u100,1,directed
u298,u380,1,directed
u372,u232,1,directed
u067,u158,3,directed
u018,u289,1,directed
u373,u311,0.5,undirected
u132,u341,0.5,undirected
u326,u101,0.5,undirected
u141,u157,1,directed
u111,u112,0.5,undirected
u033,u288,1,directed
u225,u293,1,directed
u349,u095,3,directed
u169,u245,0.5,undirected
u148,u386,1,directed
u148,u067,1,directed
u145,u366,0.5,undirected
u095,u396,1,directed
u079,u285,1,directed
u081,u160,3,directed
u193,u060,1,directed
u235,u233,1,directed
u266,u152,1,directed
u218,u158,1,directed
u279,u114,1,directed
u123,u061,1,directed
u238,u081,1,directed
u007,u288,1,directed
u394,u260,1,directed
u397,u056,1,directed
u143,u204,3,directed
u415,u225,1,directed
u264,u286,1,directed
u366,u028,1,directed
u018,u242,1,directed
u333,u040,1,directed
u077,u251,1,directed
u090,u124,1,directed
u077,u406,1,directed
u008,u134,1,directed
u018,u005,1,directed
u058,u081,3,directed
u200,u267,1,directed
u197,u412,0.5,undirected
u018,u324,3,directed
u018,u090,0.5,undirected
u007,u216,1,directed
u048,u193,1,directed
u105,u182,0.5,undirected
u297,u313,1,directed
u324,u369,0.5,undirected
u021,u399,3,directed
u194,u158,3,directed
u169,u196,1,directed
u230,u269,0.5,undirected
u387,u060,1,directed
u414,u289,0.5,undirected
u388,u036,1,directed
u386,u040,1,directed
u187,u018,1,directed
u262,u391,3,directed
u265,u077,1,directed
u202,u225,1,directed
u355,u276,3,directed
u100,u109,1,directed
u316,u309,0.5,undirected
u186,u091,1,directed
u197,u128,0.5,undirected
u327,u115,1,directed
u341,u050,3,directed
u030,u039,3,directed
u016,u269,1,directed
u055,u148,1,directed
u158,u380,1,directed
u250,u359,3,directed
u392,u277,1,directed
u221,u336,1,directed
u018,u404,0.5,undirected
u115,u380,0.5,undirected
u204,u394,0.5,undirected
u225,u273,1,directed
u391,u018,1,directed
u380,u117,1,directed
u281,u072,1,directed
u020,u333,3,directed
u197,u069,1,directed
u069,u165,0.5,undirected
u018,u274,1,directed
u416,u001,0.5,undirected
u123,u324,3,directed
u007,u216,1,directed
u158,u364,1,directed
u208,u375,1,directed
u221,u018,1,directed
u398,u287,3,directed
u158,u069,0.5,undirected
u279,u018,1,directed
u018,u005,1,directed
u348,u396,1,directed
u111,u128,1,directed
u152,u032,1,directed
u380,u282,3,directed
u026,u158,3,directed
u236,u133,1,directed
u225,u005,3,directed
u297,u171,1,directed
u324,u339,1,directed
u106,u179,1,directed
u262,u090,1,directed
u353,u121,1,directed
u138,u169,1,directed
u077,u171,1,directed
u290,u280,1,directed
u160,u341,1,directed
u016,u410,1,directed
u223,u069,3,directed
u124,u111,3,directed
u007,u242,1,directed
u125,u210,1,directed
u319,u289,1,directed
u259,u334,0.5,undirected
u371,u069,1,directed
u412,u069,1,directed
u069,u134,3,directed
u011,u219,1,directed
u341,u160,1,directed
u013,u317,1,directed
u140,u070,1,directed
u081,u299,1,directed
u007,u216,0.5,undirected
u239,u186,1,directed
u212,u349,1,directed
u354,u333,1,directed
u396,u069,0.5,undirected
u276,u221,1,directed
u060,u110,1,directed
u386,u387,1,directed
u335,u380,1,directed
u048,u323,3,directed
u410,u367,1,directed
u339,u232,1,directed
u016,u157,1,directed
u134,u382,0.5,undirected
u101,u025,1,directed
u058,u157,0.5,undirected
u089,u057,3,directed
u333,u080,1,directed
u216,u014,0.5,undirected
u121,u378,1,directed
u236,u416,1,directed
u018,u055,1,directed
u262,u187,1,directed
u293,u225,0.5,undirected
u321,u225,0.5,undirected
u265,u081,3,directed
u081,u311,1,directed
u007,u347,1,directed
u105,u154,3,directed
u232,u274,1,directed
u288,u139,1,directed
u315,u212,3,directed
u302,u160,1,directed
u293,u304,1,directed
u043,u077,3,directed
u289,u108,3,directed
u148,u158,0.5,undirected
u288,u051,3,directed
u360,u021,1,directed
u279,u376,1,directed
u018,u372,1,directed
u105,u101,1,directed
u018,u324,1,directed
u150,u132,3,directed
u160,u319,1,directed
u007,u250,1,directed
u293,u212,1,directed
u390,u324,1,directed
u302,u166,1,directed
u135,u334,1,directed
u139,u216,1,directed
u240,u053,3,directed
u302,u075,1,directed
u141,u081,0.5,undirected
u212,u069,1,directed
u008,u161,1,directed
u115,u190,1,directed
u319,u092,0.5,undirected
u380,u387,1,directed
u197,u069,1,directed
u367,u265,3,directed
u314,u216,1,directed
u069,u237,1,directed
u319,u225,0.5,undirected
u250,u266,3,directed
u128,u272,0.5,undirected
u018,u031,1,directed
u018,u061,1,directed
u234,u133,1,directed
u018,u076,1,directed
u265,u016,3,directed
u341,u394,1,directed
u255,u319,1,directed
u392,u410,1,directed
u395,u225,1,directed
u307,u081,0.5,undirected
u324,u224,0.5,undirected
u225,u185,1,directed
u158,u177,3,directed
u233,u200,0.5,undirected
u106,u333,0.5,undirected
u026,u369,1,directed
u408,u018,1,directed
u380,u387,3,directed
u123,u402,3,directed
u333,u214,3,directed
u371,u352,1,directed
u155,u102,1,directed
u222,u115,3,directed
u275,u107,1,directed
u018,u043,1,directed
u048,u335,3,directed
u141,u392,1,directed
u288,u097,1,directed
u212,u069,1,directed
u076,u369,1,directed
u369,u090,1,directed
u387,u110,1,directed
u263,u366,1,directed
u090,u153,1,directed
u020,u046,3,directed
u095,u111,1,directed
u392,u233,3,directed
u058,u367,1,directed
u410,u155,0.5,undirected
u396,u368,1,directed
u044,u228,3,directed
u008,u069,1,directed
u372,u124,1,directed
u158,u110,1,directed
u225,u160,3,directed
u330,u018,1,directed
u125,u227,1,directed
u130,u282,1,directed
u092,u225,0.5,undirected
u016,u141,0.5,undirected
u250,u214,1,directed
u090,u324,1,directed
u069,u212,1,directed
u416,u105,1,directed
u375,u197,0.5,undirected
u185,u092,1,directed
u228,u036,3,directed
u076,u018,3,directed
u332,u372,1,directed
u207,u372,1,directed
u160,u225,3,directed
u149,u113,1,directed
u002,u412,3,directed
u201,u016,3,directed
u277,u279,1,directed
u412,u069,0.5,undirected
u212,u213,0.5,undirected
u335,u158,3,directed
u417,u014,1,directed
u069,u354,3,directed
u158,u340,3,directed
u303,u323,3,directed
u150,u293,1,directed
u018,u007,1,directed
u157,u171,1,directed
u175,u224,0.5,undirected
u069,u000,1,directed
u210,u007,1,directed
u111,u069,0.5,undirected
u245,u170,3,directed
u282,u015,0.5,undirected
u119,u396,1,directed
u115,u380,3,directed
u333,u305,3,directed
u007,u333,1,directed
u224,u231,3,directed
u233,u154,3,directed
u007,u266,3,directed
u380,u067,3,directed
u258,u018,0.5,undirected
u144,u338,1,directed
u081,u418,1,directed
u141,u255,1,directed
u293,u302,0.5,undirected
u293,u132,0.5,undirected
u077,u223,0.5,undirected
u047,u103,3,directed
u077,u081,0.5,undirected
u276,u018,1,directed
u344,u121,1,directed
u018,u026,3,directed
u069,u176,0.5,undirected
u313,u163,0.5,undirected
u141,u239,1,directed
u219,u236,3,directed
u192,u069,1,directed
u417,u365,3,directed
u060,u380,3,directed
u081,u372,3,directed
u163,u250,0.5,undirected
u018,u187,3,directed
u317,u415,1,directed
u171,u277,0.5,undirected
u141,u279,1,directed
u112,u069,1,directed
u175,u018,1,directed
u270,u161,3,directed
u205,u046,1,directed
u333,u394,3,directed
u342,u158,3,directed
u180,u319,1,directed
u116,u018,1,directed
u387,u158,1,directed
u313,u333,1,directed
u121,u069,1,directed
u386,u340,1,directed
u069,u002,0.5,undirected
u124,u136,1,directed
u194,u380,0.5,undirected
u389,u158,1,directed
u008,u089,1,directed
u065,u176,1,directed
u234,u249,1,directed
u415,u293,1,directed
u324,u200,3,directed
u372,u276,0.5,undirected
u160,u225,1,directed
u333,u026,0.5,undirected
u380,u387,1,directed
u277,u050,1,directed
u053,u245,1,directed
u289,u018,1,directed
u051,u052,1,directed
u007,u258,0.5,undirected
u359,u022,1,directed
u380,u342,1,directed
u328,u152,1,directed
u265,u141,0.5,undirected
u357,u367,0.5,undirected
u034,u043,1,directed
u213,u281,1,directed
u380,u386,3,directed
u349,u281,3,directed
u389,u394,1,directed
u223,u069,1,directed
u390,u099,3,directed
u069,u251,3,directed
u158,u289,3,directed
u101,u280,1,directed
u220,u007,1,directed
u392,u251,0.5,undirected
u157,u367,0.5,undirected
u090,u409,1,directed
u247,u171,0.5,undirected
u354,u258,1,directed
u049,u333,3,directed
u380,u387,0.5,undirected
u380,u003,1,directed
u069,u412,1,directed
u258,u039,3,directed
u337,u220,1,directed
u419,u412,1,directed
u115,u187,1,directed
u337,u366,1,directed
u380,u158,0.5,undirected
u197,u223,1,directed
u141,u184,1,directed
u139,u318,1,directed
u016,u043,1,directed
u225,u064,0.5,undirected
u380,u187,1,directed
u200,u372,1,directed
u075,u321,1,directed
u186,u277,3,directed
u225,u241,1,directed
u387,u339,1,directed
u090,u018,1,directed
u058,u043,3,directed
u416,u101,1,directed
u161,u081,1,directed
u152,u007,3,directed
u212,u111,3,directed
u225,u202,1,directed
u392,u277,1,directed
u334,u225,0.5,undirected
u230,u201,1,directed
u018,u353,1,directed
u002,u008,1,directed
u300,u081,0.5,undirected
u333,u007,1,directed
u393,u316,0.5,undirected
u090,u363,1,directed
u069,u008,1,directed
u018,u034,1,directed
u310,u191,3,directed
u404,u320,3,directed
u171,u056,1,directed
u016,u410,0.5,undirected
u269,u081,1,directed
u355,u081,3,directed
u158,u168,1,directed
u275,u110,1,directed
u410,u114,1,directed
u090,u018,0.5,undirected
u035,u081,0.5,undirected
u175,u008,3,directed
u111,u412,1,directed
u081,u406,1,directed
u119,u405,1,directed
u069,u237,3,directed
u368,u069,1,directed
u018,u364,1,directed
u365,u008,0.5,undirected
u058,u171,1,directed
u069,u197,1,directed
u280,u255,3,directed
u056,u016,1,directed
u196,u279,1,directed
u018,u187,0.5,undirected
u395,u225,3,directed
u225,u293,0.5,undirected
u338,u112,1,directed
u370,u162,1,directed
u032,u410,3,directed
u100,u255,1,directed
u225,u293,1,directed
u384,u257,3,directed
u387,u158,1,directed
u333,u014,1,directed
u101,u111,0.5,undirected
u412,u176,0.5,undirected
u116,u018,1,directed
u141,u311,0.5,undirected
u203,u410,3,directed
u220,u101,1,directed
u395,u036,1,directed
u250,u064,1,directed
u158,u048,1,directed
u160,u370,1,directed
u046,u112,1,directed
u293,u341,1,directed
u120,u244,1,directed
u100,u061,1,directed
u276,u324,3,directed
u361,u293,1,directed
u258,u214,0.5,undirected
u057,u375,1,directed
u241,u225,1,directed
u018,u090,1,directed
u059,u288,1,directed
u141,u081,1,directed
u225,u075,1,directed
u198,u391,0.5,undirected
u372,u116,1,directed
u141,u016,3,directed
u233,u236,3,directed
u127,u145,0.5,undirected
u162,u321,1,directed
u387,u294,1,directed
u160,u225,3,directed
u153,u007,1,directed
u349,u002,1,directed
u115,u187,1,directed
u256,u198,3,directed
u160,u302,3,directed
u143,u060,1,directed
u242,u119,3,directed
u095,u410,0.5,undirected
u208,u069,1,directed
u233,u306,1,directed
u115,u158,0.5,undirected
u228,u236,1,directed
u069,u356,1,directed
u418,u392,1,directed
u380,u407,1,directed
u245,u236,0.5,undirected
u094,u158,1,directed
u158,u157,0.5,undirected
u027,u290,0.5,undirected
u007,u070,1,directed
u072,u212,1,directed
u410,u114,0.5,undirected
u242,u061,1,directed
u081,u016,1,directed
u119,u152,3,directed
u324,u372,0.5,undirected
u327,u018,3,directed
u266,u288,1,directed
u076,u200,3,directed
u280,u200,3,directed
u295,u158,3,directed
u025,u233,1,directed
u113,u171,3,directed
u136,u018,1,directed
u380,u143,1,directed
u315,u050,1,directed
u070,u413,1,directed
u137,u018,0.5,undirected
u018,u198,1,directed
u293,u341,0.5,undirected
u380,u158,1,directed
u082,u293,1,directed
u158,u062,0.5,undirected
u069,u095,1,directed
u302,u225,1,directed
u380,u158,0.5,undirected
u018,u339,3,directed
u377,u371,1,directed
u158,u060,1,directed
u103,u295,1,directed
u410,u206,1,directed
u225,u172,1,directed
u018,u299,3,directed
u293,u225,1,directed
u239,u012,1,directed
u343,u157,1,directed
u069,u378,1,directed
u344,u069,3,directed
u216,u007,1,directed
u324,u200,1,directed
u314,u357,0.5,undirected
u231,u018,1,directed
u081,u058,0.5,undirected
u250,u040,1,directed
u232,u242,1,directed
u080,u119,1,directed
u289,u075,1,directed
u099,u005,1,directed
u371,u174,1,directed
u155,u106,1,directed
u057,u223,1,directed
u279,u114,3,directed
u016,u206,3,directed
u105,u248,1,directed
u084,u111,3,directed
u091,u285,1,directed
u032,u106,1,directed
u121,u192,0.5,undirected
u387,u085,0.5,undirected
u160,u299,0.5,undirected
u171,u277,1,directed
u323,u335,3,directed
u158,u069,3,directed
u277,u380,3,directed
u089,u371,3,directed
u349,u212,0.5,undirected
u083,u324,1,directed
u293,u349,1,directed
u237,u066,1,directed
u093,u018,1,directed
u322,u366,1,directed
u277,u392,1,directed
u225,u395,1,directed
u069,u078,0.5,undirected
u386,u275,1,directed
u258,u205,1,directed
u288,u139,1,directed
u135,u117,0.5,undirected
u366,u316,1,directed
u161,u078,1,directed
u251,u081,1,directed
u342,u351,1,directed
u225,u319,1,directed
u214,u347,3,directed
u141,u016,3,directed
u081,u333,0.5,undirected
u018,u409,0.5,undirected
u060,u167,1,directed
u406,u171,0.5,undirected
u309,u211,0.5,undirected
u032,u216,3,directed
u060,u062,3,directed
u158,u171,1,directed
u279,u016,1,directed
u046,u040,1,directed
u182,u374,1,directed
u061,u018,1,directed
u380,u183,1,directed
u352,u072,0.5,undirected
u187,u018,0.5,undirected
u030,u139,1,directed
u332,u384,1,directed
u069,u397,1,directed
u410,u082,1,directed
u282,u394,1,directed
u380,u387,3,directed
u372,u076,1,directed
u219,u316,3,directed
u225,u293,1,directed
u018,u232,1,directed
u333,u214,3,directed
u289,u104,3,directed
u006,u141,1,directed
u333,u080,1,directed
u225,u082,0.5,undirected
u301,u081,0.5,undirected
u310,u057,1,directed
u132,u092,1,directed
u081,u277,3,directed
u255,u251,1,directed
u171,u279,0.5,undirected
u115,u324,1,directed
u282,u225,1,directed
u381,u007,1,directed
u171,u402,1,directed
u016,u171,1,directed
u339,u018,1,directed
u083,u018,1,directed
u293,u104,1,directed
u324,u092,1,directed
u058,u300,1,directed
u021,u160,1,directed
u324,u018,1,directed
u327,u018,0.5,undirected
u141,u383,1,directed
u113,u393,0.5,undirected
u224,u391,1,directed
u014,u007,1,directed
u018,u158,1,directed
u249,u408,1,directed
u402,u292,0.5,undirected
u052,u288,1,directed
u333,u354,1,directed
u259,u069,0.5,undirected
u333,u007,1,directed
u208,u310,1,directed
u164,u221,0.5,undirected
u367,u178,1,directed
u225,u112,1,directed
u275,u282,1,directed
u009,u176,1,directed
u269,u081,3,directed
u251,u279,0.5,undirected
u402,u242,1,directed
u320,u327,1,directed
u016,u200,1,directed
u161,u200,3,directed
u332,u391,1,directed
u052,u059,1,directed
u176,u403,3,directed
u169,u071,0.5,undirected
u387,u158,0.5,undirected
u069,u353,1,directed
u116,u295,1,directed
u028,u059,1,directed
u333,u278,0.5,undirected
u074,u417,1,directed
u018,u382,0.5,undirected
u190,u171,0.5,undirected
u174,u078,3,directed
u014,u152,1,directed
u006,u171,1,directed
u171,u410,3,directed
u231,u109,3,directed
u380,u250,3,directed
u153,u018,0.5,undirected
u299,u018,1,directed
u119,u111,1,directed
u367,u251,3,directed
u186,u157,1,directed
u046,u250,1,directed
u070,u251,3,directed
u301,u319,1,directed
u099,u047,1,directed
u238,u129,3,directed
u128,u069,3,directed
u274,u018,3,directed
u148,u158,3,directed
u258,u266,3,directed
u245,u287,1,directed
u069,u111,1,directed
u380,u158,1,directed
u018,u123,0.5,undirected
u018,u131,0.5,undirected
u384,u100,0.5,undirected
u372,u018,0.5,undirected
u396,u078,1,directed
u233,u344,0.5,undirected
u225,u252,1,directed
u018,u200,1,directed
u163,u069,1,directed
u287,u312,3,directed
u341,u304,1,directed
u360,u092,1,directed
u410,u081,1,directed
u139,u042,1,directed
u026,u402,1,directed
u250,u367,1,directed
u170,u346,0.5,undirected
u358,u419,1,directed
u372,u355,1,directed
u351,u193,3,directed
u205,u051,3,directed
u276,u200,3,directed
u387,u386,1,directed
u225,u132,1,directed
u193,u387,0.5,undirected
u141,u286,1,directed
u279,u141,1,directed
u040,u119,1,directed
u081,u082,3,directed
u302,u029,0.5,undirected
u380,u158,1,directed
u081,u399,1,directed
u155,u266,3,directed
u245,u133,1,directed
u288,u412,0.5,undirected
u288,u053,1,directed
u081,u141,1,directed
u111,u130,1,directed
u026,u200,1,directed
u301,u081,1,directed
u251,u058,1,directed
u380,u193,0.5,undirected
u158,u380,0.5,undirected
u141,u279,1,directed
u118,u069,0.5,undirected
u384,u324,3,directed
u332,u018,1,directed
u392,u279,1,directed
u018,u184,1,directed
u149,u367,1,directed
u245,u105,1,directed
u016,u035,3,directed
u171,u058,3,directed
u154,u088,3,directed
u353,u358,1,directed
u307,u229,1,directed
u036,u013,3,directed
u276,u018,3,directed
u340,u062,1,directed
u341,u158,0.5,undirected
u076,u258,0.5,undirected
u122,u324,3,directed
u160,u223,1,directed
u288,u139,1,directed
u350,u160,1,directed
u400,u380,0.5,undirected
u236,u333,1,directed
u290,u393,0.5,undirected
u018,u299,3,directed
u294,u387,0.5,undirected
u036,u096,1,directed
u095,u069,1,directed
u392,u251,1,directed
u089,u223,0.5,undirected
u155,u278,1,directed
u279,u016,1,directed
u351,u289,1,directed
u394,u158,0.5,undirected
u081,u016,1,directed
u317,u150,3,directed
u085,u158,3,directed
u366,u236,3,directed
u301,u081,1,directed
u116,u274,1,directed
u081,u171,1,directed
u111,u072,1,directed
u039,u087,1,directed
u354,u141,1,directed
u018,u333,1,directed
u093,u018,1,directed
u349,u161,0.5,undirected
u319,u166,0.5,undirected
u160,u081,1,directed
u364,u062,1,directed
u007,u179,1,directed
u121,u256,0.5,undirected
u069,u083,0.5,undirected
u265,u171,3,directed
u187,u409,1,directed
u251,u012,0.5,undirected
u402,u018,0.5,undirected
u206,u171,3,directed
u236,u145,1,directed
u049,u307,0.5,undirected
u286,u063,1,directed
u175,u018,1,directed
u235,u027,1,directed
u119,u007,0.5,undirected
u187,u254,1,directed
u115,u355,1,directed
u166,u293,1,directed
u214,u030,3,directed
u347,u171,0.5,undirected
u018,u276,0.5,undirected
u058,u171,1,directed
u233,u234,1,directed
u412,u191,3,directed
u293,u075,0.5,undirected
u170,u101,0.5,undirected
u392,u041,1,directed
u123,u018,0.5,undirected
u018,u044,1,directed
u160,u225,0.5,undirected
u225,u172,0.5,undirected
u075,u018,1,directed
u111,u338,3,directed
u333,u125,0.5,undirected
u076,u018,1,directed
u190,u406,1,directed
u201,u177,3,directed
u119,u333,1,directed
u161,u197,0.5,undirected
u158,u380,3,directed
u068,u194,1,directed
u161,u075,3,directed
u171,u135,3,directed
u018,u026,1,directed
u288,u354,1,directed
u027,u353,3,directed
u069,u118,1,directed
u046,u119,1,directed
u416,u145,1,directed
u324,u018,1,directed
u393,u366,1,directed
u292,u232,0.5,undirected
u111,u008,3,directed
u112,u115,1,directed
u007,u039,3,directed
u399,u119,0.5,undirected
u016,u081,0.5,undirected
u293,u319,3,directed
u376,u141,3,directed
u392,u171,1,directed
u410,u268,1,directed
u016,u043,3,directed
u279,u206,3,directed
u018,u003,3,directed
u319,u132,1,directed
u197,u018,1,directed
u225,u341,1,directed
u324,u090,0.5,undirected
u355,u018,1,directed
u248,u402,1,directed
u380,u387,1,directed
u121,u069,3,directed
u097,u007,1,directed
u076,u384,1,directed
u152,u139,1,directed
u300,u141,1,directed
u225,u341,0.5,undirected
u039,u119,0.5,undirected
u250,u119,1,directed
u119,u250,1,directed
u212,u069,1,directed
u046,u333,1,directed
u100,u369,0.5,undirected
u410,u367,1,directed
u141,u171,1,directed
u008,u176,1,directed
u111,u118,0.5,undirected
u384,u257,0.5,undirected
u069,u180,3,directed
u026,u071,0.5,undirected
u181,u341,0.5,undirected
u276,u384,0.5,undirected
u170,u234,0.5,undirected
u202,u310,0.5,undirected
u213,u069,1,directed
u115,u094,3,directed
u324,u404,0.5,undirected
u242,u115,1,directed
u403,u412,3,directed
u090,u267,1,directed
u251,u171,1,directed
u045,u282,3,directed
u133,u235,1,directed
u081,u171,1,directed
u251,u101,1,directed
u334,u302,0.5,undirected
u213,u176,1,directed
u310,u007,3,directed
u380,u158,0.5,undirected
u380,u172,1,directed
u080,u288,3,directed
u148,u062,1,directed
u276,u026,1,directed
u380,u121,3,directed
u018,u292,1,directed
u069,u123,1,directed
u350,u225,1,directed
u158,u336,1,directed
u324,u124,1,directed
u098,u200,1,directed
u155,u152,0.5,undirected
u213,u348,3,directed
u190,u098,1,directed
u070,u393,0.5,undirected
u282,u143,1,directed
u343,u279,3,directed
u377,u071,1,directed
u293,u225,3,directed
u157,u264,1,directed
u098,u018,1,directed
u160,u321,1,directed
u201,u081,1,directed
u347,u139,1,directed
u289,u225,1,directed
u018,u115,1,directed
u135,u160,1,directed
u225,u289,1,directed
u007,u046,1,directed
u018,u090,1,directed
u225,u202,1,directed
u151,u390,1,directed
u158,u008,3,directed
u225,u302,0.5,undirected
u158,u204,3,directed
u125,u357,3,directed
u201,u157,1,directed
u412,u111,0.5,undirected
u071,u008,1,directed
u245,u127,0.5,undirected
u176,u121,1,directed
u225,u160,1,directed
u139,u399,1,directed
u125,u333,3,directed
u152,u119,1,directed
u061,u372,1,directed
u250,u205,0.5,undirected
u052,u258,1,directed
u082,u225,1,directed
u146,u344,3,directed
u158,u387,3,directed
u322,u138,3,directed
u160,u302,3,directed
u314,u229,1,directed
u180,u009,0.5,undirected
u089,u403,3,directed
u141,u410,1,directed
u076,u018,1,directed
u216,u210,1,directed
u171,u024,1,directed
u018,u083,0.5,undirected
u018,u100,1,directed
u157,u279,0.5,undirected
u077,u171,3,directed
u153,u242,3,directed
u057,u053,0.5,undirected
u069,u213,1,directed
u261,u154,3,directed
u364,u240,1,directed
u119,u080,1,directed
u276,u019,1,directed
u018,u404,1,directed
u225,u289,1,directed
u069,u111,1,directed
u366,u199,0.5,undirected
u249,u236,3,directed
u097,u396,1,directed
u116,u018,0.5,undirected
u319,u202,1,directed
u357,u308,1,directed
u129,u225,0.5,undirected
u225,u075,1,directed
u367,u392,1,directed
u018,u275,1,directed
u018,u372,1,directed
u206,u013,1,directed
u321,u273,0.5,undirected
u341,u293,1,directed
u018,u035,3,directed
u162,u302,1,directed
u160,u395,1,directed
u232,u018,1,directed
u100,u168,1,directed
u152,u288,3,directed
u280,u069,0.5,undirected
u033,u222,3,directed
u394,u148,1,directed
u070,u025,1,directed
u134,u072,1,directed
u062,u386,1,directed
u344,u197,1,directed
u135,u350,1,directed
u202,u302,0.5,undirected
u134,u146,0.5,undirected
u008,u279,1,directed
u160,u293,1,directed
u200,u090,3,directed
u289,u273,0.5,undirected
u076,u268,1,directed
u148,u380,0.5,undirected
u415,u202,1,directed
u287,u011,0.5,undirected
u251,u392,1,directed
u242,u018,1,directed
u018,u177,0.5,undirected
u234,u101,1,directed
u136,u253,1,directed
u210,u333,3,directed
u081,u171,3,directed
u234,u027,1,directed
u276,u394,1,directed
u097,u288,3,directed
u349,u069,1,directed
u112,u184,3,directed
u248,u225,1,directed
u255,u081,1,directed
u242,u115,1,directed
u017,u271,0.5,undirected
u250,u305,0.5,undirected
u379,u276,1,directed
u126,u279,1,directed
u101,u290,1,directed
u225,u304,0.5,undirected
u036,u344,3,directed
u277,u318,1,directed
u069,u412,1,directed
u018,u254,0.5,undirected
u160,u152,1,directed
u081,u230,1,directed
u006,u380,1,directed
u128,u157,1,directed
u016,u141,1,directed
u122,u320,1,directed
u321,u293,1,directed
u378,u007,1,directed
u043,u081,0.5,undirected
u326,u393,1,directed
u085,u158,1,directed
u152,u225,3,directed
u378,u089,1,directed
u134,u270,1,directed
u036,u225,1,directed
u100,u295,1,directed
u158,u106,3,directed
u242,u391,1,directed
u330,u021,3,directed
u251,u311,3,directed
u076,u409,0.5,undirected
u069,u174,1,directed
u342,u340,0.5,undirected
u197,u082,1,directed
u013,u160,1,directed
u101,u287,1,directed
u380,u193,1,directed
u018,u026,3,directed
u359,u177,1,directed
u158,u117,3,directed
u121,u112,1,directed
u069,u315,1,directed
u141,u367,1,directed
u072,u146,1,directed
u416,u352,3,directed
u225,u338,1,directed
u094,u324,1,directed
u171,u410,0.5,undirected
u372,u086,1,directed
u250,u007,1,directed
u341,u321,1,directed
u248,u129,3,directed
u184,u018,1,directed
u350,u259,1,directed
u007,u216,1,directed
u190,u041,1,directed
u362,u096,1,directed
u372,u016,1,directed
u384,u197,1,directed
u152,u007,0.5,undirected
u389,u158,3,directed
u269,u332,1,directed
u248,u413,0.5,undirected
u007,u329,3,directed
u052,u119,0.5,undirected
u351,u158,1,directed
u018,u069,1,directed
u236,u133,0.5,undirected
u048,u306,1,directed
u140,u394,1,directed
u069,u237,1,directed
u069,u225,1,directed
u111,u272,3,directed
u253,u161,1,directed
u378,u111,1,directed
u068,u407,1,directed
u139,u288,0.5,undirected
u293,u225,0.5,undirected
u123,u018,0.5,undirected
u345,u007,1,directed
u347,u116,1,directed
u049,u333,1,directed
u406,u016,1,directed
u270,u161,1,directed
u141,u367,1,directed
u372,u100,0.5,undirected
u153,u276,1,directed
u095,u069,3,directed
u069,u236,1,directed
u326,u028,1,directed
u081,u225,1,directed
u408,u235,3,directed
u206,u016,1,directed
u225,u160,1,directed
u359,u333,1,directed
u200,u052,1,directed
u090,u007,1,directed
u010,u384,1,directed
u048,u386,3,directed
u161,u341,3,directed
u041,u319,3,directed
u045,u048,1,directed
u056,u201,3,directed
u160,u289,1,directed
u232,u094,1,directed
u409,u384,0.5,undirected
u007,u158,3,directed
u286,u203,1,directed
u356,u176,1,directed
u129,u072,3,directed
u158,u018,1,directed
u192,u377,0.5,undirected
u141,u410,1,directed
u051,u106,3,directed
u276,u140,3,directed
u333,u152,1,directed
u069,u119,1,directed
u036,u289,1,directed
u230,u255,1,directed
u152,u106,1,directed
u141,u186,0.5,undirected
u268,u114,1,directed
u112,u069,0.5,undirected
u069,u270,3,directed
u018,u324,1,directed
u236,u170,1,directed
u151,u399,1,directed
u381,u152,1,directed
u324,u189,1,directed
u333,u344,0.5,undirected
u119,u297,1,directed
u273,u341,0.5,undirected
u329,u072,1,directed
u052,u087,0.5,undirected
u216,u007,1,directed
u329,u081,1,directed
u387,u148,3,directed
u050,u212,3,directed
u319,u302,1,directed
u417,u163,0.5,undirected
u069,u072,3,directed
u119,u333,0.5,undirected
u036,u160,0.5,undirected
u112,u238,1,directed
u248,u057,1,directed
u135,u360,1,directed
u412,u353,3,directed
u225,u131,1,directed
u018,u090,1,directed
u018,u339,1,directed
u008,u069,0.5,undirected
u298,u062,3,directed
u396,u212,1,directed
u038,u173,1,directed
u233,u316,1,directed
u356,u082,1,directed
u157,u043,1,directed
u289,u166,1,directed
u323,u380,1,directed
u065,u111,1,directed
u255,u286,0.5,undirected
u018,u276,1,directed
u096,u133,1,directed
u028,u154,1,directed
u116,u026,1,directed
u200,u242,3,directed
u171,u277,1,directed
u111,u069,1,directed
u389,u380,3,directed
u040,u125,1,directed
u115,u276,1,directed
u333,u152,1,directed
u135,u250,0.5,undirected
u232,u100,0.5,undirected
u121,u310,1,directed
u287,u001,1,directed
u111,u069,3,directed
u160,u225,0.5,undirected
u397,u069,1,directed
u233,u235,1,directed
u354,u032,3,directed
u387,u410,1,directed
u031,u372,3,directed
u380,u121,1,directed
u122,u026,1,directed
u135,u029,3,directed
u101,u245,1,directed
u339,u171,1,directed
u269,u141,1,directed
u061,u214,1,directed
u375,u084,1,directed
u100,u018,3,directed
u002,u018,1,directed
u152,u354,3,directed
u231,u364,1,directed
u324,u018,1,directed
u250,u101,1,directed
u378,u223,0.5,undirected
u396,u069,3,directed
u380,u068,1,directed
u163,u405,1,directed
u016,u395,1,directed
u018,u242,3,directed
u364,u068,1,directed
u230,u141,1,directed
u295,u116,1,directed
u162,u001,0.5,undirected
u107,u115,1,directed
u120,u287,3,directed
u200,u055,1,directed
u158,u400,0.5,undirected
u301,u373,1,directed
u346,u219,1,directed
u048,u158,0.5,undirected
u387,u380,3,directed
u336,u018,3,directed
u018,u293,1,directed
u341,u360,1,directed
u360,u309,0.5,undirected
u034,u019,0.5,undirected
u036,u317,1,directed
u225,u092,1,directed
u386,u158,1,directed
u216,u119,3,directed
u197,u111,1,directed
u180,u377,0.5,undirected
u001,u234,0.5,undirected
u111,u324,1,directed
u158,u129,3,directed
u018,u252,3,directed
u260,u296,0.5,undirected
u325,u317,1,directed
u187,u018,1,directed
u029,u225,1,directed
u158,u048,1,directed
u069,u212,0.5,undirected
u111,u338,3,directed
u018,u324,1,directed
u225,u319,1,directed
u362,u236,3,directed
u004,u293,1,directed
u396,u069,0.5,undirected
u250,u216,3,directed
u018,u153,1,directed
u171,u189,1,directed
u352,u238,3,directed
u213,u315,1,directed
u007,u119,0.5,undirected
u157,u293,1,directed
u018,u409,3,directed
u324,u232,1,directed
u115,u018,0.5,undirected
u018,u175,1,directed
u044,u175,3,directed
u069,u252,1,directed
u099,u244,0.5,undirected
u090,u018,1,directed
u245,u275,1,directed
u284,u016,1,directed
u043,u277,1,directed
u402,u318,1,directed
u007,u109,1,directed
u152,u155,1,directed
u387,u068,0.5,undirected
u348,u008,1,directed
u007,u046,1,directed
u324,u107,1,directed
u379,u018,1,directed
u391,u090,1,directed
u309,u416,1,directed
u392,u387,1,directed
u240,u287,1,directed
u081,u141,1,directed
u229,u018,3,directed
u065,u020,1,directed
u242,u332,3,directed
u273,u076,1,directed
u225,u160,1,directed
u277,u279,1,directed
u393,u236,0.5,undirected
u008,u069,1,directed
u177,u119,1,directed
u363,u341,3,directed
u374,u280,0.5,undirected
u007,u008,0.5,undirected
u145,u249,1,directed
u392,u171,1,directed
u247,u081,1,directed
u163,u007,1,directed
u064,u007,1,directed
u246,u111,1,directed
u133,u316,0.5,undirected
u018,u083,1,directed
u181,u202,1,directed
u372,u026,3,directed
u114,u359,1,directed
u160,u341,1,directed
u038,u058,0.5,undirected
u158,u380,1,directed
u272,u089,3,directed
u081,u018,1,directed
u176,u069,0.5,undirected
u404,u018,1,directed
u384,u018,1,directed
u253,u130,1,directed
u115,u175,1,directed
u341,u172,3,directed
u225,u319,1,directed
u083,u026,1,directed
u115,u387,0.5,undirected
u333,u155,1,directed
u123,u324,3,directed
u235,u101,1,directed
u294,u158,1,directed
u402,u324,3,directed
u041,u251,0.5,undirected
u380,u282,3,directed
u171,u225,1,directed
u158,u380,1,directed
u150,u225,0.5,undirected
u317,u082,1,directed
u111,u349,1,directed
u396,u197,1,directed
u263,u328,3,directed
u216,u333,1,directed
u225,u046,1,directed
u007,u152,1,directed
u246,u055,1,directed
u062,u323,1,directed
u314,u248,3,directed
u121,u111,1,directed
u333,u135,1,directed
u018,u390,1,directed
u115,u336,1,directed
u111,u380,3,directed
u117,u275,3,directed
u259,u396,1,directed
u267,u018,0.5,undirected
u008,u353,0.5,undirected
u289,u293,3,directed
u293,u160,1,directed
u313,u007,1,directed
u266,u087,0.5,undirected
u086,u379,1,directed
u276,u018,3,directed
u069,u338,1,directed
u025,u133,0.5,undirected
u175,u262,0.5,undirected
u212,u128,0.5,undirected
u119,u163,1,directed
u128,u281,1,directed
u319,u091,1,directed
u359,u250,1,directed
u216,u333,1,directed
u160,u289,1,directed
u393,u387,3,directed
u119,u288,0.5,undirected
u099,u258,1,directed
u160,u082,0.5,undirected
u200,u018,1,directed
u069,u121,1,directed
u268,u069,1,directed
u251,u043,1,directed
u132,u225,1,directed
u171,u410,1,directed
u038,u016,3,directed
u290,u217,1,directed
u242,u018,1,directed
u324,u153,0.5,undirected
u188,u389,3,directed
u018,u242,0.5,undirected
u098,u384,3,directed
u021,u225,1,directed
u136,u048,1,directed
u160,u293,1,directed
u225,u160,3,directed
u069,u161,1,directed
u126,u016,1,directed
u277,u410,1,directed
u158,u298,0.5,undirected
u319,u171,0.5,undirected
u018,u124,1,directed
u163,u155,3,directed
u018,u276,1,directed
u250,u040,1,directed
u225,u321,1,directed
u255,u251,0.5,undirected
u146,u007,1,directed
u325,u334,1,directed
u280,u236,1,directed
u227,u064,1,directed
u007,u042,1,directed
u121,u412,1,directed
u236,u018,0.5,undirected
u353,u124,0.5,undirected
u048,u303,0.5,undirected
u171,u367,1,directed
u106,u134,3,directed
u018,u115,1,directed
u197,u069,3,directed
u417,u007,1,directed
u384,u115,1,directed
u122,u320,3,directed
u387,u158,3,directed
u069,u396,1,directed
u046,u007,1,directed
u114,u407,1,directed
u060,u068,3,directed
u310,u008,3,directed
u171,u081,1,directed
u018,u402,0.5,undirected
u101,u374,1,directed
u169,u081,0.5,undirected
u324,u094,1,directed
u405,u052,0.5,undirected
u200,u324,1,directed
u417,u288,3,directed
u168,u207,1,directed
u162,u160,1,directed
u380,u340,0.5,undirected
u388,u289,0.5,undirected
u352,u187,0.5,undirected
u115,u276,3,directed
u282,u394,1,directed
u232,u018,0.5,undirected
u090,u242,1,directed
u083,u333,1,directed
u072,u334,3,directed
u069,u057,0.5,undirected
u004,u225,1,directed
u279,u081,0.5,undirected
u157,u279,0.5,undirected
u119,u333,1,directed
u341,u225,1,directed
u082,u325,1,directed
u081,u291,1,directed
u257,u031,1,directed
u154,u219,3,directed
u072,u375,1,directed
u308,u007,0.5,undirected
u121,u225,1,directed
u081,u006,3,directed
u341,u149,1,directed
u046,u018,0.5,undirected
u158,u141,0.5,undirected
u225,u082,0.5,undirected
u380,u158,1,directed
u003,u232,1,directed
u345,u108,3,directed
u181,u293,1,directed
u007,u018,1,directed
u100,u187,3,directed
u112,u111,0.5,undirected
u018,u245,3,directed
u069,u412,1,directed
u040,u345,0.5,undirected
u018,u380,1,directed
u182,u366,1,directed
u081,u410,1,directed
u270,u412,1,directed
u058,u081,0.5,undirected
u356,u176,3,directed
u057,u367,1,directed
u225,u360,1,directed
u417,u345,0.5,undirected
u380,u158,3,directed
u018,u140,0.5,undirected
u171,u111,1,directed
u408,u081,1,directed
u392,u081,0.5,undirected
u301,u081,1,directed
u371,u391,0.5,undirected
u007,u333,0.5,undirected
u163,u250,3,directed
u018,u100,1,directed
u256,u412,0.5,undirected
u243,u333,3,directed
u016,u187,1,directed
u160,u387,0.5,undirected
u324,u200,1,directed
u101,u374,1,directed
u288,u333,1,directed
u380,u282,1,directed
u381,u250,1,directed
u007,u333,0.5,undirected
u018,u380,1,directed
u111,u356,1,directed
u158,u380,3,directed
u154,u366,1,directed
u419,u253,1,directed
u389,u386,1,directed
u270,u353,3,directed
u324,u018,1,directed
u217,u018,0.5,undirected
u076,u153,1,directed
u016,u081,1,directed
u161,u121,3,directed
u223,u348,3,directed
u077,u081,0.5,undirected
u332,u018,0.5,undirected
u360,u350,1,directed
u018,u115,1,directed
u348,u128,1,directed
u176,u310,3,directed
u055,u252,1,directed
u335,u117,1,directed
u149,u255,1,directed
u193,u187,0.5,undirected
u158,u380,3,directed
u082,u225,3,directed
u125,u020,3,directed
u380,u386,1,directed
u153,u140,0.5,undirected
u105,u182,1,directed
u028,u120,3,directed
u099,u198,0.5,undirected
u410,u016,1,directed
u171,u367,3,directed
u043,u286,1,directed
u324,u018,0.5,undirected
u380,u364,1,directed
u068,u158,1,directed
u311,u173,1,directed
u183,u158,1,directed
u236,u408,1,directed
u022,u152,1,directed
u121,u161,1,directed
u380,u386,0.5,undirected
u235,u133,3,directed
u335,u062,1,directed
u181,u285,0.5,undirected
u077,u255,1,directed
u171,u160,1,directed
u341,u414,3,directed
u392,u043,3,directed
u225,u158,1,directed
u324,u018,1,directed
u036,u341,1,directed
u417,u007,1,directed
u387,u048,1,directed
u380,u068,3,directed
u007,u033,1,directed
u155,u250,1,directed
u111,u161,1,directed
u008,u396,0.5,undirected
u060,u282,0.5,undirected
u141,u058,1,directed
u255,u230,1,directed
u141,u016,1,directed
u051,u215,1,directed
u337,u236,1,directed
u276,u242,1,directed
u288,u372,1,directed
u225,u319,1,directed
u200,u242,1,directed
u186,u149,1,directed
u198,u168,1,directed
u171,u392,1,directed
u314,u387,1,directed
u089,u158,3,directed
u286,u081,3,directed
u214,u014,1,directed
u158,u380,0.5,undirected
u216,u243,1,directed
u277,u410,1,directed
u165,u271,0.5,undirected
u142,u236,1,directed
u208,u356,3,directed
u309,u287,0.5,undirected
u101,u309,1,directed
u158,u195,1,directed
u183,u323,1,directed
u176,u315,1,directed
u310,u069,3,directed
u288,u227,3,directed
u293,u185,1,directed
u245,u236,3,directed
u095,u418,3,directed
u348,u111,1,directed
u280,u236,0.5,undirected
u148,u387,1,directed
u144,u412,1,directed
u090,u018,0.5,undirected
u094,u324,0.5,undirected
u152,u087,1,directed
u137,u018,0.5,undirected
u171,u202,1,directed
u375,u069,1,directed
u234,u245,1,directed
u206,u186,1,directed
u289,u092,1,directed
u394,u387,1,directed
u094,u018,1,directed
u152,u042,3,directed
u277,u081,3,directed
u414,u018,1,directed
u115,u342,3,directed
u089,u174,1,directed
u075,u225,1,directed
u152,u042,0.5,undirected
u203,u171,1,directed
u043,u268,1,directed
u081,u016,1,directed
u293,u325,0.5,undirected
u368,u129,1,directed
u288,u007,3,directed
u018,u083,3,directed
u307,u288,1,directed
u276,u339,1,directed
u368,u259,0.5,undirected
u410,u171,1,directed
u277,u173,1,directed
u412,u168,1,directed
u158,u335,0.5,undirected
u366,u088,1,directed
u306,u120,0.5,undirected
u069,u128,1,directed
u216,u046,0.5,undirected
u208,u403,1,directed
u372,u018,1,directed
u055,u332,1,directed
u158,u282,1,directed
u355,u369,1,directed
u158,u324,1,directed
u394,u158,3,directed
u223,u008,0.5,undirected
u058,u016,3,directed
u367,u081,1,directed
u158,u271,1,directed
u102,u018,1,directed
u367,u114,1,directed
u242,u274,1,directed
u225,u160,3,directed
u111,u121,1,directed
u208,u069,0.5,undirected
u241,u225,1,directed
u400,u387,1,directed
u100,u391,0.5,undirected
u090,u073,1,directed
u213,u144,1,directed
u201,u007,1,directed
u046,u018,3,directed
u168,u372,0.5,undirected
u046,u022,1,directed
u069,u176,1,directed
u297,u163,1,directed
u204,u060,1,directed
u274,u333,0.5,undirected
u100,u200,3,directed
u324,u292,1,directed
u069,u315,1,directed
u159,u170,3,directed
u396,u368,1,directed
u225,u160,0.5,undirected
u380,u158,1,directed
u053,u244,1,directed
u035,u007,1,directed
u236,u372,1,directed
u268,u113,1,directed
u036,u293,1,directed
u069,u246,1,directed
u171,u367,1,directed
u035,u171,1,directed
u082,u036,1,directed
u211,u176,1,directed
u080,u052,1,directed
u034,u115,1,directed
u412,u095,0.5,undirected
u018,u299,3,directed
u240,u028,0.5,undirected
u116,u332,1,directed
u399,u108,1,directed
u158,u386,1,directed
u158,u380,1,directed
u069,u161,0.5,undirected
u158,u282,1,directed
u264,u376,1,directed
u236,u027,1,directed
u236,u245,3,directed
u048,u400,1,directed
u333,u229,1,directed
u342,u158,1,directed
u005,u102,1,directed
u040,u333,3,directed
u110,u285,1,directed
u386,u400,1,directed
u195,u158,1,directed
u014,u051,1,directed
u085,u387,1,directed
u410,u279,1,directed
u125,u288,3,directed
u280,u159,1,directed
u350,u021,1,directed
u251,u081,1,directed
u225,u166,1,directed
u386,u067,0.5,undirected
u345,u155,3,directed
u018,u153,3,directed
u044,u187,0.5,undirected
u094,u320,1,directed
u158,u386,1,directed
u274,u382,1,directed
u225,u109,1,directed
u081,u367,1,directed
u158,u380,0.5,undirected
u410,u016,1,directed
u413,u211,0.5,undirected
u384,u200,1,directed
u115,u018,1,directed
u289,u302,0.5,undirected
u200,u099,1,directed
u208,u081,0.5,undirected
u121,u368,1,directed
u415,u160,0.5,undirected
u158,u400,1,directed
u085,u158,1,directed
u348,u293,3,directed
u368,u180,1,directed
u233,u287,1,directed
u058,u141,3,directed
u418,u043,1,directed
u090,u145,1,directed
u410,u200,0.5,undirected
u094,u274,1,directed
u386,u298,3,directed
u053,u245,3,directed
u102,u225,3,directed
u250,u007,3,directed
u015,u020,1,directed
u171,u016,1,directed
u318,u348,0.5,undirected
u101,u158,0.5,undirected
u380,u387,1,directed
u141,u277,1,directed
u233,u211,3,directed
u222,u039,1,directed
u333,u007,1,directed
u018,u115,0.5,undirected
u141,u081,3,directed
u141,u158,1,directed
u028,u011,1,directed
u121,u281,1,directed
u018,u379,1,directed
u076,u018,1,directed
u189,u255,1,directed
u317,u415,0.5,undirected
u248,u157,1,directed
u007,u020,0.5,undirected
u171,u184,1,directed
u279,u171,0.5,undirected
u043,u268,1,directed
u406,u380,1,directed
u330,u242,1,directed
u058,u081,1,directed
u193,u158,0.5,undirected
u312,u145,1,directed
u354,u032,1,directed
u333,u399,1,directed
u382,u339,1,directed
u305,u216,3,directed
u367,u016,1,directed
u387,u282,1,directed
u018,u324,0.5,undirected
u171,u046,1,directed
u051,u087,3,directed
u355,u384,1,directed
u131,u275,3,directed
u113,u277,3,directed
u225,u185,1,directed
u152,u288,1,directed
u158,u380,1,directed
u394,u380,0.5,undirected
u069,u412,1,directed
u158,u386,3,directed
u233,u127,1,directed
u387,u303,0.5,undirected
u410,u293,3,directed
u410,u081,1,directed
u288,u160,1,directed
u069,u180,0.5,undirected
u172,u225,1,directed
u018,u232,1,directed
u158,u380,3,directed
u225,u132,1,directed
u018,u310,1,directed
u101,u322,1,directed
u201,u277,1,directed
u069,u397,0.5,undirected
u069,u236,0.5,undirected
u259,u348,1,directed
u016,u265,1,directed
u119,u177,3,directed
u032,u087,0.5,undirected
u163,u216,1,directed
u225,u350,1,directed
u069,u356,0.5,undirected
u090,u164,3,directed
u318,u152,3,directed
u018,u184,1,directed
u099,u018,1,directed
u018,u267,3,directed
u352,u396,1,directed
u006,u186,1,directed
u384,u324,1,directed
u031,u242,0.5,undirected
u277,u269,0.5,undirected
u092,u209,1,directed
u337,u111,3,directed
u286,u277,1,directed
u083,u018,0.5,undirected
u237,u072,1,directed
u016,u291,1,directed
u081,u160,1,directed
u111,u212,3,directed
u028,u114,1,directed
u080,u365,1,directed
u324,u221,1,directed
u245,u028,1,directed
u236,u413,1,directed
u335,u143,1,directed
u151,u007,1,directed
u409,u076,1,directed
u400,u158,1,directed
u041,u410,1,directed
u302,u293,3,directed
u007,u090,1,directed
u106,u387,1,directed
u007,u266,0.5,undirected
u395,u302,1,directed
u171,u016,1,directed
u277,u279,3,directed
u018,u100,3,directed
u341,u302,0.5,undirected
u287,u101,1,directed
u380,u110,0.5,undirected
u059,u333,3,directed
u018,u324,0.5,undirected
u171,u392,1,directed
u198,u231,3,directed
u266,u139,1,directed
u372,u299,1,directed
u157,u081,3,directed
u407,u158,1,directed
u202,u036,1,directed
u048,u158,1,directed
u261,u245,3,directed
u018,u355,1,directed
u018,u116,1,directed
u367,u392,1,directed
u257,u265,1,directed
u036,u058,1,directed
u170,u088,1,directed
u330,u139,0.5,undirected
u120,u133,3,directed
u092,u225,3,directed
u167,u158,1,directed
u051,u225,3,directed
u105,u234,0.5,undirected
u371,u180,1,directed
u359,u139,1,directed
u052,u018,3,directed
u018,u398,1,directed
u309,u051,1,directed
u018,u026,0.5,undirected
u402,u232,1,directed
u016,u255,1,directed
u158,u380,1,directed
u386,u158,0.5,undirected
u270,u359,3,directed
u221,u018,3,directed
u369,u292,1,directed
u245,u261,0.5,undirected
u387,u158,0.5,undirected
u078,u160,0.5,undirected
u282,u158,1,directed
u271,u412,1,directed
u332,u090,1,directed
u250,u152,3,directed
u372,u299,1,directed
u221,u299,1,directed
u081,u056,3,directed
u121,u356,1,directed
u380,u194,0.5,undirected
u380,u296,1,directed
u032,u014,1,directed
u083,u100,0.5,undirected
u016,u168,1,directed
u378,u069,0.5,undirected
u333,u208,1,directed
u126,u141,1,directed
u242,u018,0.5,undirected
u188,u386,0.5,undirected
u171,u415,1,directed
u088,u000,1,directed
u016,u251,0.5,undirected
u041,u147,1,directed
u321,u104,3,directed
u355,u198,1,directed
u060,u389,1,directed
u173,u332,1,directed
u410,u016,1,directed
u243,u345,0.5,undirected
u251,u081,0.5,undirected
u018,u207,3,directed
u046,u153,1,directed
u141,u289,1,directed
u288,u111,0.5,undirected
u104,u075,3,directed
u288,u346,1,directed
u358,u196,1,directed
u048,u364,1,directed
u342,u364,1,directed
u164,u384,3,directed
u250,u408,1,directed
u355,u409,1,directed
u240,u263,1,directed
u018,u372,1,directed
u046,u305,3,directed
u232,u018,1,directed
u341,u091,1,directed
u278,u007,0.5,undirected
u081,u012,0.5,undirected
u018,u276,1,directed
u018,u068,0.5,undirected
u287,u399,3,directed
u405,u007,3,directed
u234,u170,1,directed
u387,u193,1,directed
u387,u158,0.5,undirected
u392,u329,3,directed
u332,u018,1,directed
u095,u128,1,directed
u257,u098,1,directed
u225,u350,1,directed
u136,u153,1,directed
u171,u324,3,directed
u255,u077,0.5,undirected
u101,u233,1,directed
u133,u142,1,directed
u002,u089,0.5,undirected
u341,u160,1,directed
u249,u154,1,directed
u276,u107,1,directed
u289,u082,0.5,undirected
u218,u048,0.5,undirected
u014,u250,0.5,undirected
u380,u340,3,directed
u069,u111,3,directed
u398,u217,1,directed
u255,u173,1,directed
u169,u346,1,directed
u333,u119,1,directed
u199,u140,1,directed
u348,u197,0.5,undirected
u386,u282,0.5,undirected
u105,u236,0.5,undirected
u276,u018,0.5,undirected
u018,u112,1,directed
u007,u119,1,directed
u171,u251,1,directed
u225,u289,3,directed
u331,u057,1,directed
u221,u402,1,directed
u221,u198,1,directed
u141,u038,1,directed
u348,u353,1,directed
u245,u160,1,directed
u032,u105,0.5,undirected
u157,u171,3,directed
u215,u399,1,directed
u321,u225,0.5,undirected
u171,u035,1,directed
u264,u230,1,directed
u058,u190,0.5,undirected
u162,u082,1,directed
u158,u394,1,directed
u073,u372,1,directed
u106,u007,0.5,undirected
u372,u018,3,directed
u090,u056,1,directed
u046,u016,1,directed
u409,u372,0.5,undirected
u012,u216,0.5,undirected
u389,u143,0.5,undirected
u068,u158,1,directed
u158,u048,1,directed
u180,u078,1,directed
u087,u333,1,directed
u171,u081,1,directed
u128,u331,1,directed
u069,u112,1,directed
u037,u316,1,directed
u166,u380,1,directed
u372,u324,3,directed
u105,u235,1,directed
u350,u048,1,directed
u081,u171,1,directed
u232,u026,0.5,undirected
u152,u049,1,directed
u035,u141,1,directed
u016,u081,1,directed
u119,u080,3,directed
u397,u352,1,directed
u018,u026,1,directed
u380,u323,0.5,undirected
u289,u293,1,directed
u132,u166,1,directed
u310,u078,1,directed
u288,u141,1,directed
u236,u133,1,directed
u282,u380,1,directed
u223,u238,3,directed
u018,u324,1,directed
u250,u180,1,directed
u231,u384,1,directed
u387,u364,1,directed
u119,u318,3,directed
u169,u287,3,directed
u324,u260,3,directed
u126,u251,1,directed
u069,u111,1,directed
u016,u141,1,directed
u338,u353,3,directed
u033,u125,1,directed
u120,u244,0.5,undirected
u160,u293,1,directed
u068,u195,1,directed
u255,u058,1,directed
u069,u004,0.5,undirected
u017,u112,1,directed
u158,u387,1,directed
u081,u383,1,directed
u392,u225,0.5,undirected
u141,u277,3,directed
u337,u380,1,directed
u387,u158,1,directed
u010,u324,1,directed
u200,u187,1,directed
u158,u060,3,directed
u216,u153,1,directed
u112,u069,3,directed
u234,u245,1,directed
u116,u018,3,directed
u018,u372,0.5,undirected
u187,u018,1,directed
u142,u236,1,directed
u018,u029,1,directed
u381,u007,0.5,undirected
u225,u166,1,directed
u152,u007,0.5,undirected
u374,u249,3,directed
u069,u256,3,directed
u293,u361,1,directed
u069,u089,0.5,undirected
u115,u018,3,directed
u407,u216,3,directed
u021,u225,1,directed
u247,u081,0.5,undirected
u018,u140,0.5,undirected
u095,u192,1,directed
u028,u142,0.5,undirected
u380,u148,1,directed
u119,u020,1,directed
u008,u212,0.5,undirected
u116,u123,3,directed
u148,u380,1,directed
u276,u187,3,directed
u069,u111,1,directed
u028,u236,1,directed
u324,u115,1,directed
u049,u064,1,directed
u160,u225,0.5,undirected
u018,u031,1,directed
u046,u119,1,directed
u111,u176,1,directed
u275,u152,1,directed
u169,u028,1,directed
u329,u410,3,directed
u119,u052,1,directed
u389,u364,1,directed
u324,u115,1,directed
u214,u314,0.5,undirected
u225,u414,0.5,undirected
u065,u223,1,directed
u115,u380,0.5,undirected
u069,u338,1,directed
u136,u018,0.5,undirected
u380,u110,1,directed
u399,u333,1,directed
u018,u372,1,directed
u126,u203,0.5,undirected
u158,u275,1,directed
u133,u001,3,directed
u349,u212,1,directed
u024,u277,1,directed
u114,u141,1,directed
u060,u158,1,directed
u139,u380,3,directed
u382,u018,3,directed
u049,u308,1,directed
u051,u250,3,directed
u328,u170,1,directed
u310,u112,1,directed
u007,u234,1,directed
u225,u319,3,directed
u333,u297,3,directed
u007,u357,1,directed
u415,u293,1,directed
u356,u161,3,directed
u300,u251,1,directed
u410,u268,1,directed
u277,u016,3,directed
u386,u158,1,directed
u279,u251,1,directed
u338,u238,3,directed
u121,u212,1,directed
u200,u123,3,directed
u400,u158,0.5,undirected
u153,u168,1,directed
u280,u101,0.5,undirected
u006,u023,1,directed
u416,u236,1,directed
u081,u203,1,directed
u297,u229,0.5,undirected
u082,u081,0.5,undirected
u372,u250,1,directed
u404,u324,1,directed
u233,u362,3,directed
u158,u238,1,directed
u171,u016,1,directed
u288,u097,0.5,undirected
u119,u305,1,directed
u394,u389,1,directed
u175,u090,1,directed
u112,u213,3,directed
u018,u287,3,directed
u018,u221,0.5,undirected
u249,u413,1,directed
u018,u100,1,directed
u115,u018,1,directed
u158,u141,1,directed
u341,u036,0.5,undirected
u301,u251,1,directed
u372,u198,1,directed
u018,u109,3,directed
u293,u415,0.5,undirected
u056,u269,1,directed
u286,u392,1,directed
u242,u100,0.5,undirected
u225,u293,0.5,undirected
u238,u111,3,directed
u066,u069,1,directed
u018,u122,1,directed
u280,u366,0.5,undirected
u324,u076,0.5,undirected
u018,u076,1,directed
u042,u052,1,directed
u413,u366,0.5,undirected
u139,u119,0.5,undirected
u366,u027,1,directed
u018,u391,3,directed
u135,u302,0.5,undirected
u158,u340,0.5,undirected
u021,u319,1,directed
u137,u140,1,directed
u069,u235,3,directed
u235,u408,1,directed
u087,u132,3,directed
u389,u380,1,directed
u242,u131,3,directed
u119,u064,1,directed
u380,u194,1,directed
u024,u081,1,directed
u174,u069,3,directed
u159,u362,1,directed
u223,u144,0.5,undirected
u202,u319,3,directed
u110,u387,1,directed
u240,u366,1,directed
u176,u018,0.5,undirected
u162,u036,3,directed
u273,u225,1,directed
u159,u145,1,directed
u233,u212,1,directed
u143,u048,0.5,undirected
u295,u018,1,directed
u158,u068,1,directed
u303,u158,1,directed
u107,u018,0.5,undirected
u069,u272,1,directed
u081,u279,1,directed
u324,u140,1,directed
u281,u282,1,directed
u208,u160,0.5,undirected
u282,u387,1,directed
u225,u293,1,directed
u386,u062,0.5,undirected
u069,u176,1,directed
u092,u225,3,directed
u399,u305,0.5,undirected
u349,u375,1,directed
u119,u305,0.5,undirected
u400,u323,1,directed
u069,u352,1,directed
u320,u224,1,directed
u360,u013,1,directed
u158,u123,1,directed
u176,u403,1,directed
u007,u212,0.5,undirected
u117,u387,0.5,undirected
u007,u125,1,directed
u152,u205,1,directed
u174,u197,1,directed
u014,u333,1,directed
u163,u007,1,directed
u018,u276,1,directed
u280,u011,3,directed
u387,u158,1,directed
u278,u163,1,directed
u111,u128,1,directed
u007,u119,3,directed
u175,u382,0.5,undirected
u077,u171,1,directed
u280,u217,0.5,undirected
u178,u175,3,directed
u237,u412,1,directed
u370,u225,1,directed
u111,u377,1,directed
u257,u018,0.5,undirected
u157,u058,1,directed
u327,u094,0.5,undirected
u089,u065,3,directed
u222,u042,3,directed
u212,u009,1,directed
u081,u171,3,directed
u343,u126,1,directed
u307,u153,1,directed
u119,u141,1,directed
u412,u225,3,directed
u277,u201,1,directed
u372,u069,3,directed
u370,u160,1,directed
u341,u247,1,directed
u184,u231,1,directed
u061,u282,3,directed
u141,u081,1,directed
u058,u016,3,directed
u302,u225,3,directed
u135,u289,3,directed
u268,u113,1,directed
u160,u225,1,directed
u132,u293,1,directed
u097,u106,1,directed
u410,u135,1,directed
u131,u298,1,directed
u018,u409,1,directed
u250,u007,0.5,undirected
u176,u069,1,directed
u265,u210,0.5,undirected
u367,u279,1,directed
u278,u018,1,directed
u018,u254,1,directed
u202,u289,1,directed
u396,u069,0.5,undirected
u378,u256,1,directed
u250,u288,3,directed
u072,u069,0.5,undirected
u299,u324,0.5,undirected
u335,u148,1,directed
u223,u212,1,directed
u302,u293,1,directed
u006,u286,1,directed
u322,u135,1,directed
u048,u195,3,directed
u407,u158,0.5,undirected
u225,u360,0.5,undirected
u018,u276,1,directed
u271,u412,1,directed
u101,u230,0.5,undirected
u324,u018,1,directed
u200,u280,3,directed
u310,u009,3,directed
u064,u345,3,directed
u276,u324,1,directed
u293,u082,0.5,undirected
u372,u333,1,directed
u133,u228,3,directed
u177,u119,1,directed
u236,u293,1,directed
u359,u046,1,directed
u081,u171,0.5,undirected
u072,u165,1,directed
u048,u380,1,directed
u289,u036,1,directed
u248,u245,3,directed
u233,u416,1,directed
u119,u083,3,directed
u069,u348,1,directed
u007,u155,1,directed
u081,u251,1,directed
u281,u223,0.5,undirected
u302,u225,1,directed
u242,u318,0.5,undirected
u062,u148,1,directed
u081,u035,1,directed
u287,u328,1,directed
u139,u288,1,directed
u041,u410,3,directed
u324,u332,3,directed
u145,u233,1,directed
u225,u013,1,directed
u410,u367,3,directed
u008,u069,0.5,undirected
u239,u081,3,directed
u119,u251,1,directed
u187,u018,1,directed
u225,u160,1,directed
u324,u390,3,directed
u082,u293,0.5,undirected
u317,u160,1,directed
u081,u077,3,directed
u018,u391,1,directed
u147,u081,1,directed
u031,u018,3,directed
u016,u221,0.5,undirected
u243,u040,3,directed
u308,u046,1,directed
u090,u003,1,directed
u018,u100,3,directed
u059,u376,1,directed
u018,u115,1,directed
u262,u099,1,directed
u386,u380,1,directed
u004,u289,1,directed
u018,u124,3,directed
u200,u198,0.5,undirected
u105,u028,1,directed
u069,u111,0.5,undirected
u092,u225,1,directed
u171,u141,3,directed
u018,u026,1,directed
u294,u183,1,directed
u018,u372,1,directed
u358,u072,0.5,undirected
u018,u198,1,directed
u324,u031,1,directed
u348,u069,1,directed
u075,u225,1,directed
u219,u362,0.5,undirected
u205,u152,1,directed
u119,u333,0.5,undirected
u417,u243,1,directed
u324,u026,1,directed
u293,u166,3,directed
u018,u391,3,directed
u169,u337,1,directed
u101,u280,0.5,undirected
u274,u090,1,directed
u069,u242,1,directed
u121,u008,1,directed
u244,u306,0.5,undirected
u392,u203,3,directed
u341,u225,1,directed
u371,u396,1,directed
u026,u225,3,directed
u018,u385,1,directed
u069,u128,3,directed
u410,u043,3,directed
u018,u124,1,directed
u288,u155,3,directed
u018,u115,1,directed
u376,u058,1,directed
u104,u082,3,directed
u119,u087,3,directed
u106,u258,1,directed
u326,u105,1,directed
u135,u225,3,directed
u203,u081,3,directed
u225,u082,1,directed
u059,u119,1,directed
u091,u225,1,directed
u197,u142,1,directed
u018,u076,0.5,undirected
u052,u139,0.5,undirected
u100,u018,1,directed
u119,u258,1,directed
u107,u404,1,directed
u382,u115,1,directed
u202,u029,0.5,undirected
u135,u181,3,directed
u069,u396,1,directed
u107,u098,1,directed
u014,u040,1,directed
u282,u400,3,directed
u115,u225,1,directed
u008,u276,3,directed
u135,u082,1,directed
u036,u319,1,directed
u350,u082,1,directed
u175,u018,0.5,undirected
u335,u387,1,directed
u237,u069,1,directed
u233,u142,1,directed
u208,u017,1,directed
u145,u309,1,directed
u380,u060,1,directed
u068,u158,1,directed
u018,u090,1,directed
u233,u028,0.5,undirected
u036,u414,0.5,undirected
u320,u391,1,directed
u410,u367,1,directed
u090,u339,0.5,undirected
u341,u293,1,directed
u059,u250,1,directed
u354,u163,3,directed
u097,u227,1,directed
u051,u386,1,directed
u177,u018,1,directed
u152,u155,3,directed
u376,u373,1,directed
u039,u046,1,directed
u171,u081,3,directed
u250,u333,1,directed
u355,u018,1,directed
u142,u209,1,directed
u169,u125,3,directed
u225,u069,3,directed
u289,u321,1,directed
u277,u141,1,directed
u039,u347,3,directed
u081,u023,1,directed
u167,u147,1,directed
u021,u319,1,directed
u101,u290,3,directed
u333,u318,1,directed
u333,u119,1,directed
u018,u177,3,directed
u379,u336,1,directed
u069,u112,1,directed
u111,u310,1,directed
u076,u187,0.5,undirected
u026,u404,1,directed
u010,u018,0.5,undirected
u356,u213,1,directed
u119,u313,1,directed
u018,u100,1,directed
u385,u242,0.5,undirected
u109,u231,0.5,undirected
u200,u115,1,directed
u008,u028,1,directed
u158,u389,1,directed
u280,u234,1,directed
u257,u093,1,directed
u348,u310,1,directed
u319,u225,1,directed
u101,u211,3,directed
u366,u101,1,directed
u028,u097,1,directed
u194,u351,1,directed
u085,u117,1,directed
u095,u176,1,directed
u393,u126,1,directed
u197,u134,1,directed
u018,u274,3,directed
u242,u324,1,directed
u378,u016,1,directed
u225,u241,1,directed
u018,u372,3,directed
u200,u187,1,directed
u158,u380,3,directed
u016,u141,0.5,undirected
u248,u233,1,directed
u387,u380,3,directed
u011,u105,1,directed
u200,u069,1,directed
u225,u304,0.5,undirected
u259,u018,1,directed
u251,u189,1,directed
u225,u415,1,directed
u028,u347,1,directed
u121,u050,0.5,undirected
u225,u181,1,directed
u194,u131,1,directed
u225,u293,1,directed
u091,u225,1,directed
u286,u251,1,directed
u167,u319,1,directed
u098,u324,1,directed
u320,u018,3,directed
u072,u165,1,directed
u152,u367,1,directed
u317,u202,1,directed
u058,u251,1,directed
u268,u160,1,directed
u087,u119,3,directed
u002,u176,1,directed
u293,u414,3,directed
u007,u242,0.5,undirected
u085,u380,1,directed
u225,u370,1,directed
u111,u089,1,directed
u158,u380,3,directed
u232,u018,1,directed
u000,u245,1,directed
u226,u242,1,directed
u327,u018,1,directed
u280,u245,3,directed
u016,u081,1,directed
u095,u176,0.5,undirected
u157,u171,1,directed
u325,u302,1,directed
u411,u023,3,directed
u280,u158,1,directed
u412,u375,1,directed
u075,u341,1,directed
u279,u016,1,directed
u380,u364,3,directed
u069,u213,1,directed
u380,u193,3,directed
u018,u257,1,directed
u018,u216,1,directed
u317,u225,3,directed
u182,u234,1,directed
u148,u287,3,directed
u027,u105,3,directed
u245,u263,0.5,undirected
u158,u380,3,directed
u377,u057,0.5,undirected
u387,u204,1,directed
u413,u135,1,directed
u309,u217,0.5,undirected
u248,u233,1,directed
u295,u257,3,directed
u137,u076,1,directed
u333,u097,0.5,undirected
u158,u323,3,directed
u411,u380,1,directed
u288,u014,1,directed
u303,u158,1,directed
u141,u081,3,directed
u310,u238,3,directed
u257,u137,1,directed
u119,u222,1,directed
u288,u158,0.5,undirected
u333,u152,1,directed
u237,u008,1,directed
u360,u160,1,directed
u251,u081,0.5,undirected
u018,u098,3,directed
u158,u068,3,directed
u018,u083,1,directed
u412,u237,1,directed
u025,u413,1,directed
u225,u321,1,directed
u361,u225,1,directed
u220,u234,1,directed
u272,u072,0.5,undirected
u302,u225,1,directed
u141,u113,1,directed
u218,u183,1,directed
u176,u225,1,directed
u324,u100,1,directed
u115,u274,3,directed
u410,u376,3,directed
u259,u012,0.5,undirected
u069,u057,1,directed
u288,u333,1,directed
u384,u019,3,directed
u248,u398,0.5,undirected
u281,u412,0.5,undirected
u054,u016,1,directed
u248,u105,0.5,undirected
u353,u212,1,directed
u342,u303,1,directed
u160,u225,1,directed
u302,u341,3,directed
u155,u243,0.5,undirected
u171,u410,0.5,undirected
u375,u067,1,directed
u076,u018,3,directed
u081,u171,1,directed
u293,u069,3,directed
u410,u141,1,directed
u388,u225,1,directed
u111,u069,3,directed
u289,u135,1,directed
u359,u119,3,directed
u111,u018,3,directed
u299,u327,0.5,undirected
u018,u090,3,directed
u086,u018,1,directed
u010,u018,0.5,undirected
u386,u218,3,directed
u243,u278,1,directed
u115,u100,1,directed
u125,u313,1,directed
u375,u121,1,directed
u046,u014,1,directed
u082,u248,1,directed
u242,u049,1,directed
u311,u016,1,directed
u328,u263,1,directed
u318,u022,3,directed
u069,u035,0.5,undirected
u354,u042,1,directed
u250,u106,3,directed
u289,u293,0.5,undirected
u324,u018,0.5,undirected
u324,u178,1,directed
u297,u288,1,directed
u197,u069,3,directed
u155,u119,0.5,undirected
u043,u081,0.5,undirected
u119,u163,1,directed
u288,u021,1,directed
u176,u213,1,directed
u302,u341,3,directed
u369,u372,1,directed
u093,u253,1,directed
u366,u162,1,directed
u170,u416,1,directed
u396,u131,1,directed
u346,u244,0.5,undirected
u341,u293,3,directed
u115,u295,3,directed
u416,u105,1,directed
u050,u171,1,directed
u115,u018,3,directed
u399,u046,1,directed
u136,u140,1,directed
u018,u076,0.5,undirected
u018,u295,0.5,undirected
u387,u018,1,directed
u133,u169,3,directed
u251,u255,3,directed
u081,u171,1,directed
u018,u042,3,directed
u312,u236,1,directed
u069,u048,1,directed
u273,u162,1,directed
u414,u225,1,directed
u175,u402,1,directed
u003,u385,1,directed
u128,u419,1,directed
u080,u418,1,directed
u241,u321,1,directed
u280,u142,1,directed
u403,u065,1,directed
u232,u242,3,directed
u389,u016,0.5,undirected
u205,u354,0.5,undirected
u329,u383,1,directed
u387,u158,1,directed
u340,u296,0.5,undirected
u305,u250,3,directed
u288,u087,1,directed
u335,u158,1,directed
u169,u208,1,directed
u202,u225,1,directed
u361,u160,0.5,undirected
u225,u036,1,directed
u042,u350,3,directed
u058,u052,1,directed
u085,u195,1,directed
u109,u018,1,directed
u170,u101,0.5,undirected
u341,u317,1,directed
u265,u286,1,directed
u112,u223,1,directed
u171,u081,1,directed
u225,u166,1,directed
u052,u162,1,directed
u265,u016,1,directed
u160,u293,1,directed
u309,u245,1,directed
u221,u026,1,directed
u399,u251,1,directed
u348,u377,0.5,undirected
u324,u198,1,directed
u160,u036,1,directed
u043,u317,1,directed
u374,u194,3,directed
u187,u074,1,directed
u170,u133,1,directed
u242,u018,1,directed
u280,u236,1,directed
u212,u069,1,directed
u269,u406,1,directed
u200,u090,1,directed
u018,u404,1,directed
u291,u081,1,directed
u098,u031,1,directed
u255,u221,3,directed
u171,u418,0.5,undirected
u147,u158,1,directed
u353,u069,1,directed
u380,u193,1,directed
u372,u115,0.5,undirected
u018,u324,1,directed
u342,u158,1,directed
u372,u115,1,directed
u147,u396,1,directed
u135,u282,1,directed
u335,u195,0.5,undirected
u072,u353,1,directed
u073,u109,1,directed
u380,u188,1,directed
u359,u119,1,directed
u024,u230,1,directed
u333,u022,1,directed
u018,u093,1,directed
u137,u124,1,directed
u405,u051,1,directed
u225,u293,1,directed
u372,u178,1,directed
u345,u052,1,directed
u402,u100,1,directed
u297,u215,1,directed
u184,u198,1,directed
u158,u195,3,directed
u119,u163,1,directed
u050,u238,1,directed
u406,u279,1,directed
u018,u100,1,directed
u319,u293,1,directed
u119,u007,0.5,undirected
u152,u215,1,directed
u280,u000,1,directed
u138,u284,1,directed
u121,u412,0.5,undirected
u372,u245,0.5,undirected
u333,u119,3,directed
u355,u018,1,directed
u069,u047,3,directed
u415,u160,1,directed
u202,u018,3,directed
u317,u225,1,directed
u324,u320,1,directed
u007,u111,1,directed
u356,u089,1,directed
u125,u007,1,directed
u016,u141,1,directed
u314,u333,1,directed
u133,u245,3,directed
u033,u139,3,directed
u068,u394,3,directed
u405,u333,1,directed
u225,u360,0.5,undirected
u081,u016,3,directed
u380,u067,1,directed
u018,u168,1,directed
u217,u145,1,directed
u247,u171,3,directed
u409,u140,0.5,undirected
u250,u042,1,directed
u225,u075,1,directed
u158,u225,1,directed
u373,u286,1,directed
u225,u160,1,directed
u353,u111,1,directed
u324,u100,1,directed
u252,u018,1,directed
u131,u158,1,directed
u225,u379,1,directed
u014,u359,1,directed
u255,u016,0.5,undirected
u040,u258,1,directed
u081,u251,0.5,undirected
u160,u302,1,directed
u354,u052,1,directed
u274,u324,1,directed
u050,u005,1,directed
u236,u101,1,directed
u386,u303,1,directed
u154,u105,0.5,undirected
u269,u367,1,directed
u399,u318,1,directed
u315,u213,3,directed
u018,u372,1,directed
u335,u148,0.5,undirected
u069,u324,0.5,undirected
u076,u366,0.5,undirected
u338,u069,3,directed
u310,u315,1,directed
u018,u402,1,directed
u396,u069,1,directed
u158,u069,0.5,undirected
u250,u333,1,directed
u132,u135,3,directed
u307,u250,1,directed
u278,u258,1,directed
u225,u285,0.5,undirected
u227,u046,1,directed
u112,u072,3,directed
u040,u225,1,directed
u284,u280,1,directed
u380,u158,1,directed
u115,u124,3,directed
u189,u141,3,directed
u008,u412,1,directed
u333,u341,3,directed
u367,u016,3,directed
u018,u382,3,directed
u160,u341,1,directed
u028,u011,1,directed
u081,u006,0.5,undirected
u399,u250,0.5,undirected
u403,u144,1,directed
u348,u378,1,directed
u387,u376,1,directed
u408,u416,3,directed
u076,u018,0.5,undirected
u279,u157,0.5,undirected
u232,u115,1,directed
u069,u377,0.5,undirected
u069,u046,0.5,undirected
u266,u097,1,directed
u248,u233,1,directed
u387,u060,1,directed
u306,u387,1,directed
u367,u416,3,directed
u291,u406,0.5,undirected
u288,u233,1,directed
u293,u242,1,directed
u088,u182,1,directed
u176,u358,1,directed
u319,u293,1,directed
u081,u141,3,directed
u074,u354,1,directed
u101,u393,1,directed
u111,u089,1,directed
u014,u250,1,directed
u314,u288,3,directed
u233,u158,1,directed
u007,u250,1,directed
u033,u296,1,directed
u216,u177,1,directed
u141,u018,3,directed
u162,u321,0.5,undirected
u171,u058,1,directed
u111,u008,1,directed
u207,u122,0.5,undirected
u410,u016,3,directed
u126,u230,1,directed
u277,u158,3,directed
u212,u144,1,directed
u009,u069,1,directed
u123,u061,0.5,undirected
u158,u260,3,directed
u115,u207,1,directed
u320,u274,0.5,undirected
u036,u225,3,directed
u081,u392,1,directed
u018,u413,1,directed
u007,u188,1,directed
u349,u399,1,directed
u158,u275,1,directed
u333,u008,3,directed
u040,u052,3,directed
u007,u333,0.5,undirected
u152,u401,1,directed
u288,u305,1,directed
u216,u022,1,directed
u255,u041,0.5,undirected
u396,u008,1,directed
u225,u121,3,directed
u354,u333,1,directed
u061,u382,3,directed
u277,u007,3,directed
u081,u416,0.5,undirected
u387,u158,0.5,undirected
u140,u018,1,directed
u115,u100,0.5,undirected
u190,u188,1,directed
u333,u152,0.5,undirected
u141,u126,1,directed
u119,u308,1,directed
u022,u288,1,directed
u280,u234,3,directed
u178,u047,0.5,undirected
u007,u313,1,directed
u208,u018,3,directed
u325,u086,1,directed
u325,u225,1,directed
u000,u408,3,directed
u112,u051,3,directed
u028,u069,0.5,undirected
u044,u158,1,directed
u119,u288,0.5,undirected
u141,u326,1,directed
u041,u277,1,directed
u242,u200,1,directed
u090,u100,1,directed
u171,u126,3,directed
u380,u364,1,directed
u164,u289,1,directed
u198,u018,1,directed
u167,u158,3,directed
u410,u081,1,directed
u333,u365,1,directed
u141,u119,1,directed
u158,u148,1,directed
u319,u289,3,directed
u169,u090,3,directed
u290,u408,0.5,undirected
u293,u135,1,directed
u295,u086,0.5,undirected
u225,u181,3,directed
u176,u112,1,directed
u111,u009,3,directed
u149,u126,0.5,undirected
u280,u101,3,directed
u158,u067,1,directed
u340,u158,1,directed
u255,u171,3,directed
u028,u145,3,directed
u250,u229,3,directed
u069,u158,1,directed
u115,u187,1,directed
u225,u293,1,directed
u288,u069,3,directed
u018,u320,1,directed
u317,u319,1,directed
u367,u363,1,directed
u341,u225,1,directed
u094,u368,3,directed
u319,u160,0.5,undirected
u148,u387,1,directed
u340,u158,1,directed
u236,u280,1,directed
u039,u152,0.5,undirected
u061,u158,1,directed
u115,u018,3,directed
u081,u141,3,directed
u319,u352,0.5,undirected
u289,u341,3,directed
u380,u080,3,directed
u202,u289,1,directed
u018,u116,1,directed
u055,u324,1,directed
u007,u046,1,directed
u150,u317,3,directed
u105,u251,3,directed
u056,u255,3,directed
u260,u158,1,directed
u224,u198,1,directed
u414,u162,0.5,undirected
u233,u366,1,directed
u090,u372,1,directed
u332,u018,3,directed
u018,u069,1,directed
u008,u057,3,directed
u028,u416,3,directed
u008,u212,0.5,undirected
u418,u081,3,directed
u290,u074,1,directed
u299,u140,1,directed
u321,u225,0.5,undirected
u387,u380,1,directed
u174,u209,3,directed
u322,u236,3,directed
u113,u016,1,directed
u324,u122,1,directed
u380,u117,1,directed
u158,u147,0.5,undirected
u179,u236,1,directed
u380,u054,1,directed
u158,u380,3,directed
u236,u090,0.5,undirected
u207,u322,1,directed
u357,u155,1,directed
u225,u021,3,directed
u324,u301,1,directed
u250,u243,1,directed
u069,u281,1,directed
u380,u351,1,directed
u293,u225,1,directed
u069,u352,3,directed
u158,u152,0.5,undirected
u101,u234,1,directed
u255,u081,1,directed
u319,u094,0.5,undirected
u366,u169,0.5,undirected
u157,u173,0.5,undirected
u163,u007,1,directed
u245,u154,1,directed
u225,u125,3,directed
u396,u065,0.5,undirected
u123,u267,1,directed
u192,u259,1,directed
u119,u406,1,directed
u121,u069,3,directed
u161,u112,0.5,undirected
u392,u081,3,directed
u335,u067,3,directed
u018,u207,0.5,undirected
u007,u014,1,directed
u203,u251,1,directed
u085,u380,1,directed
u141,u198,0.5,undirected
u119,u007,1,directed
u048,u018,0.5,undirected
u341,u160,0.5,undirected
u289,u082,1,directed
u090,u387,1,directed
u140,u115,1,directed
u076,u018,0.5,undirected
u016,u367,0.5,undirected
u101,u290,1,directed
u171,u138,1,directed
u121,u008,1,directed
u018,u262,3,directed
u105,u245,3,directed
u184,u044,0.5,undirected
u081,u286,3,directed
u231,u018,1,directed
u069,u100,0.5,undirected
u161,u375,3,directed
u352,u121,3,directed
u333,u399,1,directed
u333,u030,1,directed
u274,u018,1,directed
u302,u395,3,directed
u312,u145,1,directed
u141,u069,0.5,undirected
u158,u387,1,directed
u144,u069,1,directed
u046,u007,1,directed
u298,u380,0.5,undirected
u144,u338,0.5,undirected
u233,u001,3,directed
u380,u048,1,directed
u094,u018,0.5,undirected
u356,u176,0.5,undirected
u293,u135,3,directed
u112,u095,0.5,undirected
u057,u412,0.5,undirected
u380,u158,1,directed
u200,u402,1,directed
u261,u018,1,directed
u171,u277,1,directed
u233,u105,1,directed
u248,u324,0.5,undirected
u016,u410,0.5,undirected
u171,u410,3,directed
u121,u069,1,directed
u321,u293,1,directed
u037,u225,0.5,undirected
u393,u170,0.5,undirected
u115,u176,1,directed
u225,u160,1,directed
u081,u157,1,directed
u161,u176,1,directed
u233,u159,1,directed
u384,u242,3,directed
u288,u354,3,directed
u052,u333,1,directed
u064,u007,1,directed
u223,u081,1,directed
u251,u386,0.5,undirected
u347,u365,1,directed
u301,u171,1,directed
u392,u141,0.5,undirected
u280,u070,1,directed
u075,u321,1,directed
u040,u225,0.5,undirected
u004,u341,1,directed
u189,u035,1,directed
u380,u062,1,directed
u016,u186,3,directed
u282,u067,1,directed
u160,u225,0.5,undirected
u271,u024,1,directed
u092,u225,1,directed
u225,u185,1,directed
u379,u102,1,directed
u379,u324,3,directed
u367,u081,1,directed
u349,u111,3,directed
u018,u136,3,directed
u158,u062,0.5,undirected
u305,u250,1,directed
u380,u400,0.5,undirected
u380,u294,1,directed
u157,u206,1,directed
u367,u410,1,directed
u165,u057,1,directed
u153,u231,0.5,undirected
u325,u225,1,directed
u158,u060,1,directed
u293,u181,0.5,undirected
u410,u016,3,directed
u164,u153,1,directed
u081,u169,1,directed
u034,u158,3,directed
u390,u083,1,directed
u388,u225,1,directed
u152,u287,3,directed
u414,u135,0.5,undirected
u121,u196,1,directed
u142,u234,0.5,undirected
u076,u355,1,directed
u317,u225,1,directed
u018,u384,1,directed
u289,u293,1,directed
u347,u039,1,directed
u171,u081,1,directed
u081,u043,1,directed
u081,u069,1,directed
u324,u099,0.5,undirected
u069,u268,1,directed
u026,u200,1,directed
u332,u200,3,directed
u175,u018,1,directed
u242,u409,0.5,undirected
u023,u149,1,directed
u128,u176,3,directed
u069,u197,1,directed
u327,u018,3,directed
u293,u225,1,directed
u236,u382,1,directed
u293,u360,3,directed
u016,u081,1,directed
u018,u115,1,directed
u296,u158,1,directed
u216,u250,1,directed
u367,u119,1,directed
u348,u259,3,directed
u225,u415,1,directed
u275,u387,1,directed
u229,u152,0.5,undirected
u046,u354,3,directed
u394,u158,0.5,undirected
u069,u252,1,directed
u171,u141,1,directed
u333,u119,1,directed
u225,u380,3,directed
u007,u258,1,directed
u227,u179,0.5,undirected
u387,u158,1,directed
u019,u018,1,directed
u006,u410,0.5,undirected
u101,u053,3,directed
u225,u160,1,directed
u067,u400,1,directed
u017,u332,1,directed
u058,u141,1,directed
u018,u026,1,directed
u225,u158,1,directed
u193,u380,1,directed
u367,u255,1,directed
u340,u110,0.5,undirected
u069,u412,3,directed
u396,u412,3,directed
u380,u158,1,directed
u220,u236,3,directed
u354,u229,0.5,undirected
u225,u092,0.5,undirected
u372,u018,0.5,undirected
u268,u243,1,directed
u100,u324,1,directed
u372,u288,1,directed
u002,u410,1,directed
u036,u225,1,directed
u345,u243,3,directed
u266,u020,0.5,undirected
u007,u308,1,directed
u341,u115,1,directed
u225,u341,0.5,undirected
u101,u182,1,directed
u121,u419,1,directed
u233,u011,1,directed
u225,u415,1,directed
u351,u081,3,directed
u265,u081,0.5,undirected
u046,u275,1,directed
u115,u007,3,directed
u264,u141,0.5,undirected
u412,u111,1,directed
u156,u302,1,directed
u245,u101,1,directed
u382,u184,1,directed
u018,u242,1,directed
u386,u380,1,directed
u111,u197,0.5,undirected
u419,u069,0.5,undirected
u220,u312,0.5,undirected
u341,u082,1,directed
u018,u363,3,directed
u187,u100,1,directed
u113,u081,1,directed
u359,u333,1,directed
u161,u069,1,directed
u141,u081,1,directed
u276,u153,3,directed
u418,u081,1,directed
u072,u111,1,directed
u020,u046,1,directed
u001,u169,0.5,undirected
u131,u407,1,directed
u372,u073,1,directed
u069,u406,1,directed
u318,u046,1,directed
u392,u016,1,directed
u120,u234,0.5,undirected
u144,u277,1,directed
u367,u265,1,directed
u333,u250,3,directed
u387,u048,1,directed
u084,u192,0.5,undirected
u054,u410,0.5,undirected
u366,u360,1,directed
u035,u077,1,directed
u051,u216,1,directed
u387,u216,1,directed
u293,u237,1,directed
u414,u293,3,directed
u274,u018,1,directed
u386,u387,3,directed
u070,u236,3,directed
u333,u007,3,directed
u419,u191,1,directed
u211,u236,1,directed
u007,u042,3,directed
u133,u011,1,directed
u166,u225,3,directed
u053,u240,1,directed
u354,u119,1,directed
u373,u255,1,directed
u299,u303,1,directed
u176,u089,0.5,undirected
u158,u068,1,directed
u406,u171,1,directed
u145,u233,3,directed
u410,u247,1,directed
u366,u236,1,directed
u020,u333,1,directed
u197,u121,1,directed
u158,u380,0.5,undirected
u079,u188,3,directed
u225,u135,0.5,undirected
u158,u386,0.5,undirected
u240,u021,1,directed
u090,u372,1,directed
u042,u365,1,directed
u412,u069,3,directed
u326,u105,3,directed
u141,u016,1,directed
u158,u131,1,directed
u354,u365,1,directed
u158,u323,0.5,undirected
u085,u194,1,directed
u160,u319,0.5,undirected
u378,u018,1,directed
u276,u164,1,directed
u129,u069,1,directed
u081,u012,1,directed
u132,u225,1,directed
u106,u139,0.5,undirected
u362,u284,1,directed
u284,u101,1,directed
u333,u250,0.5,undirected
u216,u163,1,directed
u119,u354,1,directed
u387,u380,0.5,undirected
u067,u062,1,directed
u398,u366,0.5,undirected
u259,u180,1,directed
u141,u410,1,directed
u372,u018,3,directed
u225,u160,3,directed
u225,u166,0.5,undirected
u069,u282,1,directed
u158,u079,3,directed
u158,u340,3,directed
u212,u069,1,directed
u081,u016,1,directed
u414,u225,0.5,undirected
u393,u386,0.5,undirected
u402,u232,1,directed
u160,u185,1,directed
u018,u276,1,directed
u098,u115,1,directed
u158,u380,1,directed
u400,u323,1,directed
u237,u397,1,directed
u018,u380,3,directed
u064,u381,1,directed
u397,u321,1,directed
u415,u185,1,directed
u133,u011,3,directed
u061,u372,1,directed
u145,u154,0.5,undirected
u386,u090,3,directed
u026,u018,1,directed
u223,u069,1,directed
u333,u347,0.5,undirected
u299,u391,1,directed
u069,u121,1,directed
u115,u018,1,directed
u234,u248,1,directed
u353,u069,1,directed
u400,u275,1,directed
u158,u386,1,directed
u413,u244,1,directed
u233,u001,3,directed
u315,u069,0.5,undirected
u350,u135,1,directed
u284,u145,1,directed
u410,u081,3,directed
u288,u052,1,directed
u027,u392,1,directed
u107,u102,0.5,undirected
u286,u410,1,directed
u018,u332,1,directed
u286,u098,1,directed
u232,u116,1,directed
u048,u389,3,directed
u225,u004,3,directed
u003,u018,1,directed
u368,u081,1,directed
u275,u380,1,directed
u171,u286,1,directed
u069,u111,0.5,undirected
u135,u069,3,directed
u299,u076,1,directed
u343,u251,1,directed
u069,u259,0.5,undirected
u386,u158,1,directed
u162,u172,3,directed
u349,u272,0.5,undirected
u174,u112,0.5,undirected
u170,u416,0.5,undirected
u131,u188,0.5,undirected
u100,u332,3,directed
u288,u143,1,directed
u161,u129,1,directed
u176,u259,0.5,undirected
u069,u018,1,directed
u158,u351,1,directed
u302,u319,1,directed
u069,u314,1,directed
u101,u393,3,directed
u280,u133,3,directed
u302,u293,1,directed
u187,u018,1,directed
u277,u230,0.5,undirected
u277,u141,3,directed
u410,u319,3,directed
u318,u365,1,directed
u053,u236,1,directed
u018,u332,0.5,undirected
u319,u135,1,directed
u245,u233,1,directed
u016,u081,0.5,undirected
u319,u293,1,directed
u081,u268,1,directed
u082,u225,3,directed
u160,u069,1,directed
u289,u341,1,directed
u099,u250,1,directed
u143,u158,1,directed
u206,u141,1,directed
u158,u380,1,directed
u142,u240,0.5,undirected
u171,u237,1,directed
u225,u160,3,directed
u279,u081,1,directed
u157,u077,0.5,undirected
u187,u061,1,directed
u046,u227,3,directed
u380,u147,1,directed
u213,u165,1,directed
u089,u057,1,directed
u145,u346,1,directed
u187,u324,3,directed
u338,u371,1,directed
u287,u408,0.5,undirected
u053,u290,0.5,undirected
u075,u225,3,directed
u289,u081,1,directed
u333,u250,1,directed
u093,u018,1,directed
u293,u350,1,directed
u225,u404,3,directed
u076,u245,1,directed
u225,u361,1,directed
u242,u382,1,directed
u202,u160,1,directed
u320,u018,3,directed
u064,u216,0.5,undirected
u392,u363,1,directed
u101,u337,1,directed
u141,u016,1,directed
u130,u069,1,directed
u130,u043,1,directed
u204,u387,1,directed
u333,u007,1,directed
u163,u250,3,directed
u341,u135,1,directed
u135,u293,0.5,undirected
u394,u387,1,directed
u248,u170,1,directed
u354,u318,0.5,undirected
u393,u287,0.5,undirected
u202,u293,1,directed
u121,u319,1,directed
u070,u101,1,directed
u158,u387,0.5,undirected
u018,u328,1,directed
u202,u133,1,directed
u289,u084,0.5,undirected
u335,u237,1,directed
u069,u348,1,directed
u275,u294,1,directed
u106,u171,1,directed
u018,u168,1,directed
u357,u288,3,directed
u391,u076,1,directed
u194,u158,0.5,undirected
u231,u115,1,directed
u225,u091,3,directed
u412,u069,1,directed
u280,u142,0.5,undirected
u305,u158,1,directed
u157,u277,1,directed
u383,u171,3,directed
u288,u308,0.5,undirected
u380,u394,3,directed
u109,u115,1,directed
u412,u259,1,directed
u154,u316,1,directed
u319,u185,1,directed
u165,u069,3,directed
u151,u139,1,directed
u176,u069,0.5,undirected
u380,u111,0.5,undirected
u016,u410,1,directed
u371,u121,1,directed
u100,u073,1,directed
u387,u386,1,directed
u052,u119,3,directed
u298,u060,1,directed
u069,u375,1,directed
u186,u255,1,directed
u135,u289,1,directed
u084,u007,1,directed
u091,u160,0.5,undirected
u368,u129,0.5,undirected
u198,u018,1,directed
u380,u387,1,directed
u223,u331,1,directed
u069,u353,3,directed
u081,u277,1,directed
u070,u001,1,directed
u081,u128,1,directed
u302,u341,1,directed
u242,u289,1,directed
u391,u200,3,directed
u097,u288,0.5,undirected
u072,u128,1,directed
u341,u074,3,directed
u372,u390,3,directed
u367,u411,1,directed
u387,u158,1,directed
u119,u401,3,directed
u081,u410,1,directed
u327,u019,1,directed
u046,u074,0.5,undirected
u418,u171,0.5,undirected
u396,u069,1,directed
u016,u141,1,directed
u160,u273,3,directed
u377,u259,3,directed
u006,u038,1,directed
u412,u069,1,directed
u069,u251,0.5,undirected
u173,u279,1,directed
u234,u101,1,directed
u139,u396,3,directed
u297,u288,0.5,undirected
u018,u276,3,directed
u236,u233,0.5,undirected
u383,u410,1,directed
u238,u069,1,directed
u230,u141,0.5,undirected
u410,u056,3,directed
u356,u348,1,directed
u061,u383,3,directed
u171,u383,0.5,undirected
u008,u397,1,directed
u324,u232,0.5,undirected
u160,u073,1,directed
u072,u017,1,directed
u279,u016,1,directed
u069,u225,0.5,undirected
u160,u077,1,directed
u115,u076,0.5,undirected
u135,u293,1,directed
u276,u018,1,directed
u225,u021,0.5,undirected
u323,u288,1,directed
u171,u016,1,directed
u250,u088,1,directed
u319,u160,0.5,undirected
u048,u389,1,directed
u380,u386,1,directed
u333,u119,3,directed
u290,u287,3,directed
u026,u115,1,directed
u270,u176,1,directed
u193,u380,1,directed
u081,u043,1,directed
u160,u092,0.5,undirected
u039,u125,1,directed
u182,u133,1,directed
u356,u111,1,directed
u158,u333,1,directed
u333,u216,1,directed
u111,u129,3,directed
u302,u082,1,directed
u048,u110,1,directed
u180,u111,1,directed
u225,u160,1,directed
u007,u305,1,directed
u299,u115,1,directed
u396,u065,1,directed
u233,u276,1,directed
u379,u184,1,directed
u220,u011,1,directed
u324,u018,0.5,undirected
u053,u284,1,directed
u341,u225,0.5,undirected
u278,u007,3,directed
u288,u330,0.5,undirected
u165,u130,0.5,undirected
u389,u317,1,directed
u250,u119,3,directed
u412,u256,1,directed
u110,u193,0.5,undirected
u070,u071,3,directed
u043,u200,0.5,undirected
u093,u119,1,directed
u043,u157,1,directed
u414,u160,3,directed
u158,u068,1,directed
u008,u396,0.5,undirected
u235,u280,0.5,undirected
u016,u069,0.5,undirected
u245,u413,1,directed
u187,u034,0.5,undirected
u069,u050,3,directed
u158,u387,1,directed
u200,u018,3,directed
u286,u012,3,directed
u119,u007,1,directed
u034,u143,0.5,undirected
u152,u214,1,directed
u298,u068,1,directed
u261,u159,0.5,undirected
u326,u393,1,directed
u225,u185,0.5,undirected
u245,u127,1,directed
u418,u081,1,directed
u051,u007,1,directed
u085,u158,0.5,undirected
u171,u367,0.5,undirected
u237,u212,1,directed
u251,u186,1,directed
u218,u387,3,directed
u124,u242,1,directed
u171,u251,1,directed
u341,u036,3,directed
u333,u014,1,directed
u124,u002,3,directed
u069,u007,0.5,undirected
u007,u250,3,directed
u022,u119,3,directed
u007,u014,0.5,undirected
u251,u016,1,directed
u216,u139,1,directed
u210,u250,0.5,undirected
u242,u136,0.5,undirected
u018,u099,1,directed
u095,u278,1,directed
u387,u182,1,directed
u289,u225,0.5,undirected
u315,u066,0.5,undirected
u167,u158,1,directed
u211,u366,0.5,undirected
u361,u293,1,directed
u017,u324,1,directed
u225,u160,1,directed
u081,u171,1,directed
u153,u324,1,directed
u288,u359,1,directed
u387,u380,1,directed
u333,u288,1,directed
u352,u180,1,directed
u070,u233,0.5,undirected
u355,u224,1,directed
u333,u250,1,directed
u082,u358,3,directed
u171,u236,0.5,undirected
u081,u141,0.5,undirected
u171,u392,1,directed
u086,u191,3,directed
u410,u126,1,directed
u141,u016,1,directed
u241,u160,1,directed
u081,u392,1,directed
u402,u212,1,directed
u380,u193,1,directed
u176,u078,0.5,undirected
u366,u408,0.5,undirected
u250,u216,0.5,undirected
u018,u135,0.5,undirected
u354,u007,1,directed
u090,u018,1,directed
u119,u007,1,directed
u158,u382,1,directed
u084,u069,1,directed
u340,u380,1,directed
u387,u394,3,directed
u173,u277,1,directed
u069,u111,0.5,undirected
u045,u279,1,directed
u386,u380,1,directed
u154,u328,0.5,undirected
u136,u018,3,directed
u225,u075,3,directed
u087,u222,1,directed
u410,u081,1,directed
u035,u100,1,directed
u355,u083,1,directed
u223,u253,1,directed
u386,u158,0.5,undirected
u116,u010,0.5,undirected
u007,u330,1,directed
u078,u069,3,directed
u333,u354,3,directed
u126,u279,1,directed
u188,u383,3,directed
u299,u379,0.5,undirected
u259,u008,1,directed
u069,u377,1,directed
u136,u231,1,directed
u368,u050,3,directed
u051,u069,1,directed
u069,u412,1,directed
u284,u248,1,directed
u115,u018,1,directed
u160,u225,1,directed
u270,u035,0.5,undirected
u185,u319,1,directed
u158,u380,1,directed
u135,u225,1,directed
u216,u020,1,directed
u018,u247,1,directed
u258,u097,1,directed
u245,u169,3,directed
u337,u248,3,directed
u154,u219,0.5,undirected
u158,u414,1,directed
u348,u310,3,directed
u394,u387,3,directed
u212,u057,1,directed
u133,u261,0.5,undirected
u341,u037,1,directed
u189,u293,1,directed
u158,u062,1,directed
u399,u250,0.5,undirected
u251,u141,1,directed
u410,u380,3,directed
u219,u287,1,directed
u124,u137,1,directed
u011,u393,0.5,undirected
u055,u200,1,directed
u119,u399,0.5,undirected
u160,u396,1,directed
u069,u078,1,directed
u367,u265,3,directed
u281,u069,0.5,undirected
u130,u089,1,directed
u346,u362,1,directed
u141,u016,1,directed
u234,u240,3,directed
u026,u090,0.5,undirected
u412,u099,1,directed
u202,u157,1,directed
u171,u265,3,directed
u249,u101,1,directed
u407,u158,1,directed
u069,u377,3,directed
u089,u356,1,directed
u008,u396,3,directed
u018,u225,0.5,undirected
u095,u069,1,directed
u067,u380,3,directed
u073,u018,1,directed
u258,u250,1,directed
u365,u119,1,directed
u379,u251,0.5,undirected
u341,u317,1,directed
u189,u007,1,directed
u171,u016,0.5,undirected
u069,u259,1,directed
u399,u288,1,directed
u225,u092,1,directed
u292,u143,1,directed
u289,u018,1,directed
u372,u168,3,directed
u289,u111,3,directed
u111,u310,0.5,undirected
u096,u120,3,directed
u385,u242,0.5,undirected
u160,u293,1,directed
u316,u025,1,directed
u100,u018,1,directed
u119,u106,1,directed
u272,u349,1,directed
u320,u237,1,directed
u332,u226,1,directed
u210,u380,1,directed
u266,u380,1,directed
u353,u259,1,directed
u018,u232,1,directed
u298,u204,3,directed
u159,u138,1,directed
u171,u385,1,directed
u081,u267,1,directed
u324,u336,1,directed
u158,u048,1,directed
u076,u005,0.5,undirected
u058,u383,1,directed
u405,u046,1,directed
u225,u396,0.5,undirected
u048,u364,1,directed
u288,u278,3,directed
u176,u348,1,directed
u018,u069,1,directed
u333,u042,3,directed
u280,u235,1,directed
u115,u026,0.5,undirected
u394,u225,1,directed
u076,u242,1,directed
u119,u139,1,directed
u257,u324,3,directed
u119,u365,1,directed
u239,u267,1,directed
u189,u392,0.5,undirected
u058,u255,1,directed
u366,u119,1,directed
u380,u387,1,directed
u219,u081,1,directed
u396,u084,1,directed
u007,u119,3,directed
u225,u302,1,directed
u064,u059,3,directed
u288,u333,0.5,undirected
u348,u089,1,directed
u052,u108,1,directed
u007,u119,1,directed
u099,u158,3,directed
u319,u160,1,directed
u059,u049,1,directed
u355,u018,1,directed
u380,u323,1,directed
u035,u058,1,directed
u348,u281,1,directed
u087,u354,1,directed
u380,u386,3,directed
u183,u375,3,directed
u052,u301,1,directed
u016,u081,1,directed
u141,u081,1,directed
u119,u152,1,directed
u375,u112,0.5,undirected
u141,u410,3,directed
u160,u091,0.5,undirected
u166,u036,3,directed
u121,u161,3,directed
u081,u069,1,directed
u380,u387,1,directed
u081,u077,3,directed
u177,u119,1,directed
u018,u198,0.5,undirected
u158,u380,3,directed
u396,u310,3,directed
u046,u225,1,directed
u050,u371,0.5,undirected
u212,u069,3,directed
u059,u333,1,directed
u160,u341,3,directed
u087,u119,1,directed
u076,u018,1,directed
u225,u321,0.5,undirected
u018,u003,1,directed
u200,u018,1,directed
u324,u254,1,directed
u409,u018,1,directed
u018,u402,1,directed
u067,u158,3,directed
u081,u230,0.5,undirected
u117,u109,1,directed
u187,u115,1,directed
u186,u171,1,directed
u330,u119,1,directed
u158,u194,1,directed
u070,u133,0.5,undirected
u343,u081,1,directed
u310,u396,0.5,undirected
u225,u082,1,directed
u114,u301,1,directed
u158,u085,3,directed
u133,u159,1,directed
u365,u069,1,directed
u278,u049,1,directed
u392,u277,0.5,undirected
u092,u225,1,directed
u111,u069,0.5,undirected
u226,u018,3,directed
u134,u101,1,directed
u402,u339,1,directed
u225,u395,3,directed
u221,u100,1,directed
u038,u171,1,directed
u197,u057,1,directed
u104,u293,1,directed
u119,u308,1,directed
u163,u059,3,directed
u121,u111,3,directed
u386,u324,0.5,undirected
u081,u173,1,directed
u081,u288,3,directed
u014,u318,0.5,undirected
u386,u387,3,directed
u112,u331,0.5,undirected
u208,u352,1,directed
u090,u018,1,directed
u027,u287,0.5,undirected
u299,u231,1,directed
u061,u327,3,directed
u160,u135,3,directed
u310,u111,0.5,undirected
u060,u282,0.5,undirected
u028,u101,1,directed
u369,u158,1,directed
u111,u069,1,directed
u387,u062,1,directed
u056,u016,0.5,undirected
u317,u289,3,directed
u141,u173,3,directed
u245,u154,1,directed
u115,u010,1,directed
u234,u071,0.5,undirected
u158,u380,1,directed
u308,u354,1,directed
u225,u293,0.5,undirected
u016,u023,0.5,undirected
u276,u018,1,directed
u386,u067,1,directed
u018,u100,1,directed
u270,u356,1,directed
u233,u128,1,directed
u176,u111,1,directed
u091,u350,3,directed
u380,u387,0.5,undirected
u259,u089,1,directed
u355,u372,1,directed
u121,u212,0.5,undirected
u135,u285,1,directed
u154,u158,1,directed
u139,u158,0.5,undirected
u018,u115,1,directed
u394,u389,1,directed
u268,u171,3,directed
u288,u381,1,directed
u015,u141,1,directed
u016,u043,1,directed
u018,u115,0.5,undirected
u324,u018,0.5,undirected
u345,u119,1,directed
u225,u293,3,directed
u332,u324,3,directed
u130,u158,0.5,undirected
u224,u405,1,directed
u323,u147,3,directed
u141,u043,1,directed
u282,u387,0.5,undirected
u097,u007,1,directed
u220,u236,3,directed
u402,u018,1,directed
u317,u210,0.5,undirected
u045,u081,1,directed
u090,u101,1,directed
u280,u287,0.5,undirected
u391,u175,3,directed
u080,u250,3,directed
u102,u115,0.5,undirected
u356,u348,1,directed
u048,u204,1,directed
u121,u069,1,directed
u052,u318,0.5,undirected
u357,u046,0.5,undirected
u412,u223,3,directed
u225,u289,1,directed
u123,u076,0.5,undirected
u202,u135,1,directed
u155,u015,1,directed
u034,u018,1,directed
u102,u384,1,directed
u069,u223,1,directed
u216,u345,1,directed
u007,u032,1,directed
u255,u016,1,directed
u018,u081,1,directed
u225,u132,1,directed
u353,u069,1,directed
u412,u377,0.5,undirected
u069,u257,1,directed
u121,u110,1,directed
u023,u411,1,directed
u215,u387,1,directed
u290,u259,0.5,undirected
u171,u081,0.5,undirected
u090,u382,3,directed
u332,u026,1,directed
u225,u321,0.5,undirected
u225,u135,0.5,undirected
u319,u160,3,directed
u303,u131,1,directed
u161,u112,3,directed
u038,u077,1,directed
u018,u324,1,directed
u197,u055,1,directed
u279,u410,1,directed
u062,u355,0.5,undirected
u158,u044,3,directed
u266,u177,1,directed
u366,u236,0.5,undirected
u299,u276,1,directed
u133,u261,1,directed
u082,u302,0.5,undirected
u171,u041,0.5,undirected
u200,u115,3,directed
u418,u264,1,directed
u018,u083,1,directed
u175,u274,1,directed
u166,u225,3,directed
u380,u158,1,directed
u282,u194,0.5,undirected
u415,u056,1,directed
u213,u069,1,directed
u313,u046,1,directed
u081,u265,1,directed
u248,u280,0.5,undirected
u018,u116,0.5,undirected
u131,u387,0.5,undirected
u292,u276,1,directed
u419,u069,0.5,undirected
u382,u320,1,directed
u158,u380,1,directed
u131,u188,1,directed
u158,u380,3,directed
u020,u210,3,directed
u306,u101,1,directed
u074,u007,3,directed
u007,u216,1,directed
u141,u255,1,directed
u176,u396,1,directed
u288,u250,1,directed
u165,u223,0.5,undirected
u049,u119,1,directed
u214,u046,1,directed
u166,u225,3,directed
u018,u174,1,directed
u141,u081,0.5,undirected
u158,u380,0.5,undirected
u367,u373,1,directed
u135,u225,1,directed
u248,u171,1,directed
u147,u413,0.5,undirected
u171,u251,1,directed
u203,u353,1,directed
u236,u154,0.5,undirected
u198,u100,1,directed
u333,u125,0.5,undirected
u161,u136,3,directed
u321,u289,1,directed
u225,u113,3,directed
u375,u108,3,directed
u225,u160,0.5,undirected
u026,u031,1,directed
u337,u170,1,directed
u084,u161,1,directed
u090,u018,0.5,undirected
u242,u018,0.5,undirected
u288,u177,3,directed
u085,u136,1,directed
u046,u051,1,directed
u415,u013,1,directed
u305,u039,1,directed
u216,u040,0.5,undirected
u226,u207,1,directed
u141,u016,0.5,undirected
u321,u225,1,directed
u043,u171,3,directed
u345,u258,1,directed
u145,u284,1,directed
u217,u233,1,directed
u225,u293,3,directed
u048,u193,1,directed
u267,u299,3,directed
u216,u059,3,directed
u069,u111,1,directed
u158,u085,1,directed
u340,u195,1,directed
u148,u158,3,directed
u191,u246,1,directed
u160,u341,1,directed
u387,u303,0.5,undirected
u100,u008,0.5,undirected
u007,u255,3,directed
u352,u121,1,directed
u056,u141,0.5,undirected
u324,u018,3,directed
u324,u018,1,directed
u311,u410,1,directed
u412,u310,3,directed
u121,u069,0.5,undirected
u018,u026,3,directed
u341,u160,1,directed
u256,u095,1,directed
u303,u060,1,directed
u081,u311,3,directed
u233,u142,1,directed
u069,u180,1,directed
u101,u000,1,directed
u225,u293,1,directed
u090,u018,1,directed
u081,u251,1,directed
u372,u324,3,directed
u018,u355,1,directed
u160,u341,1,directed
u399,u210,1,directed
u319,u202,1,directed
u393,u245,3,directed
u161,u066,0.5,undirected
u236,u163,0.5,undirected
u216,u119,0.5,undirected
u158,u380,3,directed
u018,u040,1,directed
u299,u122,1,directed
u375,u338,3,directed
u147,u167,1,directed
u350,u162,1,directed
u289,u293,1,directed
u163,u046,0.5,undirected
u161,u259,1,directed
u032,u030,1,directed
u011,u366,1,directed
u251,u171,1,directed
u162,u160,0.5,undirected
u412,u371,1,directed
u311,u329,0.5,undirected
u386,u380,0.5,undirected
u407,u048,1,directed
u031,u225,1,directed
u112,u111,3,directed
u200,u018,3,directed
u353,u208,0.5,undirected
u324,u187,3,directed
u183,u117,3,directed
u365,u007,1,directed
u165,u111,0.5,undirected
u059,u020,1,directed
u176,u007,1,directed
u046,u052,1,directed
u359,u119,1,directed
u225,u185,0.5,undirected
u046,u216,1,directed
u157,u239,1,directed
u333,u354,1,directed
u069,u377,3,directed
u255,u266,1,directed
u100,u409,1,directed
u225,u202,3,directed
u036,u304,0.5,undirected
u007,u105,1,directed
u119,u052,1,directed
u100,u136,1,directed
u394,u158,1,directed
u028,u312,1,directed
u204,u298,1,directed
u171,u016,0.5,undirected
u134,u403,1,directed
u410,u171,1,directed
u206,u329,1,directed
u410,u251,3,directed
u309,u374,0.5,undirected
u090,u276,3,directed
u410,u251,1,directed
u372,u299,1,directed
u225,u293,3,directed
u016,u201,1,directed
u267,u054,1,directed
u341,u293,1,directed
u121,u069,3,directed
u153,u372,1,directed
u176,u253,3,directed
u082,u341,1,directed
u069,u128,1,directed
u380,u387,0.5,undirected
u399,u380,0.5,undirected
u007,u333,1,directed
u225,u135,1,directed
u086,u018,0.5,undirected
u163,u314,0.5,undirected
u348,u371,1,directed
u026,u276,1,directed
u348,u095,1,directed
u385,u018,1,directed
u380,u364,3,directed
u018,u231,1,directed
u145,u053,3,directed
u277,u265,1,directed
u319,u225,1,directed
u018,u324,3,directed
u145,u105,0.5,undirected
u320,u288,1,directed
u288,u359,1,directed
u069,u310,1,directed
u375,u069,1,directed
u387,u158,1,directed
u380,u117,1,directed
u380,u158,1,directed
u237,u196,1,directed
u354,u288,3,directed
u230,u410,1,directed
u157,u171,0.5,undirected
u238,u128,3,directed
u158,u323,1,directed
u333,u152,1,directed
u324,u372,0.5,undirected
u324,u018,1,directed
u118,u089,1,directed
u058,u265,1,directed
u225,u181,1,directed
u250,u333,3,directed
u333,u250,3,directed
u200,u018,3,directed
u069,u212,1,directed
u081,u016,1,directed
u010,u116,1,directed
u293,u225,1,directed
u367,u157,0.5,undirected
u092,u202,0.5,undirected
u341,u069,3,directed
u141,u114,1,directed
u419,u069,3,directed
u171,u255,1,directed
u409,u324,1,directed
u018,u136,0.5,undirected
u193,u194,1,directed
u251,u286,0.5,undirected
u372,u116,0.5,undirected
u235,u284,3,directed
u064,u014,0.5,undirected
u101,u159,0.5,undirected
u225,u091,1,directed
u069,u161,1,directed
u018,u044,1,directed
u265,u201,1,directed
u236,u141,1,directed
u202,u007,1,directed
u265,u081,1,directed
u283,u380,1,directed
u384,u018,0.5,undirected
u372,u093,1,directed
u202,u325,1,directed
u225,u302,1,directed
u412,u111,1,directed
u226,u380,1,directed
u225,u293,1,directed
u293,u225,0.5,undirected
u145,u412,3,directed
u302,u182,0.5,undirected
u324,u136,0.5,undirected
u158,u131,0.5,undirected
u158,u182,1,directed
u266,u278,1,directed
u234,u127,1,directed
u171,u016,1,directed
u337,u219,1,directed
u075,u081,3,directed
u082,u293,1,directed
u225,u158,1,directed
u230,u373,1,directed
u181,u225,3,directed
u043,u041,3,directed
u035,u081,1,directed
u288,u258,3,directed
u316,u159,1,directed
u058,u041,1,directed
u115,u107,1,directed
u336,u216,1,directed
u018,u073,1,directed
u094,u187,1,directed
u380,u158,1,directed
u274,u332,0.5,undirected
u190,u233,1,directed
u387,u081,0.5,undirected
u286,u288,1,directed
u250,u258,3,directed
u018,u372,1,directed
u040,u119,0.5,undirected
u158,u380,3,directed
u069,u315,1,directed
u158,u085,3,directed
u380,u158,3,directed
u380,u158,1,directed
u060,u395,1,directed
u361,u171,1,directed
u324,u018,1,directed
u119,u381,3,directed
u008,u069,0.5,undirected
u044,u018,3,directed
u021,u092,1,directed
u199,u384,1,directed
u069,u348,3,directed
u390,u409,1,directed
u387,u067,3,directed
u048,u282,0.5,undirected
u223,u410,1,directed
u005,u390,1,directed
u171,u224,1,directed
u182,u248,1,directed
u076,u090,1,directed
u069,u121,3,directed
u227,u216,3,directed
u410,u251,1,directed
u166,u185,0.5,undirected
u224,u116,0.5,undirected
u302,u395,3,directed
u171,u157,0.5,undirected
u340,u296,1,directed
u171,u410,0.5,undirected
u018,u225,1,directed
u293,u289,0.5,undirected
u159,u337,3,directed
u415,u289,1,directed
u080,u417,1,directed
u173,u161,1,directed
u392,u171,3,directed
u036,u401,1,directed
u268,u141,1,directed
u114,u265,1,directed
u255,u291,1,directed
u357,u014,3,directed
u324,u100,1,directed
u317,u013,1,directed
u058,u190,1,directed
u318,u258,1,directed
u014,u216,1,directed
u293,u225,1,directed
u042,u189,1,directed
u160,u037,1,directed
u081,u268,0.5,undirected
u224,u257,1,directed
u206,u077,1,directed
u313,u106,1,directed
u169,u416,1,directed
u145,u346,1,directed
u324,u232,3,directed
u412,u196,0.5,undirected
u232,u324,1,directed
u324,u384,0.5,undirected
u417,u354,0.5,undirected
u349,u396,3,directed
u022,u097,3,directed
u380,u387,1,directed
u074,u216,1,directed
u373,u279,1,directed
u182,u287,3,directed
u069,u324,3,directed
u018,u299,1,directed
u018,u336,1,directed
u069,u397,1,directed
u355,u100,1,directed
u018,u047,1,directed
u369,u018,1,directed
u046,u250,3,directed
u216,u227,1,directed
u353,u008,0.5,undirected
u186,u277,1,directed
u052,u333,3,directed
u072,u189,1,directed
u171,u264,1,directed
u035,u023,3,directed
u050,u128,3,directed
u310,u353,0.5,undirected
u161,u412,1,directed
u006,u171,0.5,undirected
u356,u095,1,directed
u089,u130,1,directed
u412,u069,0.5,undirected
u399,u216,3,directed
u293,u334,0.5,undirected
u320,u355,1,directed
u405,u399,1,directed
u074,u007,1,directed
u391,u254,1,directed
u069,u008,1,directed
u058,u392,3,directed
u324,u018,0.5,undirected
u235,u240,0.5,undirected
u258,u007,3,directed
u152,u214,1,directed
u413,u101,1,directed
u393,u169,3,directed
u255,u173,0.5,undirected
u007,u108,1,directed
u069,u315,1,directed
u176,u111,0.5,undirected
u060,u062,1,directed
u259,u069,1,directed
u106,u288,1,directed
u116,u384,0.5,undirected
u225,u304,3,directed
u268,u007,3,directed
u007,u155,1,directed
u286,u012,0.5,undirected
u417,u288,1,directed
u100,u324,1,directed
u233,u159,1,directed
u137,u115,1,directed
u158,u386,3,directed
u316,u028,1,directed
u333,u278,1,directed
u332,u018,3,directed
u145,u170,1,directed
u007,u354,1,directed
u043,u171,3,directed
u253,u223,0.5,undirected
u081,u015,0.5,undirected
u191,u057,0.5,undirected
u155,u354,3,directed
u242,u018,1,directed
u111,u223,1,directed
u125,u018,1,directed
u316,u105,1,directed
u333,u119,3,directed
u034,u385,1,directed
u410,u376,1,directed
u216,u288,1,directed
u290,u211,3,directed
u227,u225,3,directed
u115,u100,0.5,undirected
u406,u081,1,directed
u194,u158,0.5,undirected
u279,u181,3,directed
u096,u236,3,directed
u233,u245,1,directed
u029,u225,1,directed
u324,u200,1,directed
u302,u013,1,directed
u401,u030,3,directed
u279,u251,1,directed
u387,u380,1,directed
u158,u323,1,directed
u380,u158,1,directed
u090,u003,1,directed
u135,u350,1,directed
u242,u136,1,directed
u412,u069,3,directed
u016,u081,3,directed
u112,u356,0.5,undirected
u386,u390,1,directed
u293,u036,1,directed
u277,u081,0.5,undirected
u007,u023,3,directed
u181,u293,3,directed
u333,u052,1,directed
u200,u343,1,directed
u018,u175,0.5,undirected
u297,u214,1,directed
u341,u293,0.5,undirected
u082,u319,1,directed
u391,u083,1,directed
u225,u341,3,directed
u176,u349,1,directed
u221,u337,1,directed
u100,u018,1,directed
u256,u111,1,directed
u174,u121,1,directed
u253,u069,3,directed
u212,u367,3,directed
u402,u409,1,directed
u392,u279,1,directed
u216,u108,1,directed
u211,u236,1,directed
u099,u363,1,directed
u216,u160,0.5,undirected
u149,u333,1,directed
u382,u276,1,directed
u284,u287,3,directed
u276,u366,1,directed
u016,u251,3,directed
u099,u140,1,directed
u076,u018,1,directed
u410,u113,1,directed
u402,u384,3,directed
u310,u111,0.5,undirected
u202,u273,0.5,undirected
u104,u171,1,directed
u271,u111,3,directed
u081,u058,1,directed
u099,u333,1,directed
u259,u352,0.5,undirected
u158,u110,1,directed
u158,u171,1,directed
u118,u069,1,directed
u160,u018,1,directed
u279,u363,0.5,undirected
u361,u135,1,directed
u171,u043,1,directed
u016,u141,0.5,undirected
u387,u158,3,directed
u302,u225,0.5,undirected
u293,u160,1,directed
u070,u290,1,directed
u324,u379,3,directed
u154,u120,3,directed
u410,u081,1,directed
u069,u121,1,directed
u018,u392,1,directed
u226,u122,0.5,undirected
u119,u020,1,directed
u386,u158,3,directed
u061,u175,1,directed
u023,u410,3,directed
u327,u094,1,directed
u058,u081,1,directed
u375,u176,0.5,undirected
u153,u018,0.5,undirected
u126,u265,0.5,undirected
u318,u415,1,directed
u297,u216,3,directed
u225,u290,3,directed
u100,u083,3,directed
u187,u072,1,directed
u091,u341,3,directed
u293,u115,3,directed
u158,u387,0.5,undirected
u225,u341,1,directed
u333,u052,1,directed
u225,u021,0.5,undirected
u313,u152,1,directed
u279,u291,0.5,undirected
u069,u072,1,directed
u160,u225,1,directed
u277,u255,1,directed
u245,u293,0.5,undirected
u338,u197,3,directed
u121,u368,3,directed
u358,u008,1,directed
u245,u306,0.5,undirected
u035,u081,1,directed
u288,u119,1,directed
u141,u410,1,directed
u174,u271,3,directed
u406,u249,1,directed
u018,u363,3,directed
u276,u018,0.5,undirected
u225,u180,3,directed
u341,u013,3,directed
u286,u016,3,directed
u042,u007,1,directed
u225,u050,1,directed
u069,u238,3,directed
u288,u318,1,directed
u220,u366,3,directed
u208,u338,0.5,undirected
u018,u136,3,directed
u018,u014,3,directed
u112,u412,1,directed
u245,u211,0.5,undirected
u119,u046,1,directed
u372,u026,1,directed
u051,u216,1,directed
u212,u378,1,directed
u018,u409,1,directed
u217,u236,3,directed
u203,u280,1,directed
u018,u226,3,directed
u225,u319,1,directed
u409,u047,3,directed
u018,u242,1,directed
u121,u193,1,directed
u255,u279,1,directed
u353,u237,1,directed
u096,u105,1,directed
u235,u393,1,directed
u193,u387,0.5,undirected
u225,u321,3,directed
u259,u072,1,directed
u061,u372,0.5,undirected
u245,u287,1,directed
u081,u212,1,directed
u200,u115,1,directed
u266,u210,0.5,undirected
u069,u356,1,directed
u081,u277,1,directed
u048,u380,1,directed
u338,u144,1,directed
u357,u106,1,directed
u332,u224,1,directed
u330,u007,1,directed
u209,u370,1,directed
u016,u081,3,directed
u380,u158,3,directed
u004,u225,1,directed
u324,u018,1,directed
u119,u039,1,directed
u081,u157,3,directed
u068,u275,0.5,undirected
u306,u316,1,directed
u158,u387,1,directed
u081,u301,1,directed
u391,u409,3,directed
u071,u393,3,directed
u380,u048,1,directed
u394,u068,1,directed
u034,u116,3,directed
u135,u293,1,directed
u018,u372,3,directed
u137,u402,1,directed
u384,u136,1,directed
u160,u225,1,directed
u141,u043,1,directed
u292,u018,1,directed
u233,u000,1,directed
u005,u018,3,directed
u111,u276,3,directed
u018,u255,1,directed
u273,u090,1,directed
u018,u019,0.5,undirected
u025,u027,1,directed
u069,u338,1,directed
u069,u008,1,directed
u281,u111,1,directed
u387,u206,0.5,undirected
u172,u225,1,directed
u018,u324,1,directed
u154,u101,0.5,undirected
u141,u247,1,directed
u069,u375,1,directed
u242,u207,1,directed
u377,u331,1,directed
u267,u404,1,directed
u324,u112,1,directed
u076,u018,3,directed
u175,u115,3,directed
u380,u160,1,directed
u160,u081,1,directed
u080,u115,3,directed
u145,u236,0.5,undirected
u299,u324,3,directed
u380,u158,1,directed
u051,u007,1,directed
u127,u240,1,directed
u357,u014,0.5,undirected
u018,u115,3,directed
u202,u116,1,directed
u062,u079,0.5,undirected
u124,u336,3,directed
u349,u403,1,directed
u293,u225,1,directed
u288,u278,3,directed
u341,u225,3,directed
u216,u014,3,directed
u225,u056,0.5,undirected
u225,u277,1,directed
u341,u018,1,directed
u158,u380,3,directed
u007,u387,1,directed
u372,u003,1,directed
u292,u100,1,directed
u302,u225,3,directed
u027,u245,1,directed
u128,u371,1,directed
u258,u365,1,directed
u195,u158,1,directed
u177,u417,1,directed
u130,u069,1,directed
u118,u158,1,directed
u028,u000,3,directed
u040,u330,1,directed
u198,u034,1,directed
u123,u090,0.5,undirected
u100,u254,0.5,undirected
u038,u377,1,directed
u372,u158,1,directed
u410,u141,1,directed
u311,u171,3,directed
u232,u018,3,directed
u145,u366,3,directed
u018,u242,1,directed
u036,u225,3,directed
u069,u008,3,directed
u160,u382,3,directed
u200,u409,0.5,undirected
u119,u042,3,directed
u087,u308,1,directed
u333,u139,1,directed
u262,u324,3,directed
u225,u135,3,directed
u246,u208,0.5,undirected
u333,u039,3,directed
u158,u069,3,directed
u332,u018,1,directed
u332,u257,3,directed
u305,u007,1,directed
u333,u354,0.5,undirected
u146,u069,1,directed
u366,u133,1,directed
u359,u210,0.5,undirected
u254,u115,0.5,undirected
u103,u409,1,directed
u008,u069,1,directed
u380,u078,3,directed
u377,u121,1,directed
u189,u301,3,directed
u075,u289,3,directed
u399,u222,0.5,undirected
u225,u302,3,directed
u111,u057,0.5,undirected
u419,u371,1,directed
u276,u372,1,directed
u112,u018,0.5,undirected
u007,u314,1,directed
u025,u154,1,directed
u172,u156,1,directed
u177,u007,1,directed
u018,u123,1,directed
u125,u250,0.5,undirected
u260,u250,3,directed
u237,u018,1,directed
u255,u343,1,directed
u412,u377,3,directed
u276,u098,1,directed
u348,u272,0.5,undirected
u145,u233,1,directed
u324,u319,1,directed
u016,u264,1,directed
u113,u171,3,directed
u341,u160,1,directed
u160,u225,0.5,undirected
u216,u018,1,directed
u408,u245,0.5,undirected
u203,u392,1,directed
u016,u343,1,directed
u242,u028,1,directed
u018,u301,0.5,undirected
u026,u332,1,directed
u191,u348,3,directed
u095,u165,3,directed
u296,u387,0.5,undirected
u018,u324,0.5,undirected
u384,u061,1,directed
u318,u046,1,directed
u239,u129,0.5,undirected
u165,u348,1,directed
u338,u069,1,directed
u303,u067,3,directed
u106,u405,0.5,undirected
u342,u158,3,directed
u019,u109,0.5,undirected
u160,u225,1,directed
u069,u397,1,directed
u341,u225,0.5,undirected
u225,u162,1,directed
u018,u107,1,directed
u072,u069,1,directed
u018,u276,1,directed
u157,u418,3,directed
u179,u333,3,directed
u336,u069,3,directed
u372,u018,1,directed
u300,u149,1,directed
u176,u352,1,directed
u180,u200,0.5,undirected
u065,u174,1,directed
u220,u219,1,directed
u319,u304,3,directed
u380,u158,1,directed
u131,u067,3,directed
u141,u035,0.5,undirected
u387,u340,1,directed
u294,u351,1,directed
u401,u333,1,directed
u081,u225,1,directed
u337,u018,3,directed
u198,u018,1,directed
u119,u106,0.5,undirected
u367,u081,1,directed
u289,u225,3,directed
u112,u069,1,directed
u048,u387,3,directed
u209,u333,3,directed
u001,u105,1,directed
u372,u090,1,directed
u177,u313,3,directed
u043,u157,1,directed
u293,u104,3,directed
u158,u148,0.5,undirected
u157,u006,3,directed
u089,u223,1,directed
u121,u111,1,directed
u016,u230,0.5,undirected
u306,u088,3,directed
u139,u007,3,directed
u418,u255,1,directed
u225,u372,3,directed
u158,u275,1,directed
u231,u018,1,directed
u158,u147,1,directed
u108,u032,3,directed
u082,u225,1,directed
u069,u180,0.5,undirected
u286,u081,0.5,undirected
u158,u193,3,directed
u242,u076,1,directed
u293,u135,1,directed
u152,u007,1,directed
u329,u291,1,directed
u080,u046,0.5,undirected
u176,u072,1,directed
u216,u359,3,directed
u237,u069,1,directed
u069,u396,1,directed
u279,u141,1,directed
u288,u007,1,directed
u016,u141,1,directed
u105,u396,1,directed
u333,u375,1,directed
u043,u367,1,directed
u193,u225,1,directed
u018,u197,0.5,undirected
u094,u100,1,directed
u111,u069,1,directed
u392,u301,3,directed
u415,u324,1,directed
u053,u100,1,directed
u392,u149,3,directed
u328,u236,1,directed
u198,u324,0.5,undirected
u076,u100,1,directed
u286,u141,3,directed
u324,u018,0.5,undirected
u081,u251,3,directed
u233,u322,1,directed
u048,u400,3,directed
u081,u111,0.5,undirected
u302,u225,1,directed
u418,u035,3,directed
u333,u081,3,directed
u310,u412,1,directed
u113,u410,3,directed
u345,u052,1,directed
u139,u258,0.5,undirected
u372,u018,3,directed
u018,u327,1,directed
u338,u095,3,directed
u069,u008,3,directed
u268,u058,0.5,undirected
u016,u171,1,directed
u276,u115,1,directed
u239,u117,1,directed
u381,u152,3,directed
u129,u353,0.5,undirected
u157,u018,1,directed
u193,u387,3,directed
u318,u333,1,directed
u035,u141,1,directed
u018,u115,1,directed
u393,u235,1,directed
u242,u363,1,directed
u135,u082,1,directed
u224,u325,0.5,undirected
u026,u124,1,directed
u314,u046,1,directed
u127,u249,1,directed
u386,u147,1,directed
u170,u372,0.5,undirected
u018,u100,3,directed
u058,u410,0.5,undirected
u371,u419,1,directed
u333,u046,0.5,undirected
u360,u225,0.5,undirected
u303,u158,1,directed
u396,u375,1,directed
u366,u411,1,directed
u043,u007,3,directed
u067,u158,1,directed
u018,u252,1,directed
u158,u204,0.5,undirected
u337,u220,1,directed
u225,u415,1,directed
u010,u107,1,directed
u223,u310,1,directed
u052,u111,1,directed
u048,u380,3,directed
u138,u154,1,directed
u112,u412,1,directed
u008,u377,1,directed
u219,u096,0.5,undirected
u057,u349,1,directed
u042,u250,0.5,undirected
u367,u018,0.5,undirected
u319,u202,3,directed
u116,u018,3,directed
u348,u111,0.5,undirected
u148,u282,3,directed
u200,u103,1,directed
u158,u380,3,directed
u171,u329,1,directed
u380,u323,1,directed
u410,u251,1,directed
u146,u396,1,directed
u069,u111,1,directed
u158,u193,1,directed
u158,u333,3,directed
u170,u312,0.5,undirected
u092,u415,1,directed
u236,u245,0.5,undirected
u365,u333,3,directed
u198,u090,0.5,undirected
u372,u242,0.5,undirected
u119,u061,1,directed
u069,u158,1,directed
u272,u069,3,directed
u251,u103,0.5,undirected
u377,u197,1,directed
u076,u007,1,directed
u095,u176,1,directed
u289,u225,1,directed
u234,u159,0.5,undirected
u152,u333,3,directed
u089,u276,0.5,undirected
u319,u415,1,directed
u018,u198,1,directed
u318,u196,1,directed
u225,u172,3,directed
u121,u086,3,directed
u016,u265,1,directed
u310,u382,1,directed
u324,u109,0.5,undirected
u030,u046,1,directed
u349,u270,1,directed
u018,u320,1,directed
u007,u082,1,directed
u081,u251,3,directed
u039,u007,0.5,undirected
u141,u171,1,directed
u251,u081,0.5,undirected
u216,u163,0.5,undirected
u128,u069,1,directed
u046,u266,1,directed
u152,u405,1,directed
u225,u160,1,directed
u097,u333,1,directed
u277,u081,1,directed
u250,u333,3,directed
u174,u069,1,directed
u225,u302,1,directed
u084,u069,0.5,undirected
u225,u135,1,directed
u171,u410,0.5,undirected
u321,u289,1,directed
u069,u270,1,directed
u160,u209,1,directed
u158,u323,1,directed
u121,u176,1,directed
u279,u063,1,directed
u061,u367,1,directed
u288,u354,1,directed
u234,u244,1,directed
u270,u069,1,directed
u300,u171,1,directed
u018,u372,1,directed
u225,u135,3,directed
u310,u112,0.5,undirected
u156,u225,1,directed
u372,u100,3,directed
u069,u375,1,directed
u335,u380,3,directed
u236,u170,0.5,undirected
u067,u380,1,directed
u302,u225,1,directed
u158,u018,1,directed
u279,u225,3,directed
u129,u287,0.5,undirected
u216,u051,1,directed
u345,u298,3,directed
u354,u333,1,directed
u142,u237,3,directed
u069,u176,0.5,undirected
u219,u309,0.5,undirected
u236,u105,1,directed
u347,u007,1,directed
u302,u225,1,directed
u069,u310,3,directed
u076,u061,0.5,undirected
u141,u052,1,directed
u249,u081,3,directed
u380,u342,1,directed
u387,u158,1,directed
u225,u341,1,directed
u283,u335,3,directed
u016,u279,1,directed
u009,u419,1,directed
u385,u018,1,directed
u018,u355,1,directed
u214,u022,0.5,undirected
u201,u269,3,directed
u072,u057,1,directed
u234,u228,3,directed
u387,u323,3,directed
u341,u075,3,directed
u121,u174,1,directed
u158,u386,0.5,undirected
u222,u163,3,directed
u333,u007,3,directed
u111,u196,1,directed
u115,u086,0.5,undirected
u073,u018,1,directed
u319,u209,0.5,undirected
u011,u408,0.5,undirected
u242,u288,3,directed
u255,u392,1,directed
u000,u393,1,directed
u141,u012,1,directed
u125,u007,1,directed
u018,u221,1,directed
u319,u334,3,directed
u345,u068,1,directed
u058,u268,1,directed
u119,u108,1,directed
u226,u090,1,directed
u069,u089,0.5,undirected
u190,u279,1,directed
u165,u089,1,directed
u272,u171,3,directed
u135,u225,3,directed
u353,u069,1,directed
u296,u323,0.5,undirected
u206,u171,3,directed
u221,u034,1,directed
u349,u069,3,directed
u174,u415,1,directed
u028,u154,1,directed
u319,u037,0.5,undirected
u128,u187,1,directed
u347,u250,0.5,undirected
u141,u251,1,directed
u362,u145,1,directed
u182,u127,0.5,undirected
u221,u384,1,directed
u036,u225,1,directed
u225,u341,3,directed
u018,u083,0.5,undirected
u247,u141,0.5,undirected
u111,u356,1,directed
u194,u342,1,directed
u187,u116,1,directed
u026,u277,1,directed
u268,u157,1,directed
u018,u391,1,directed
u333,u399,3,directed
u016,u158,0.5,undirected
u287,u284,3,directed
u018,u115,0.5,undirected
u392,u383,1,directed
u093,u034,3,directed
u175,u332,1,directed
u018,u254,3,directed
u124,u018,1,directed
u232,u153,1,directed
u225,u135,3,directed
u030,u064,1,directed
u119,u340,0.5,undirected
u129,u057,3,directed
u039,u243,3,directed
u008,u200,0.5,undirected
u022,u250,1,directed
u410,u007,1,directed
u380,u283,0.5,undirected
u288,u119,0.5,undirected
u396,u259,3,directed
u011,u096,1,directed
u108,u229,3,directed
u160,u225,1,directed
u288,u333,1,directed
u412,u111,1,directed
u106,u119,1,directed
u293,u289,3,directed
u225,u156,1,directed
u174,u111,3,directed
u157,u171,0.5,undirected
u288,u018,1,directed
u293,u304,3,directed
u359,u330,1,directed
u018,u026,0.5,undirected
u115,u363,3,directed
u194,u340,1,directed
u036,u160,0.5,undirected
u065,u128,1,directed
u378,u176,1,directed
u409,u018,1,directed
u366,u105,0.5,undirected
u072,u197,3,directed
u139,u308,0.5,undirected
u341,u092,1,directed
u119,u046,3,directed
u126,u373,1,directed
u018,u090,3,directed
u056,u081,1,directed
u284,u337,1,directed
u087,u059,3,directed
u276,u061,1,directed
u417,u108,3,directed
u391,u018,1,directed
u384,u107,1,directed
u212,u353,3,directed
u401,u163,3,directed
u225,u197,1,directed
u018,u093,1,directed
u386,u394,1,directed
u171,u056,1,directed
u048,u255,3,directed
u081,u407,1,directed
u386,u387,0.5,undirected
u250,u015,3,directed
u318,u155,1,directed
u141,u171,1,directed
u251,u230,1,directed
u018,u355,1,directed
u255,u016,1,directed
u117,u260,1,directed
u396,u134,0.5,undirected
u225,u236,1,directed
u383,u329,0.5,undirected
u160,u378,3,directed
u111,u397,1,directed
u234,u408,1,directed
u137,u409,1,directed
u200,u018,0.5,undirected
u333,u087,1,directed
u361,u225,1,directed
u303,u080,1,directed
u245,u416,1,directed
u016,u056,0.5,undirected
u387,u158,1,directed
u048,u060,1,directed
u007,u119,1,directed
u016,u410,1,directed
u141,u149,1,directed
u413,u078,0.5,undirected
u127,u154,3,directed
u216,u007,1,directed
u412,u069,1,directed
u238,u288,1,directed
u238,u069,1,directed
u061,u034,3,directed
u018,u098,3,directed
u081,u202,1,directed
u121,u377,3,directed
u094,u018,0.5,undirected
u250,u338,1,directed
u067,u380,0.5,undirected
u026,u018,1,directed
u318,u069,1,directed
u333,u216,3,directed
u046,u080,1,directed
u171,u291,1,directed
u396,u069,0.5,undirected
u128,u331,1,directed
u324,u090,1,directed
u176,u069,1,directed
u108,u018,1,directed
u392,u171,1,directed
u261,u245,3,directed
u048,u158,1,directed
u191,u212,1,directed
u007,u333,0.5,undirected
u269,u190,1,directed
u250,u125,1,directed
u158,u195,0.5,undirected
u276,u232,3,directed
u069,u018,0.5,undirected
u187,u336,1,directed
u001,u220,1,directed
u209,u069,3,directed
u289,u360,0.5,undirected
u069,u310,1,directed
u180,u270,0.5,undirected
u159,u366,3,directed
u145,u341,0.5,undirected
u354,u288,3,directed
u236,u158,1,directed
u216,u008,1,directed
u225,u162,1,directed
u406,u410,1,directed
u119,u152,1,directed
u018,u232,0.5,undirected
u394,u195,1,directed
u382,u073,0.5,undirected
u344,u111,3,directed
u005,u198,1,directed
u158,u069,1,directed
u042,u333,1,directed
u355,u018,1,directed
u242,u299,1,directed
u016,u141,1,directed
u385,u018,0.5,undirected
u380,u062,1,directed
u360,u285,1,directed
u016,u077,1,directed
u383,u171,1,directed
u386,u158,1,directed
u295,u018,1,directed
u018,u332,3,directed
u251,u141,0.5,undirected
u048,u067,1,directed
u309,u040,1,directed
u187,u402,1,directed
u392,u247,1,directed
u276,u310,1,directed
u289,u035,3,directed
u175,u187,0.5,undirected
u019,u064,1,directed
u249,u234,3,directed
u119,u139,0.5,undirected
u141,u029,1,directed
u208,u008,1,directed
u069,u396,1,directed
u225,u415,1,directed
u069,u331,1,directed
u225,u293,1,directed
u321,u135,3,directed
u042,u046,1,directed
u119,u314,3,directed
u098,u018,1,directed
u164,u160,1,directed
u216,u171,3,directed
u166,u132,1,directed
u287,u133,1,directed
u180,u375,0.5,undirected
u160,u225,1,directed
u366,u333,1,directed
u402,u018,0.5,undirected
u020,u007,1,directed
u139,u051,3,directed
u187,u332,3,directed
u139,u052,0.5,undirected
u260,u115,3,directed
u251,u410,3,directed
u407,u171,0.5,undirected
u387,u407,1,directed
u081,u016,1,directed
u069,u344,1,directed
u112,u078,0.5,undirected
u123,u018,1,directed
u225,u341,3,directed
u164,u302,1,directed
u384,u200,1,directed
u289,u415,0.5,undirected
u296,u386,3,directed
u412,u419,0.5,undirected
u105,u284,0.5,undirected
u111,u340,0.5,undirected
u044,u324,1,directed
u262,u018,1,directed
u305,u097,0.5,undirected
u019,u018,1,directed
u106,u087,1,directed
u341,u069,0.5,undirected
u081,u265,3,directed
u141,u406,1,directed
u135,u341,1,directed
u256,u396,0.5,undirected
u293,u158,1,directed
u145,u366,1,directed
u238,u111,0.5,undirected
u234,u018,1,directed
u323,u195,1,directed
u160,u225,3,directed
u319,u225,1,directed
u069,u072,1,directed
u069,u128,0.5,undirected
u370,u185,3,directed
u341,u388,0.5,undirected
u176,u358,1,directed
u301,u146,1,directed
u410,u171,3,directed
u160,u086,0.5,undirected
u230,u124,1,directed
u302,u341,3,directed
u167,u204,1,directed
u027,u284,3,directed
u008,u066,3,directed
u270,u288,1,directed
u225,u293,1,directed
u290,u101,1,directed
u289,u018,1,directed
u021,u225,1,directed
u189,u016,1,directed
u018,u282,1,directed
u347,u152,3,directed
u290,u366,3,directed
u323,u068,1,directed
u069,u397,3,directed
u280,u145,1,directed
u007,u046,1,directed
u394,u251,0.5,undirected
u007,u308,0.5,undirected
u081,u251,1,directed
u225,u289,0.5,undirected
u266,u288,1,directed
u345,u297,0.5,undirected
u081,u171,3,directed
u341,u225,0.5,undirected
u043,u410,1,directed
u164,u198,1,directed
u166,u135,3,directed
u119,u216,1,directed
u141,u171,1,directed
u231,u115,1,directed
u346,u105,1,directed
u245,u101,1,directed
u250,u176,1,directed
u037,u341,1,directed
u233,u328,1,directed
u255,u081,3,directed
u376,u392,1,directed
u391,u018,1,directed
u320,u094,1,directed
u372,u018,3,directed
u193,u062,3,directed
u388,u092,1,directed
u380,u158,1,directed
u379,u267,0.5,undirected
u280,u261,3,directed
u176,u111,1,directed
u281,u371,1,directed
u098,u018,3,directed
u353,u310,1,directed
u399,u258,1,directed
u234,u249,3,directed
u036,u225,0.5,undirected
u197,u081,0.5,undirected
u007,u250,1,directed
u284,u007,1,directed
u366,u390,1,directed
u111,u349,1,directed
u135,u302,1,directed
u105,u362,1,directed
u119,u288,1,directed
u202,u225,1,directed
u016,u113,3,directed
u203,u113,1,directed
u293,u320,3,directed
u040,u258,1,directed
u243,u007,1,directed
u387,u158,0.5,undirected
u002,u346,1,directed
u156,u160,3,directed
u168,u018,1,directed
u217,u236,3,directed
u355,u324,3,directed
u392,u069,1,directed
u073,u242,3,directed
u113,u077,1,directed
u089,u069,1,directed
u233,u235,1,directed
u119,u086,0.5,undirected
u133,u187,0.5,undirected
u164,u137,3,directed
u171,u367,3,directed
u111,u069,1,directed
u245,u248,1,directed
u018,u005,0.5,undirected
u371,u069,1,directed
u282,u340,1,directed
u251,u141,3,directed
u022,u020,3,directed
u160,u013,1,directed
u046,u359,0.5,undirected
u018,u320,1,directed
u046,u074,1,directed
u160,u187,3,directed
u103,u090,3,directed
u166,u172,1,directed
u271,u349,1,directed
u410,u171,1,directed
u216,u007,0.5,undirected
u069,u396,0.5,undirected
u403,u212,1,directed
u415,u140,0.5,undirected
u356,u065,0.5,undirected
u135,u225,1,directed
u348,u412,0.5,undirected
u345,u119,1,directed
u101,u213,0.5,undirected
u313,u049,1,directed
u036,u185,3,directed
u076,u100,0.5,undirected
u069,u367,1,directed
u385,u404,1,directed
u371,u118,1,directed
u274,u007,3,directed
u335,u193,3,directed
u255,u171,1,directed
u266,u007,1,directed
u376,u157,1,directed
u111,u069,1,directed
u236,u337,1,directed
u259,u008,1,directed
u412,u069,3,directed
u143,u283,1,directed
u116,u276,3,directed
u007,u106,1,directed
u393,u069,1,directed
u076,u175,3,directed
u369,u320,1,directed
u006,u392,1,directed
u158,u387,1,directed
u288,u106,1,directed
u225,u185,1,directed
u094,u069,1,directed
u058,u081,3,directed
u161,u069,1,directed
u086,u090,3,directed
u290,u159,1,directed
u341,u018,3,directed
u366,u220,0.5,undirected
u109,u018,1,directed
u013,u135,0.5,undirected
u141,u081,1,directed
u380,u335,3,directed
u069,u212,1,directed
u396,u199,3,directed
u237,u356,1,directed
u380,u006,1,directed
u112,u396,1,directed
u250,u155,3,directed
u121,u358,0.5,undirected
u212,u069,0.5,undirected
u069,u089,1,directed
u352,u368,0.5,undirected
u169,u322,1,directed
u202,u225,1,directed
u153,u324,1,directed
u152,u317,1,directed
u323,u387,1,directed
u387,u394,0.5,undirected
u341,u082,0.5,undirected
u281,u158,1,directed
u387,u183,0.5,undirected
u251,u058,1,directed
u305,u359,0.5,undirected
u250,u171,1,directed
u142,u398,1,directed
u340,u148,0.5,undirected
u016,u233,3,directed
u076,u018,1,directed
u112,u237,1,directed
u235,u287,1,directed
u380,u181,1,directed
u158,u180,3,directed
u018,u026,0.5,undirected
u018,u372,1,directed
u158,u148,1,directed
u092,u319,0.5,undirected
u351,u158,1,directed
u081,u230,1,directed
u018,u111,1,directed
u046,u227,1,directed
u289,u225,1,directed
u252,u018,1,directed
u387,u319,3,directed
u255,u269,1,directed
u007,u030,1,directed
u227,u007,0.5,undirected
u101,u211,1,directed
u048,u158,0.5,undirected
u104,u082,1,directed
u251,u171,1,directed
u403,u111,3,directed
u145,u287,1,directed
u018,u279,1,directed
u018,u372,1,directed
u379,u018,1,directed
u312,u261,0.5,undirected
u032,u125,0.5,undirected
u158,u387,0.5,undirected
u121,u197,1,directed
u018,u090,1,directed
u386,u158,1,directed
u241,u293,3,directed
u393,u371,0.5,undirected
u392,u265,1,directed
u114,u051,1,directed
u282,u400,1,directed
u007,u046,3,directed
u380,u110,3,directed
u302,u160,1,directed
u201,u058,3,directed
u340,u380,1,directed
u216,u357,3,directed
u081,u152,0.5,undirected
u057,u121,1,directed
u259,u412,3,directed
u318,u333,1,directed
u333,u216,1,directed
u319,u082,1,directed
u234,u284,3,directed
u152,u179,1,directed
u348,u069,3,directed
u063,u251,1,directed
u036,u388,1,directed
u393,u236,3,directed
u158,u389,0.5,undirected
u271,u335,1,directed
u200,u018,1,directed
u341,u302,1,directed
u216,u119,1,directed
u036,u415,3,directed
u364,u167,3,directed
u145,u096,1,directed
u165,u132,1,directed
u289,u225,1,directed
u018,u231,1,directed
u212,u081,1,directed
u191,u212,3,directed
u225,u289,0.5,undirected
u225,u289,3,directed
u412,u315,1,directed
u250,u152,1,directed
u198,u242,1,directed
u170,u018,1,directed
u380,u173,3,directed
u325,u225,1,directed
u107,u018,1,directed
u008,u069,1,directed
u199,u018,1,directed
u418,u171,1,directed
u113,u016,1,directed
u377,u396,0.5,undirected
u111,u069,0.5,undirected
u255,u324,1,directed
u158,u386,1,directed
u293,u160,0.5,undirected
u007,u177,1,directed
u171,u253,1,directed
u201,u016,1,directed
u283,u380,0.5,undirected
u134,u212,1,directed
u152,u258,3,directed
u042,u007,1,directed
u081,u279,1,directed
u115,u207,0.5,undirected
u226,u342,0.5,undirected
u172,u225,0.5,undirected
u018,u184,1,directed
u157,u016,1,directed
u018,u355,1,directed
u373,u069,0.5,undirected
u121,u069,0.5,undirected
u355,u292,1,directed
u168,u007,1,directed
u255,u006,0.5,undirected
u018,u101,1,directed
u225,u350,3,directed
u225,u171,1,directed
u299,u018,1,directed
u264,u268,0.5,undirected
u031,u242,0.5,undirected
u410,u171,1,directed
u119,u399,1,directed
u176,u158,1,directed
u115,u207,1,directed
u305,u122,3,directed
u236,u219,0.5,undirected
u319,u225,1,directed
u111,u130,1,directed
u357,u163,1,directed
u200,u235,3,directed
u171,u016,1,directed
u160,u412,0.5,undirected
u241,u160,3,directed
u354,u352,0.5,undirected
u109,u404,1,directed
u158,u323,1,directed
u383,u203,1,directed
u134,u202,1,directed
u187,u324,1,directed
u341,u293,1,directed
u384,u119,1,directed
u313,u225,1,directed
u277,u239,3,directed
u175,u018,1,directed
u031,u090,1,directed
u410,u171,3,directed
u333,u199,1,directed
u048,u380,1,directed
u333,u216,1,directed
u258,u040,1,directed
u204,u387,1,directed
u375,u331,1,directed
u225,u112,1,directed
u141,u157,1,directed
u219,u280,1,directed
u018,u384,1,directed
u135,u029,0.5,undirected
u185,u293,1,directed
u286,u113,0.5,undirected
u236,u145,1,directed
u230,u265,1,directed
u384,u372,1,directed
u361,u225,1,directed
u057,u176,3,directed
u293,u415,3,directed
u360,u162,1,directed
u220,u169,1,directed
u105,u198,0.5,undirected
u100,u363,1,directed
u053,u234,1,directed
u221,u355,1,directed
u138,u280,1,directed
u069,u237,1,directed
u225,u341,1,directed
u096,u170,1,directed
u261,u245,1,directed
u069,u349,1,directed
u248,u253,1,directed
u069,u387,1,directed
u289,u225,1,directed
u046,u033,1,directed
u037,u360,3,directed
u234,u263,1,directed
u332,u274,0.5,undirected
u119,u313,0.5,undirected
u152,u022,3,directed
u151,u106,1,directed
u237,u121,3,directed
u064,u125,3,directed
u081,u141,3,directed
u240,u287,1,directed
u111,u069,1,directed
u173,u114,0.5,undirected
u209,u415,1,directed
u225,u325,3,directed
u159,u093,1,directed
u018,u324,1,directed
u141,u392,1,directed
u284,u244,1,directed
u348,u377,0.5,undirected
u015,u119,1,directed
u290,u158,1,directed
u293,u166,1,directed
u392,u126,3,directed
u161,u223,1,directed
u018,u276,1,directed
u070,u154,0.5,undirected
u081,u203,1,directed
u410,u265,1,directed
u292,u385,1,directed
u043,u058,0.5,undirected
u309,u233,0.5,undirected
u007,u250,3,directed
u270,u213,3,directed
u060,u148,0.5,undirected
u172,u225,3,directed
u292,u018,1,directed
u018,u099,1,directed
u369,u026,0.5,undirected
u072,u352,0.5,undirected
u302,u289,3,directed
u372,u361,1,directed
u014,u007,1,directed
u171,u016,0.5,undirected
u302,u341,1,directed
u349,u311,1,directed
u345,u278,1,directed
u003,u249,3,directed
u069,u356,3,directed
u305,u250,0.5,undirected
u321,u289,1,directed
u119,u391,3,directed
u158,u348,1,directed
u252,u124,1,directed
u249,u309,1,directed
u007,u097,0.5,undirected
u163,u288,3,directed
u321,u246,0.5,undirected
u348,u310,1,directed
u139,u040,1,directed
u171,u251,1,directed
u316,u413,1,directed
u141,u376,1,directed
u069,u111,1,directed
u158,u387,1,directed
u119,u288,1,directed
u158,u193,1,directed
u312,u235,1,directed
u069,u281,3,directed
u098,u175,1,directed
u042,u022,1,directed
u288,u007,1,directed
u305,u018,1,directed
u412,u351,1,directed
u158,u387,0.5,undirected
u103,u018,1,directed
u059,u251,1,directed
u376,u406,1,directed
u069,u355,1,directed
u160,u395,1,directed
u387,u143,3,directed
u293,u018,1,directed
u333,u106,3,directed
u204,u380,3,directed
u179,u108,3,directed
u158,u294,1,directed
u411,u081,1,directed
u377,u130,1,directed
u236,u011,1,directed
u393,u287,1,directed
u158,u293,1,directed
u090,u286,3,directed
u082,u225,1,directed
u394,u380,1,directed
u137,u352,1,directed
u185,u160,1,directed
u286,u112,0.5,undirected
u105,u234,0.5,undirected
u140,u279,0.5,undirected
u303,u158,1,directed
u146,u358,1,directed
u069,u208,3,directed
u392,u012,3,directed
u116,u018,1,directed
u067,u386,3,directed
u043,u081,0.5,undirected
u317,u225,3,directed
u407,u148,0.5,undirected
u158,u218,3,directed
u212,u385,1,directed
u042,u313,0.5,undirected
u382,u276,0.5,undirected
u340,u380,3,directed
u069,u213,1,directed
u073,u018,0.5,undirected
u158,u188,0.5,undirected
u080,u007,3,directed
u234,u018,3,directed
u115,u018,0.5,undirected
u158,u380,1,directed
u160,u069,1,directed
u121,u175,3,directed
u376,u207,1,directed
u016,u024,0.5,undirected
u184,u332,3,directed
u186,u016,1,directed
u234,u088,1,directed
u392,u038,3,directed
u399,u365,1,directed
u101,u287,1,directed
u164,u005,3,directed
u197,u069,1,directed
u151,u077,1,directed
u158,u068,1,directed
u380,u193,0.5,undirected
u115,u262,1,directed
u125,u039,1,directed
u310,u412,0.5,undirected
u158,u323,3,directed
u299,u076,1,directed
u083,u232,1,directed
u385,u018,1,directed
u402,u018,3,directed
u119,u266,1,directed
u376,u126,1,directed
u007,u040,1,directed
u225,u321,3,directed
u277,u081,0.5,undirected
u018,u242,0.5,undirected
u121,u293,1,directed
u380,u364,0.5,undirected
u046,u052,1,directed
u120,u413,1,directed
u198,u018,1,directed
u018,u332,1,directed
u046,u288,1,directed
u158,u380,3,directed
u098,u339,1,directed
u007,u232,3,directed
u069,u112,3,directed
u072,u111,3,directed
u208,u349,3,directed
u018,u090,0.5,undirected
u313,u222,1,directed
u335,u364,1,directed
u069,u378,1,directed
u158,u303,3,directed
u284,u316,3,directed
u115,u355,1,directed
u242,u018,1,directed
u279,u392,1,directed
u160,u225,1,directed
u153,u047,1,directed
u124,u100,3,directed
u067,u335,1,directed
u413,u245,1,directed
u172,u293,0.5,undirected
u319,u370,3,directed
u160,u225,3,directed
u320,u382,1,directed
u008,u065,1,directed
u216,u018,1,directed
u276,u018,1,directed
u121,u223,1,directed
u100,u093,1,directed
u158,u386,1,directed
u225,u160,1,directed
u353,u069,0.5,undirected
u380,u202,0.5,undirected
u251,u341,3,directed
u055,u100,3,directed
u341,u395,3,directed
u360,u302,3,directed
u344,u272,1,directed
u391,u067,1,directed
u319,u160,3,directed
u226,u242,1,directed
u158,u380,1,directed
u123,u018,1,directed
u101,u233,1,directed
u008,u158,1,directed
u379,u107,0.5,undirected
u089,u332,3,directed
u267,u177,1,directed
u160,u172,3,directed
u236,u101,0.5,undirected
u100,u018,3,directed
u402,u242,3,directed
u225,u341,1,directed
u160,u135,1,directed
u042,u345,1,directed
u380,u158,1,directed
u069,u144,1,directed
u136,u187,3,directed
u293,u225,0.5,undirected
u018,u402,1,directed
u018,u355,1,directed
u407,u117,3,directed
u225,u018,1,directed
u069,u050,3,directed
u136,u018,1,directed
u413,u236,1,directed
u051,u318,0.5,undirected
u255,u141,1,directed
u184,u404,0.5,undirected
u149,u189,3,directed
u324,u221,1,directed
u208,u069,0.5,undirected
u097,u081,3,directed
u332,u391,1,directed
u210,u014,3,directed
u081,u390,3,directed
u319,u090,0.5,undirected
u393,u306,1,directed
u242,u099,1,directed
u102,u123,1,directed
u168,u124,0.5,undirected
u160,u360,1,directed
u328,u233,1,directed
u158,u110,1,directed
u007,u354,1,directed
u289,u004,1,directed
u161,u197,1,directed
u307,u357,1,directed
u016,u190,0.5,undirected
u170,u169,1,directed
u105,u413,1,directed
u018,u225,1,directed
u225,u018,1,directed
u018,u225,1,directed
u225,u018,1,directed
u018,u225,1,directed
u225,u018,1,directed
u018,u225,1,directed
u225,u018,1,directed
u018,u225,1,directed
u225,u018,1,directed
u018,u225,1,directed
u225,u018,1,directed
u018,u225,1,directed
u225,u018,1,directed
u018,u225,1,directed
u225,u018,1,directed
u018,u225,1,directed
u225,u018,1,directed
u018,u225,1,directed
u225,u018,1,directed
u018,u225,1,directed
u225,u018,1,directed
u018,u225,1,directed
u225,u018,1,directed
u018,u225,1,directed
u225,u018,1,directed
u018,u225,1,directed
u225,u018,1,directed
u018,u225,1,directed
u225,u018,1,directed
u018,u225,1,directed
u225,u018,1,directed
u018,u225,1,directed
u225,u018,1,directed
u018,u225,1,directed
u225,u018,1,directed
u018,u225,1,directed
u225,u018,1,directed
u018,u225,1,directed
u225,u018,1,directed
u018,u225,1,directed
u225,u018,1,directed
u018,u225,1,directed
u225,u018,1,directed
u018,u225,1,directed
u225,u018,1,directed
u018,u225,1,directed
u225,u018,1,directed
u018,u225,1,directed
u225,u018,1,directed
u018,u225,1,directed
u225,u018,1,directed
u018,u225,1,directed
u225,u018,1,directed
u018,u225,1,directed
u225,u018,1,directed
u018,u225,1,directed
u225,u018,1,directed
u018,u225,1,directed
u225,u018,1,directed
u018,u225,1,directed
u225,u018,1,directed
u018,u225,1,directed
u225,u018,1,directed
u018,u225,1,directed
u225,u018,1,directed
u018,u225,1,directed
u225,u018,1,directed
u018,u225,1,directed
u225,u018,1,directed
u018,u225,1,directed
u225,u018,1,directed
u018,u225,1,directed
u225,u018,1,directed
u018,u225,1,directed
u225,u018,1,directed
u018,u225,1,directed
u225,u018,1,directed
u018,u225,1,directed
u225,u018,1,directed
u018,u225,1,directed
u225,u018,1,directed
u018,u225,1,directed
u225,u018,1,directed
u018,u225,1,directed
u225,u018,1,directed
u018,u225,1,directed
u225,u018,1,directed
u018,u225,1,directed
u225,u018,1,directed
u018,u225,1,directed
u225,u018,1,directed
u018,u225,1,directed
u225,u018,1,directed
u018,u225,1,directed
u225,u018,1,directed
u018,u225,1,directed
u225,u018,1,directed
u018,u225,1,directed
u225,u018,1,directed
u018,u225,1,directed
u225,u018,1,directed
u018,u225,1,directed
u225,u018,1,directed
u018,u225,1,directed
u225,u018,1,directed
u018,u225,1,directed
u225,u018,1,directed
u018,u225,1,directed
u225,u018,1,directed
u018,u225,1,directed
u225,u018,1,directed
u018,u225,1,directed
u225,u018,1,directed
u018,u225,1,directed
u225,u018,1,directed
u018,u225,1,directed
u225,u018,1,directed
u018,u225,1,directed
u225,u018,1,directed
u069,u158,1,directed
u158,u069,1,directed
u069,u158,1,directed
u158,u069,1,directed
u069,u158,1,directed
u158,u069,1,directed
u069,u158,1,directed
u158,u069,1,directed
u069,u158,1,directed
u158,u069,1,directed
u069,u158,1,directed
u158,u069,1,directed
u069,u158,1,directed
u158,u069,1,directed
u069,u158,1,directed
u158,u069,1,directed
u069,u158,1,directed
u158,u069,1,directed
u069,u158,1,directed
u158,u069,1,directed
u069,u158,1,directed
u158,u069,1,directed
u069,u158,1,directed
u158,u069,1,directed
u069,u158,1,directed
u158,u069,1,directed
u069,u158,1,directed
u158,u069,1,directed
u069,u158,1,directed
u158,u069,1,directed
u069,u158,1,directed
u158,u069,1,directed
u069,u158,1,directed
u158,u069,1,directed
u069,u158,1,directed
u158,u069,1,directed
u069,u158,1,directed
u158,u069,1,directed
u069,u158,1,directed
u158,u069,1,directed
u069,u158,1,directed
u158,u069,1,directed
u069,u158,1,directed
u158,u069,1,directed
u069,u158,1,directed
u158,u069,1,directed
u069,u158,1,directed
u158,u069,1,directed
u069,u158,1,directed
u158,u069,1,directed
u069,u158,1,directed
u158,u069,1,directed
u069,u158,1,directed
u158,u069,1,directed
u069,u158,1,directed
u158,u069,1,directed
u069,u158,1,directed
u158,u069,1,directed
u069,u158,1,directed
u158,u069,1,directed
u069,u158,1,directed
u158,u069,1,directed
u069,u158,1,directed
u158,u069,1,directed
u069,u158,1,directed
u158,u069,1,directed
u069,u158,1,directed
u158,u069,1,directed
u069,u158,1,directed
u158,u069,1,directed
u069,u158,1,directed
u158,u069,1,directed
u069,u158,1,directed
u158,u069,1,directed
u069,u158,1,directed
u158,u069,1,directed
u069,u158,1,directed
u158,u069,1,directed
u069,u158,1,directed
u158,u069,1,directed
u069,u158,1,directed
u158,u069,1,directed
u069,u158,1,directed
u158,u069,1,directed
u069,u158,1,directed
u158,u069,1,directed
u069,u158,1,directed
u158,u069,1,directed
u069,u158,1,directed
u158,u069,1,directed
u069,u158,1,directed
u158,u069,1,directed
u069,u158,1,directed
u158,u069,1,directed
u069,u158,1,directed
u158,u069,1,directed
u069,u158,1,directed
u158,u069,1,directed
u069,u158,1,directed
u158,u069,1,directed
u069,u158,1,directed
u158,u069,1,directed
u069,u158,1,directed
u158,u069,1,directed
u069,u158,1,directed
u158,u069,1,directed
u069,u158,1,directed
u158,u069,1,directed
u069,u158,1,directed
u158,u069,1,directed
u069,u158,1,directed
u158,u069,1,directed
u069,u158,1,directed
u158,u069,1,directed
u069,u158,1,directed
u158,u069,1,directed
u069,u158,1,directed
u158,u069,1,directed
u069,u158,1,directed
u158,u069,1,directed
u081,u380,1,directed
u380,u081,1,directed
u081,u380,1,directed
u380,u081,1,directed
u081,u380,1,directed
u380,u081,1,directed
u081,u380,1,directed
u380,u081,1,directed
u081,u380,1,directed
u380,u081,1,directed
u081,u380,1,directed
u380,u081,1,directed
u081,u380,1,directed
u380,u081,1,directed
u081,u380,1,directed
u380,u081,1,directed
u081,u380,1,directed
u380,u081,1,directed
u081,u380,1,directed
u380,u081,1,directed
u081,u380,1,directed
u380,u081,1,directed
u081,u380,1,directed
u380,u081,1,directed
u081,u380,1,directed
u380,u081,1,directed
u081,u380,1,directed
u380,u081,1,directed
u081,u380,1,directed
u380,u081,1,directed
u081,u380,1,directed
u380,u081,1,directed
u081,u380,1,directed
u380,u081,1,directed
u081,u380,1,directed
u380,u081,1,directed
u081,u380,1,directed
u380,u081,1,directed
u081,u380,1,directed
u380,u081,1,directed
u081,u380,1,directed
u380,u081,1,directed
u081,u380,1,directed
u380,u081,1,directed
u081,u380,1,directed
u380,u081,1,directed
u081,u380,1,directed
u380,u081,1,directed
u081,u380,1,directed
u380,u081,1,directed
u081,u380,1,directed
u380,u081,1,directed
u081,u380,1,directed
u380,u081,1,directed
u081,u380,1,directed
u380,u081,1,directed
u081,u380,1,directed
u380,u081,1,directed
u081,u380,1,directed
u380,u081,1,directed
u081,u380,1,directed
u380,u081,1,directed
u081,u380,1,directed
u380,u081,1,directed
u081,u380,1,directed
u380,u081,1,directed
u081,u380,1,directed
u380,u081,1,directed
u081,u380,1,directed
u380,u081,1,directed
u081,u380,1,directed
u380,u081,1,directed
u081,u380,1,directed
u380,u081,1,directed
u081,u380,1,directed
u380,u081,1,directed
u081,u380,1,directed
u380,u081,1,directed
u081,u380,1,directed
u380,u081,1,directed
u081,u380,1,directed
u380,u081,1,directed
u081,u380,1,directed
u380,u081,1,directed
u081,u380,1,directed
u380,u081,1,directed
u081,u380,1,directed
u380,u081,1,directed
u081,u380,1,directed
u380,u081,1,directed
u081,u380,1,directed
u380,u081,1,directed
u081,u380,1,directed
u380,u081,1,directed
u081,u380,1,directed
u380,u081,1,directed
u081,u380,1,directed
u380,u081,1,directed
u081,u380,1,directed
u380,u081,1,directed
u081,u380,1,directed
u380,u081,1,directed
u081,u380,1,directed
u380,u081,1,directed
u081,u380,1,directed
u380,u081,1,directed
u081,u380,1,directed
u380,u081,1,directed
u081,u380,1,directed
u380,u081,1,directed
u081,u380,1,directed
u380,u081,1,directed
u081,u380,1,directed
u380,u081,1,directed
u081,u380,1,directed
u380,u081,1,directed
u081,u380,1,directed
u380,u081,1,directed
u081,u380,1,directed
u380,u081,1,directed
u007,u171,1,directed
u171,u007,1,directed
u007,u171,1,directed
u171,u007,1,directed
u007,u171,1,directed
u171,u007,1,directed
u007,u171,1,directed
u171,u007,1,directed
u007,u171,1,directed
u171,u007,1,directed
u007,u171,1,directed
u171,u007,1,directed
u007,u171,1,directed
u171,u007,1,directed
u007,u171,1,directed
u171,u007,1,directed
u007,u171,1,directed
u171,u007,1,directed
u007,u171,1,directed
u171,u007,1,directed
u007,u171,1,directed
u171,u007,1,directed
u007,u171,1,directed
u171,u007,1,directed
u007,u171,1,directed
u171,u007,1,directed
u007,u171,1,directed
u171,u007,1,directed
u007,u171,1,directed
u171,u007,1,directed
u007,u171,1,directed
u171,u007,1,directed
u007,u171,1,directed
u171,u007,1,directed
u007,u171,1,directed
u171,u007,1,directed
u007,u171,1,directed
u171,u007,1,directed
u007,u171,1,directed
u171,u007,1,directed
u007,u171,1,directed
u171,u007,1,directed
u007,u171,1,directed
u171,u007,1,directed
u007,u171,1,directed
u171,u007,1,directed
u007,u171,1,directed
u171,u007,1,directed
u007,u171,1,directed
u171,u007,1,directed
u007,u171,1,directed
u171,u007,1,directed
u007,u171,1,directed
u171,u007,1,directed
u007,u171,1,directed
u171,u007,1,directed
u007,u171,1,directed
u171,u007,1,directed
u007,u171,1,directed
u171,u007,1,directed
u007,u171,1,directed
u171,u007,1,directed
u007,u171,1,directed
u171,u007,1,directed
u007,u171,1,directed
u171,u007,1,directed
u007,u171,1,directed
u171,u007,1,directed
u007,u171,1,directed
u171,u007,1,directed
u007,u171,1,directed
u171,u007,1,directed
u007,u171,1,directed
u171,u007,1,directed
u007,u171,1,directed
u171,u007,1,directed
u007,u171,1,directed
u171,u007,1,directed
u007,u171,1,directed
u171,u007,1,directed
u007,u171,1,directed
u171,u007,1,directed
u007,u171,1,directed
u171,u007,1,directed
u007,u171,1,directed
u171,u007,1,directed
u007,u171,1,directed
u171,u007,1,directed
u007,u171,1,directed
u171,u007,1,directed
u007,u171,1,directed
u171,u007,1,directed
u007,u171,1,directed
u171,u007,1,directed
u007,u171,1,directed
u171,u007,1,directed
u007,u171,1,directed
u171,u007,1,directed
u007,u171,1,directed
u171,u007,1,directed
u007,u171,1,directed
u171,u007,1,directed
u007,u171,1,directed
u171,u007,1,directed
u007,u171,1,directed
u171,u007,1,directed
u007,u171,1,directed
u171,u007,1,directed
u007,u171,1,directed
u171,u007,1,directed
u007,u171,1,directed
u171,u007,1,directed
u007,u171,1,directed
u171,u007,1,directed
u007,u171,1,directed
u171,u007,1,directed
u007,u171,1,directed
u171,u007,1,directed
u007,u171,1,directed
u171,u007,1,directed
u333,u141,1,directed
u141,u333,1,directed
u333,u141,1,directed
u141,u333,1,directed
u333,u141,1,directed
u141,u333,1,directed
u333,u141,1,directed
u141,u333,1,directed
u333,u141,1,directed
u141,u333,1,directed
u333,u141,1,directed
u141,u333,1,directed
u333,u141,1,directed
u141,u333,1,directed
u333,u141,1,directed
u141,u333,1,directed
u333,u141,1,directed
u141,u333,1,directed
u333,u141,1,directed
u141,u333,1,directed
u333,u141,1,directed
u141,u333,1,directed
u333,u141,1,directed
u141,u333,1,directed
u333,u141,1,directed
u141,u333,1,directed
u333,u141,1,directed
u141,u333,1,directed
u333,u141,1,directed
u141,u333,1,directed
u333,u141,1,directed
u141,u333,1,directed
u333,u141,1,directed
u141,u333,1,directed
u333,u141,1,directed
u141,u333,1,directed
u333,u141,1,directed
u141,u333,1,directed
u333,u141,1,directed
u141,u333,1,directed
u333,u141,1,directed
u141,u333,1,directed
u333,u141,1,directed
u141,u333,1,directed
u333,u141,1,directed
u141,u333,1,directed
u333,u141,1,directed
u141,u333,1,directed
u333,u141,1,directed
u141,u333,1,directed
u333,u141,1,directed
u141,u333,1,directed
u333,u141,1,directed
u141,u333,1,directed
u333,u141,1,directed
u141,u333,1,directed
u333,u141,1,directed
u141,u333,1,directed
u333,u141,1,directed
u141,u333,1,directed
u333,u141,1,directed
u141,u333,1,directed
u333,u141,1,directed
u141,u333,1,directed
u333,u141,1,directed
u141,u333,1,directed
u333,u141,1,directed
u141,u333,1,directed
u333,u141,1,directed
u141,u333,1,directed
u333,u141,1,directed
u141,u333,1,directed
u333,u141,1,directed
u141,u333,1,directed
u333,u141,1,directed
u141,u333,1,directed
u333,u141,1,directed
u141,u333,1,directed
u333,u141,1,directed
u141,u333,1,directed
u333,u141,1,directed
u141,u333,1,directed
u333,u141,1,directed
u141,u333,1,directed
u333,u141,1,directed
u141,u333,1,directed
u333,u141,1,directed
u141,u333,1,directed
u333,u141,1,directed
u141,u333,1,directed
u333,u141,1,directed
u141,u333,1,directed
u333,u141,1,directed
u141,u333,1,directed
u333,u141,1,directed
u141,u333,1,directed
u333,u141,1,directed
u141,u333,1,directed
u333,u141,1,directed
u141,u333,1,directed
u333,u141,1,directed
u141,u333,1,directed
u333,u141,1,directed
u141,u333,1,directed
u333,u141,1,directed
u141,u333,1,directed
u333,u141,1,directed
u141,u333,1,directed
u333,u141,1,directed
u141,u333,1,directed
u333,u141,1,directed
u141,u333,1,directed
u333,u141,1,directed
u141,u333,1,directed
u333,u141,1,directed
u141,u333,1,directed
u333,u141,1,directed
u141,u333,1,directed
u333,u141,1,directed
u141,u333,1,directed
u160,u016,1,directed
u016,u160,1,directed
u160,u016,1,directed
u016,u160,1,directed
u160,u016,1,directed
u016,u160,1,directed
u160,u016,1,directed
u016,u160,1,directed
u160,u016,1,directed
u016,u160,1,directed
u160,u016,1,directed
u016,u160,1,directed
u160,u016,1,directed
u016,u160,1,directed
u160,u016,1,directed
u016,u160,1,directed
u160,u016,1,directed
u016,u160,1,directed
u160,u016,1,directed
u016,u160,1,directed
u160,u016,1,directed
u016,u160,1,directed
u160,u016,1,directed
u016,u160,1,directed
u160,u016,1,directed
u016,u160,1,directed
u160,u016,1,directed
u016,u160,1,directed
u160,u016,1,directed
u016,u160,1,directed
u160,u016,1,directed
u016,u160,1,directed
u160,u016,1,directed
u016,u160,1,directed
u160,u016,1,directed
u016,u160,1,directed
u160,u016,1,directed
u016,u160,1,directed
u160,u016,1,directed
u016,u160,1,directed
u160,u016,1,directed
u016,u160,1,directed
u160,u016,1,directed
u016,u160,1,directed
u160,u016,1,directed
u016,u160,1,directed
u160,u016,1,directed
u016,u160,1,directed
u160,u016,1,directed
u016,u160,1,directed
u160,u016,1,directed
u016,u160,1,directed
u160,u016,1,directed
u016,u160,1,directed
u160,u016,1,directed
u016,u160,1,directed
u160,u016,1,directed
u016,u160,1,directed
u160,u016,1,directed
u016,u160,1,directed
u160,u016,1,directed
u016,u160,1,directed
u160,u016,1,directed
u016,u160,1,directed
u160,u016,1,directed
u016,u160,1,directed
u160,u016,1,directed
u016,u160,1,directed
u160,u016,1,directed
u016,u160,1,directed
u160,u016,1,directed
u016,u160,1,directed
u160,u016,1,directed
u016,u160,1,directed
u160,u016,1,directed
u016,u160,1,directed
u160,u016,1,directed
u016,u160,1,directed
u160,u016,1,directed
u016,u160,1,directed
u160,u016,1,directed
u016,u160,1,directed
u160,u016,1,directed
u016,u160,1,directed
u160,u016,1,directed
u016,u160,1,directed
u160,u016,1,directed
u016,u160,1,directed
u160,u016,1,directed
u016,u160,1,directed
u160,u016,1,directed
u016,u160,1,directed
u160,u016,1,directed
u016,u160,1,directed
u160,u016,1,directed
u016,u160,1,directed
u160,u016,1,directed
u016,u160,1,directed
u160,u016,1,directed
u016,u160,1,directed
u160,u016,1,directed
u016,u160,1,directed
u160,u016,1,directed
u016,u160,1,directed
u160,u016,1,directed
u016,u160,1,directed
u160,u016,1,directed
u016,u160,1,directed
u160,u016,1,directed
u016,u160,1,directed
u160,u016,1,directed
u016,u160,1,directed
u160,u016,1,directed
u016,u160,1,directed
u160,u016,1,directed
u016,u160,1,directed
u160,u016,1,directed
u016,u160,1,directed
u160,u016,1,directed
u016,u160,1,directed
